order_id,order_date,customer_name,customer_email,customer_phone,state,platform,category,product_name,unit_price,quantity,discount_pct,total_amount,payment_method,customer_age,customer_gender,customer_segment,rating,delivery_days,returned,customer_phone_clean,total_recalc,order_year,order_month,order_monthname,order_quarter,age_group,is_high_value,discount_tier
ORD-100000,2023-01-01,Customer_15,customer0@example.com,0000000000,Rivers,Konga,Sports,Yoga Mat Non-Slip,91292.33,4,15,310393.92,Pos,64.0,Female,Premium,3.0,11.0,False,INVALID,310393.922,2023,1,January,Q1,56-65,True,15-19%
ORD-100001,2023-02-01,Customer_28,customer1@example.com,8076317456.0,Imo,Jiji,Books,Acca F3 Textbook,2311.49,5,5,10979.58,Ussd,41.5,Male,Premium,3.0,1.0,False,INVALID,10979.577499999998,2023,2,February,Q1,36-45,False,0-9%
ORD-100002,2023-01-01,Customer_4,customer2@example.com,8073801590.0,Kaduna,Jiji,Furniture,Glass Centre Table,279828.64,1,0,279828.64,Card,49.0,Female,New,3.0,2.0,False,INVALID,279828.64,2023,1,January,Q1,46-55,True,No Discount
ORD-100003,2023-04-01,Customer_36,customer3@example.com,8094850555.0,Imo,Jumia,Sports,Nigeria Football Jersey,47322.12,2,10,85179.82,Ussd,21.0,Female,Vip,4.0,7.0,False,INVALID,85179.816,2023,4,April,Q2,18-25,True,10-14%
ORD-100004,2023-05-01,Customer_65,customer4@example.com,8041394931.0,Abuja,Jiji,Groceries,Titus Sardine 50Pcs,3927.5,4,5,14924.5,Pay On Delivery,61.0,Male,Regular,1.0,1.0,False,INVALID,14924.5,2023,5,May,Q2,56-65,False,0-9%
ORD-100005,2023-07-01,Customer_98,customer5@example.com,8091040005.0,Delta,Whatsapp Commerce,Beauty,Nivea Fair & Lovely,15415.78,4,20,64540.42,Bank Transfer,21.0,Female,Regular,4.0,1.0,False,INVALID,49330.49600000001,2023,7,July,Q3,18-25,False,20%+
ORD-100006,2023-08-01,Unknown Customer,customer6@example.com,8004880707.0,Delta,Konga,Furniture,Wardrobe 4-Door,263586.97,1,15,224048.92,Pos,49.0,Female,Vip,5.0,1.0,False,INVALID,224048.92449999996,2023,8,August,Q3,46-55,True,15-19%
ORD-100007,2023-09-01,Customer_81,customer7@example.com,8075808099.0,Kaduna,Flutterwave Store,Furniture,L-Shape Office Sofa,281433.8,5,10,1266452.1,Pos,16.0,Female,Vip,2.0,8.0,True,INVALID,1266452.1,2023,9,September,Q3,Under 18,True,10-14%
ORD-100008,2023-10-01,Customer_39,customer8@example.com,8021187030.0,Delta,Flutterwave Store,Sports,Treadmill Manual,59903.83,3,0,179711.49,Pay On Delivery,25.0,Female,Regular,1.0,4.0,False,INVALID,179711.49,2023,10,October,Q4,18-25,True,No Discount
ORD-100009,2023-11-01,Customer_38,customer9@example.com,8012813014.0,Lagos,Jiji,Fashion,Ankara Midi Dress,19880.6,3,15,50695.53,Pay On Delivery,36.0,Female,Vip,3.0,4.0,True,INVALID,50695.52999999999,2023,11,November,Q4,36-45,False,15-19%
ORD-100010,2023-01-01,Customer_44,notanemail,714046464.0,Abuja,Konga,Groceries,Indomie Noodles Carton,6289.11,4,0,25156.44,Pay On Delivery,20.0,Male,New,5.0,13.0,True,INVALID,25156.44,2023,1,January,Q1,18-25,False,No Discount
ORD-100011,2023-01-01,Customer_51,customer11@example.com,8050825998.0,Delta,Whatsapp Commerce,Sports,Nigeria Football Jersey,4427.76,3,5,12619.12,Card,17.0,Female,Vip,2.0,2.0,False,INVALID,12619.116,2023,1,January,Q1,Under 18,False,0-9%
ORD-100012,2023-01-01,Customer_97,customer12@example.com,8049633683.0,Oyo,Flutterwave Store,Groceries,Golden Penny Rice 25Kg,4988.32,1,20,3990.66,Bank Transfer,37.0,Male,New,4.0,11.0,True,INVALID,3990.656,2023,1,January,Q1,36-45,False,20%+
ORD-100013,2023-01-01,Customer_85,customer13@example.com,8056028554.0,Lagos,Whatsapp Commerce,Groceries,Golden Penny Rice 25Kg,4741.31,4,0,18965.24,Card,63.0,Female,New,2.0,11.0,False,INVALID,18965.24,2023,1,January,Q1,56-65,False,No Discount
ORD-100014,2023-01-01,Customer_26,customer14@example.com,8002349832.0,Abuja,Whatsapp Commerce,Beauty,Maybelline Mascara,18131.53,4,20,58020.9,Pay On Delivery,17.0,Male,Vip,5.0,11.0,False,INVALID,58020.896,2023,1,January,Q1,Under 18,False,20%+
ORD-100015,2023-01-01,Customer_36,customer15@example.com,8095697034.0,Delta,Flutterwave Store,Furniture,L-Shape Office Sofa,309538.95,2,0,619077.9,Bank Transfer,25.0,Male,Premium,5.0,1.0,False,INVALID,619077.9,2023,1,January,Q1,18-25,True,No Discount
ORD-100016,2023-01-01,Customer_69,customer16@example.com,8075481979.0,Delta,Flutterwave Store,Books,Nigerian Law Reports,10129.43,3,10,27349.46,Pay On Delivery,49.0,Male,Premium,2.0,12.0,False,INVALID,27349.461000000003,2023,1,January,Q1,46-55,False,10-14%
ORD-100017,2023-01-01,Customer_97,customer17@example.com,8067232682.0,Rivers,Jiji,Beauty,Neutrogena Body Lotion,24009.61,5,0,120048.05,Bank Transfer,31.0,Female,New,4.0,10.0,True,INVALID,120048.05,2023,1,January,Q1,26-35,True,No Discount
ORD-100018,2023-01-01,Customer_1,notanemail,8051611100.0,Lagos,Konga,Beauty,Mac Foundation,9089.09,4,0,36356.36,Pos,63.0,Male,Vip,2.0,9.0,True,INVALID,36356.36,2023,1,January,Q1,56-65,False,No Discount
ORD-100019,2023-01-01,Customer_53,customer19@example.com,8020950810.0,Oyo,Jumia,Groceries,Titus Sardine 50Pcs,2205.13,5,0,11025.65,Card,54.0,Female,New,5.0,7.0,False,INVALID,11025.650000000001,2023,1,January,Q1,46-55,False,No Discount
ORD-100020,2023-01-01,Customer_6,customer20@example.com,8054332976.0,Rivers,Konga,Phones & Tablets,Infinix Hot 40 Pro,359051.6,1,0,359051.6,Pay On Delivery,37.0,Female,Vip,5.0,4.0,False,INVALID,359051.6,2023,1,January,Q1,36-45,True,No Discount
ORD-100021,2023-01-01,Customer_37,customer21@example.com,8069360424.0,Enugu,Jumia,Furniture,L-Shape Office Sofa,161766.57,2,0,323533.14,Pay On Delivery,27.0,Male,Vip,3.0,12.0,False,INVALID,323533.14,2023,1,January,Q1,26-35,True,No Discount
ORD-100022,2023-01-01,Customer_2,customer22@example.com,8032097439.0,Kano,Flutterwave Store,Fashion,Men Agbada Set,28635.39,1,15,24340.08,Ussd,39.0,Male,Regular,3.0,6.0,False,INVALID,24340.0815,2023,1,January,Q1,36-45,False,15-19%
ORD-100023,2023-01-01,Customer_69,customer23@example.com,8024302997.0,Imo,Whatsapp Commerce,Beauty,Neutrogena Body Lotion,22866.83,5,0,114334.15,Pos,62.0,Female,Premium,1.0,2.0,True,INVALID,114334.15000000001,2023,1,January,Q1,56-65,True,No Discount
ORD-100024,2023-01-01,Customer_90,customer24@example.com,0000000000,Lagos,Konga,Books,Jamb Cbt Practice Book,2702.45,4,0,64540.42,Pay On Delivery,55.0,Female,Premium,5.0,7.0,False,INVALID,10809.8,2023,1,January,Q1,46-55,False,No Discount
ORD-100025,2023-01-01,Customer_41,customer25@example.com,8003993010.0,Imo,Whatsapp Commerce,Phones & Tablets,Infinix Hot 40 Pro,112107.87,1,10,100897.08,Card,53.0,Female,Regular,3.0,2.0,False,INVALID,100897.083,2023,1,January,Q1,46-55,True,10-14%
ORD-100026,2023-01-02,Unknown Customer,no-email@placeholder.ng,817334806.0,Oyo,Konga,Phones & Tablets,Xiaomi Redmi Note 13,230851.88,2,20,369363.01,Pos,25.0,Male,Regular,2.0,10.0,False,INVALID,369363.00800000003,2023,1,January,Q1,18-25,True,20%+
ORD-100027,2023-02-02,Customer_47,customer27@example.com,8092578620.0,Delta,Konga,Fashion,Female Gele Headtie,33359.06,1,20,26687.25,Pay On Delivery,50.0,Female,Regular,4.0,8.0,False,INVALID,26687.248,2023,2,February,Q1,46-55,False,20%+
ORD-100028,2023-04-02,Customer_13,customer28@example.com,8020508050.0,Oyo,Whatsapp Commerce,Beauty,Neutrogena Body Lotion,15149.7,1,0,15149.7,Card,64.0,Female,New,2.0,8.0,False,INVALID,15149.7,2023,4,April,Q2,56-65,False,No Discount
ORD-100029,2023-05-02,Customer_76,customer29@example.com,8056004580.0,Anambra,Jiji,Books,Nigerian Law Reports,2303.9,2,20,3686.24,Ussd,47.0,Female,New,4.0,1.0,False,INVALID,3686.2400000000002,2023,5,May,Q2,46-55,False,20%+
ORD-100030,2023-06-02,Customer_69,customer30@example.com,8079821310.0,Oyo,Flutterwave Store,Furniture,Computer Work Desk,461406.5,1,0,461406.5,Ussd,41.5,Female,New,3.0,13.0,False,INVALID,461406.5,2023,6,June,Q2,36-45,True,No Discount
ORD-100031,2023-07-02,Unknown Customer,customer31@example.com,8001074726.0,Abuja,Jiji,Electronics,Scanfrost Refrigerator,279678.35,2,0,559356.7,Card,36.0,Female,New,1.0,8.0,False,INVALID,559356.7,2023,7,July,Q3,36-45,True,No Discount
ORD-100032,2023-08-02,Customer_59,customer32@example.com,8061746040.0,Abuja,Jiji,Books,Ican Study Pack,1448.64,3,0,4345.92,Pos,35.0,Female,New,2.0,2.0,False,INVALID,4345.92,2023,8,August,Q3,26-35,False,No Discount
ORD-100033,2023-10-02,Customer_68,customer33@example.com,8031408451.0,Imo,Konga,Fashion,Men Senator Native,30183.11,3,10,81494.4,Card,41.0,Female,Premium,2.0,6.0,False,INVALID,81494.397,2023,10,October,Q4,36-45,True,10-14%
ORD-100034,2023-11-02,Customer_59,customer34@example.com,8003659007.0,Anambra,Flutterwave Store,Phones & Tablets,Tecno Spark 20 Pro,625003.7,5,0,3125018.5,Card,19.0,Female,Premium,2.0,13.0,True,INVALID,3125018.5,2023,11,November,Q4,18-25,True,No Discount
ORD-100035,2023-12-02,Customer_91,missing@,8067961390.0,Oyo,Konga,Furniture,Glass Centre Table,202856.8,1,5,192713.96,Ussd,61.0,Female,Vip,4.0,1.0,False,INVALID,192713.96,2023,12,December,Q4,56-65,True,0-9%
ORD-100036,2023-01-01,Customer_10,customer36@example.com,8022989271.0,Enugu,Jumia,Books,Nigerian Law Reports,1944.35,2,15,3305.4,Ussd,37.0,Female,Premium,3.0,5.0,False,INVALID,3305.395,2023,1,January,Q1,36-45,False,15-19%
ORD-100037,2023-01-01,Customer_13,customer37@example.com,8001781642.0,Imo,Konga,Electronics,Samsung Smart Tv,40902.56,2,15,69534.35,Ussd,30.0,Female,Regular,2.0,11.0,False,INVALID,69534.352,2023,1,January,Q1,26-35,True,15-19%
ORD-100038,2023-01-01,Unknown Customer,customer38@example.com,0000000000,Rivers,Whatsapp Commerce,Electronics,Scanfrost Refrigerator,49922.73,3,0,149768.19,Pay On Delivery,55.0,Female,Premium,2.0,7.0,False,INVALID,149768.19,2023,1,January,Q1,46-55,True,No Discount
ORD-100039,2023-01-01,Customer_90,customer39@example.com,8001239895.0,Abuja,Konga,Groceries,Honeywell Flour 10Kg,6803.3,5,20,27213.2,Pay On Delivery,41.5,Male,Regular,1.0,13.0,False,INVALID,27213.2,2023,1,January,Q1,36-45,False,20%+
ORD-100040,2023-01-01,Customer_15,customer40@example.com,8053326219.0,Delta,Jumia,Groceries,Titus Sardine 50Pcs,7330.15,5,5,34818.21,Bank Transfer,30.0,Female,Premium,1.0,10.0,False,INVALID,34818.2125,2023,1,January,Q1,26-35,False,0-9%
ORD-100041,2023-01-01,Customer_46,customer41@example.com,8070480359.0,Rivers,Konga,Sports,Adidas Running Sneakers,17368.86,5,0,86844.3,Pay On Delivery,41.5,Female,New,3.0,1.0,False,INVALID,86844.3,2023,1,January,Q1,36-45,True,No Discount
ORD-100042,2023-01-01,Customer_57,customer42@example.com,8046067785.0,Anambra,Jumia,Fashion,Men Senator Native,12526.01,2,5,23799.42,Pos,43.0,Female,Premium,3.0,2.0,False,INVALID,23799.418999999998,2023,1,January,Q1,36-45,False,0-9%
ORD-100043,2023-01-01,Customer_10,customer43@example.com,8023370933.0,Imo,Flutterwave Store,Beauty,Maybelline Mascara,4805.6,1,5,4565.32,Pos,29.0,Female,Vip,5.0,7.0,False,INVALID,4565.32,2023,1,January,Q1,26-35,False,0-9%
ORD-100044,2023-01-01,Customer_22,customer44@example.com,8045888087.0,Delta,Konga,Books,Acca F3 Textbook,3212.27,2,20,5139.63,Ussd,42.0,Female,New,1.0,6.0,False,INVALID,5139.6320000000005,2023,1,January,Q1,36-45,False,20%+
ORD-100045,2023-01-01,Customer_89,customer45@example.com,897763876.0,Imo,Jumia,Books,Jamb Cbt Practice Book,10244.9,4,0,40979.6,Card,56.0,Male,New,5.0,3.0,False,INVALID,40979.6,2023,1,January,Q1,56-65,False,No Discount
ORD-100046,2023-01-01,Customer_79,customer46@example.com,8057298946.0,Delta,Flutterwave Store,Beauty,Nivea Fair & Lovely,8837.94,4,10,31816.58,Ussd,55.0,Female,Vip,4.0,10.0,False,INVALID,31816.584000000003,2023,1,January,Q1,46-55,False,10-14%
ORD-100047,2023-01-01,Customer_77,customer47@example.com,8011401865.0,Oyo,Whatsapp Commerce,Sports,Yoga Mat Non-Slip,39438.98,1,20,31551.18,Card,43.0,Male,Premium,5.0,2.0,False,INVALID,31551.184000000005,2023,1,January,Q1,36-45,False,20%+
ORD-100048,2023-01-01,Customer_8,customer48@example.com,8048553048.0,Delta,Jiji,Phones & Tablets,Iphone 15 128Gb,208957.65,3,5,595529.3,Ussd,41.0,Female,Premium,2.0,10.0,False,INVALID,595529.3024999999,2023,1,January,Q1,36-45,True,0-9%
ORD-100049,2023-01-03,Customer_21,customer49@example.com,8048220851.0,Lagos,Jumia,Phones & Tablets,Infinix Hot 40 Pro,500039.21,1,5,475037.25,Ussd,64.0,Male,Vip,5.0,4.0,False,INVALID,475037.2495,2023,1,January,Q1,56-65,True,0-9%
ORD-100050,2023-01-01,Customer_85,customer50@example.com,8081163071.0,Oyo,Whatsapp Commerce,Sports,Yoga Mat Non-Slip,47378.77,2,10,85281.79,Pos,17.0,Male,New,3.0,3.0,False,INVALID,85281.786,2023,1,January,Q1,Under 18,True,10-14%
ORD-100051,2023-04-03,Customer_22,customer51@example.com,8026616598.0,Delta,Flutterwave Store,Phones & Tablets,Tecno Spark 20 Pro,604350.98,4,5,2296533.72,Card,40.0,Female,Vip,4.0,7.0,False,INVALID,2296533.724,2023,4,April,Q2,36-45,True,0-9%
ORD-100052,2023-05-03,Customer_97,customer52@example.com,848020375.0,Enugu,Whatsapp Commerce,Groceries,Golden Penny Rice 25Kg,2041.85,1,5,1939.76,Bank Transfer,18.0,Male,Regular,2.0,8.0,False,INVALID,1939.7575,2023,5,May,Q2,18-25,False,0-9%
ORD-100053,2023-06-03,Customer_45,customer53@example.com,8017145700.0,Rivers,Konga,Books,Nigerian Law Reports,9708.13,1,5,9222.72,Bank Transfer,23.0,Male,Regular,5.0,2.0,False,INVALID,9222.723499999998,2023,6,June,Q2,18-25,False,0-9%
ORD-100054,2023-07-03,Customer_91,customer54@example.com,8086674408.0,Oyo,Jiji,Sports,Nigeria Football Jersey,73635.42,3,15,187770.32,Ussd,59.0,Female,Premium,4.0,10.0,False,INVALID,187770.321,2023,7,July,Q3,56-65,True,15-19%
ORD-100055,2023-09-03,Customer_40,customer55@example.com,8024194717.0,Rivers,Jumia,Books,Jamb Cbt Practice Book,2434.09,2,20,3894.54,Ussd,48.0,Male,New,4.0,7.0,True,INVALID,3894.5440000000003,2023,9,September,Q3,46-55,False,20%+
ORD-100056,2023-10-03,Customer_22,customer56@example.com,8090406722.0,Kaduna,Flutterwave Store,Beauty,Mac Foundation,10831.01,2,0,21662.02,Pos,57.0,Male,Regular,2.0,8.0,False,INVALID,21662.02,2023,10,October,Q4,56-65,False,No Discount
ORD-100057,2023-11-03,Customer_30,customer57@example.com,815169501.0,Imo,Jiji,Electronics,Lg Air Conditioner,304278.58,2,20,486845.73,Card,41.5,Male,Vip,5.0,6.0,False,INVALID,486845.72800000006,2023,11,November,Q4,36-45,True,20%+
ORD-100058,2023-12-03,Customer_62,customer58@example.com,8082230829.0,Delta,Flutterwave Store,Groceries,Golden Penny Rice 25Kg,7422.2,1,10,6679.98,Ussd,21.0,Female,Premium,4.0,6.0,False,INVALID,6679.98,2023,12,December,Q4,18-25,False,10-14%
ORD-100059,2023-01-01,Customer_73,customer59@example.com,8030446736.0,Rivers,Whatsapp Commerce,Furniture,Glass Centre Table,246207.56,1,5,233897.18,Bank Transfer,41.5,Female,Premium,4.0,10.0,True,INVALID,233897.182,2023,1,January,Q1,36-45,True,0-9%
ORD-100060,2023-01-01,Customer_45,customer60@example.com,8053284659.0,Delta,Flutterwave Store,Groceries,Golden Penny Rice 25Kg,4106.28,4,20,13140.1,Card,38.0,Female,New,1.0,1.0,False,INVALID,13140.096,2023,1,January,Q1,36-45,False,20%+
ORD-100061,2023-01-01,Customer_35,customer61@example.com,8059121207.0,Rivers,Flutterwave Store,Sports,Adidas Running Sneakers,110459.2,2,15,187780.64,Ussd,40.0,Female,Regular,4.0,4.0,False,INVALID,187780.63999999998,2023,1,January,Q1,36-45,True,15-19%
ORD-100062,2023-01-01,Customer_82,customer62@example.com,8075606275.0,Enugu,Whatsapp Commerce,Furniture,Computer Work Desk,303857.41,2,10,546943.34,Card,58.0,Male,Premium,1.0,1.0,False,INVALID,546943.338,2023,1,January,Q1,56-65,True,10-14%
ORD-100063,2023-01-01,Customer_42,customer63@example.com,8089154492.0,Kano,Whatsapp Commerce,Electronics,Scanfrost Refrigerator,26003.63,1,0,26003.63,Pos,34.0,Female,Vip,5.0,4.0,True,INVALID,26003.63,2023,1,January,Q1,26-35,False,No Discount
ORD-100064,2023-01-01,Customer_5,customer64@example.com,8047972181.0,Enugu,Jiji,Sports,Nigeria Football Jersey,109791.69,2,20,175666.7,Bank Transfer,20.0,Male,Regular,5.0,2.0,False,INVALID,175666.70400000003,2023,1,January,Q1,18-25,True,20%+
ORD-100065,2023-01-01,Customer_27,customer65@example.com,8019038838.0,Abuja,Jumia,Fashion,Men Agbada Set,13049.62,3,0,39148.86,Card,26.0,Female,Premium,5.0,11.0,False,INVALID,39148.86,2023,1,January,Q1,26-35,False,No Discount
ORD-100066,2023-01-01,Customer_70,customer66@example.com,8095815137.0,Delta,Whatsapp Commerce,Books,Waec Past Questions,7438.43,5,5,35332.54,Bank Transfer,27.0,Female,Premium,3.0,13.0,False,INVALID,35332.5425,2023,1,January,Q1,26-35,False,0-9%
ORD-100067,2023-01-01,Customer_62,customer67@example.com,8060156286.0,Enugu,Jiji,Electronics,Sony Home Theatre,70446.96,3,15,179639.75,Ussd,25.0,Male,Regular,5.0,5.0,False,INVALID,179639.748,2023,1,January,Q1,18-25,True,15-19%
ORD-100068,2023-01-01,Customer_32,customer68@example.com,8004926924.0,Lagos,Flutterwave Store,Books,Ican Study Pack,1565.89,2,15,2662.01,Pay On Delivery,23.0,Male,Regular,4.0,10.0,False,INVALID,2662.013,2023,1,January,Q1,18-25,False,15-19%
ORD-100069,2023-01-01,Unknown Customer,customer69@example.com,8091573876.0,Delta,Flutterwave Store,Phones & Tablets,Iphone 15 128Gb,273276.98,3,20,655864.75,Card,39.0,Female,New,2.0,9.0,False,INVALID,655864.752,2023,1,January,Q1,36-45,True,20%+
ORD-100070,2023-01-01,Customer_85,customer70@example.com,8054020392.0,Anambra,Konga,Fashion,Men Senator Native,35671.07,1,10,32103.96,Bank Transfer,41.5,Female,Vip,1.0,11.0,False,INVALID,32103.963,2023,1,January,Q1,36-45,False,10-14%
ORD-100071,2023-01-01,Customer_18,missing@,8025568607.0,Imo,Whatsapp Commerce,Fashion,Men Agbada Set,14297.45,1,10,12867.71,Card,56.0,Female,New,3.0,12.0,False,INVALID,12867.705000000002,2023,1,January,Q1,56-65,False,10-14%
ORD-100072,2023-01-01,Customer_78,customer72@example.com,8094412986.0,Imo,Jiji,Electronics,Hisense Chest Freezer,88732.57,2,15,150845.37,Ussd,51.0,Female,New,5.0,10.0,True,INVALID,150845.369,2023,1,January,Q1,46-55,True,15-19%
ORD-100073,2023-01-01,Customer_15,customer73@example.com,8010874106.0,Abuja,Jiji,Fashion,Men Senator Native,11538.93,2,10,20770.07,Ussd,52.0,Female,Vip,5.0,3.0,False,INVALID,20770.074,2023,1,January,Q1,46-55,False,10-14%
ORD-100074,2023-01-04,Customer_26,customer74@example.com,8016695422.0,Lagos,Jumia,Furniture,6Ft Orthopedic Mattress,269707.5,5,15,1146256.88,Bank Transfer,36.0,Male,Vip,2.0,8.0,False,INVALID,1146256.875,2023,1,January,Q1,36-45,True,15-19%
ORD-100075,2023-02-04,Customer_53,customer75@example.com,8083135540.0,Abuja,Jiji,Fashion,Ankara Midi Dress,43960.51,5,20,175842.04,Pos,23.0,Female,New,2.0,3.0,False,INVALID,175842.04000000004,2023,2,February,Q1,18-25,True,20%+
ORD-100076,2023-03-04,Customer_44,customer76@example.com,8050829217.0,Oyo,Whatsapp Commerce,Books,Nigerian Law Reports,6157.08,4,0,24628.32,Card,24.0,Male,Regular,3.0,6.0,False,INVALID,24628.32,2023,3,March,Q1,18-25,False,No Discount
ORD-100077,2023-04-04,Customer_32,customer77@example.com,8016389867.0,Delta,Jiji,Books,Ican Study Pack,7218.9,2,15,12272.13,Card,62.0,Female,Vip,1.0,4.0,False,INVALID,12272.13,2023,4,April,Q2,56-65,False,15-19%
ORD-100078,2023-06-04,Customer_28,customer78@example.com,8019678699.0,Lagos,Konga,Sports,Treadmill Manual,103693.95,2,0,207387.9,Ussd,30.0,Female,New,5.0,8.0,False,INVALID,207387.9,2023,6,June,Q2,26-35,True,No Discount
ORD-100079,2023-07-04,Customer_39,customer79@example.com,8059113861.0,Kaduna,Flutterwave Store,Books,Nigerian Law Reports,6978.75,3,10,18842.62,Card,63.0,Male,Regular,3.0,11.0,False,INVALID,18842.625,2023,7,July,Q3,56-65,False,10-14%
ORD-100080,2023-08-04,Customer_32,customer80@example.com,8087201135.0,Rivers,Flutterwave Store,Sports,Nigeria Football Jersey,24582.16,2,15,41789.67,Bank Transfer,61.0,Female,Premium,4.0,6.0,False,INVALID,41789.672,2023,8,August,Q3,56-65,False,15-19%
ORD-100081,2023-01-01,Customer_77,customer81@example.com,8035599072.0,Anambra,Jiji,Books,Ican Study Pack,4435.64,1,15,3770.29,Pay On Delivery,55.0,Male,Regular,4.0,8.0,False,INVALID,3770.2940000000003,2023,1,January,Q1,46-55,False,15-19%
ORD-100082,2023-10-04,Customer_79,customer82@example.com,8014086235.0,Delta,Jiji,Furniture,6Ft Orthopedic Mattress,172220.04,4,20,551104.13,Ussd,33.0,Male,New,3.0,1.0,False,INVALID,551104.128,2023,10,October,Q4,26-35,True,20%+
ORD-100083,2023-12-04,Customer_18,no-email@placeholder.ng,8058432902.0,Anambra,Jiji,Beauty,Neutrogena Body Lotion,10415.1,1,10,9373.59,Pay On Delivery,57.0,Female,Vip,5.0,6.0,False,INVALID,9373.59,2023,12,December,Q4,56-65,False,10-14%
ORD-100084,2023-01-01,Customer_70,customer84@example.com,8060278667.0,Lagos,Jiji,Sports,Kettlebell 20Kg,52934.3,1,0,52934.3,Card,35.0,Male,Regular,3.0,1.0,False,INVALID,52934.3,2023,1,January,Q1,26-35,False,No Discount
ORD-100085,2023-01-01,Customer_11,customer85@example.com,8006008963.0,Rivers,Konga,Groceries,Indomie Noodles Carton,6498.37,5,20,25993.48,Pos,21.0,Female,Regular,5.0,1.0,False,INVALID,25993.48,2023,1,January,Q1,18-25,False,20%+
ORD-100086,2023-01-01,Customer_32,customer86@example.com,8065362032.0,Abuja,Whatsapp Commerce,Phones & Tablets,Iphone 15 128Gb,302281.05,3,0,64540.42,Bank Transfer,27.0,Female,Regular,2.0,8.0,True,INVALID,906843.1499999999,2023,1,January,Q1,26-35,False,No Discount
ORD-100087,2023-01-01,Customer_20,customer87@example.com,8047033467.0,Delta,Konga,Electronics,Scanfrost Refrigerator,171857.66,2,20,274972.26,Card,17.0,Female,Vip,3.0,7.0,False,INVALID,274972.256,2023,1,January,Q1,Under 18,True,20%+
ORD-100088,2023-01-01,Customer_97,customer88@example.com,8062576958.0,Rivers,Konga,Books,Nigerian Law Reports,7949.74,1,10,7154.77,Bank Transfer,22.0,Female,Vip,5.0,3.0,False,INVALID,7154.766,2023,1,January,Q1,18-25,False,10-14%
ORD-100089,2023-01-01,Customer_40,customer89@example.com,8000796213.0,Anambra,Konga,Fashion,Men Senator Native,18553.35,3,0,55660.05,Card,31.0,Female,Regular,3.0,6.0,False,INVALID,55660.049999999996,2023,1,January,Q1,26-35,False,No Discount
ORD-100090,2023-01-01,Customer_8,customer90@example.com,8097525169.0,Kano,Flutterwave Store,Beauty,Nivea Fair & Lovely,21044.87,1,10,18940.38,Card,18.0,Female,Regular,3.0,9.0,False,INVALID,18940.382999999998,2023,1,January,Q1,18-25,False,10-14%
ORD-100091,2023-01-01,Customer_35,notanemail,8073634692.0,Lagos,Konga,Books,Nigerian Law Reports,7544.5,5,10,33950.25,Card,60.0,Female,New,3.0,7.0,False,INVALID,33950.25,2023,1,January,Q1,56-65,False,10-14%
ORD-100092,2023-01-01,Unknown Customer,customer92@example.com,8024296088.0,Lagos,Jiji,Fashion,Female Aso-Oke,14996.9,2,0,29993.8,Ussd,18.0,Male,Vip,5.0,12.0,False,INVALID,29993.8,2023,1,January,Q1,18-25,False,No Discount
ORD-100093,2023-01-01,Unknown Customer,customer93@example.com,8095427392.0,Anambra,Konga,Phones & Tablets,Tecno Spark 20 Pro,581255.29,4,0,2325021.16,Pay On Delivery,42.0,Female,Regular,1.0,3.0,False,INVALID,2325021.16,2023,1,January,Q1,36-45,True,No Discount
ORD-100094,2023-01-01,Customer_78,customer94@example.com,8085411811.0,Anambra,Jiji,Phones & Tablets,Samsung Galaxy A55,438650.51,3,10,1184356.38,Pos,58.0,Male,Vip,3.0,13.0,False,INVALID,1184356.377,2023,1,January,Q1,56-65,True,10-14%
ORD-100095,2023-01-01,Customer_21,customer95@example.com,8036813819.0,Oyo,Whatsapp Commerce,Phones & Tablets,Infinix Hot 40 Pro,443858.76,3,10,1198418.65,Pay On Delivery,55.0,Female,Vip,4.0,6.0,False,INVALID,1198418.652,2023,1,January,Q1,46-55,True,10-14%
ORD-100096,2023-01-01,Customer_24,customer96@example.com,8078673317.0,Abuja,Flutterwave Store,Fashion,Men Agbada Set,22946.24,2,10,41303.23,Pay On Delivery,41.5,Female,Vip,3.0,11.0,False,INVALID,41303.232,2023,1,January,Q1,36-45,False,10-14%
ORD-100097,2023-01-01,Customer_17,customer97@example.com,8030325671.0,Anambra,Whatsapp Commerce,Books,Nigerian Law Reports,6567.73,3,0,19703.19,Bank Transfer,48.0,Male,New,3.0,4.0,False,INVALID,19703.19,2023,1,January,Q1,46-55,False,No Discount
ORD-100098,2023-01-01,Customer_18,notanemail,853989621.0,Enugu,Whatsapp Commerce,Phones & Tablets,Tecno Spark 20 Pro,620497.56,1,10,558447.8,Ussd,43.0,Male,Premium,5.0,13.0,False,INVALID,558447.8040000001,2023,1,January,Q1,36-45,True,10-14%
ORD-100099,2023-01-05,Customer_98,customer99@example.com,994970618.0,Imo,Flutterwave Store,Furniture,L-Shape Office Sofa,73916.2,1,10,66524.58,Ussd,16.0,Male,Vip,3.0,3.0,False,INVALID,66524.58,2023,1,January,Q1,Under 18,True,10-14%
ORD-100100,2023-01-01,Customer_12,notanemail,8088421759.0,Imo,Jiji,Sports,Kettlebell 20Kg,42120.45,2,5,80028.86,Card,23.0,Male,Vip,3.0,9.0,False,INVALID,80028.855,2023,1,January,Q1,18-25,True,0-9%
ORD-100101,2023-04-05,Customer_16,customer101@example.com,8009192042.0,Delta,Jiji,Fashion,Men Agbada Set,5708.89,4,0,22835.56,Pay On Delivery,52.0,Female,Regular,4.0,10.0,False,INVALID,22835.56,2023,4,April,Q2,46-55,False,No Discount
ORD-100102,2023-05-05,Customer_4,customer102@example.com,8058288025.0,Kaduna,Jiji,Fashion,Female Aso-Oke,34512.96,2,0,69025.92,Pos,41.5,Female,Vip,5.0,2.0,True,INVALID,69025.92,2023,5,May,Q2,36-45,True,No Discount
ORD-100103,2023-06-05,Customer_89,customer103@example.com,8048566333.0,Delta,Flutterwave Store,Books,Waec Past Questions,4140.86,1,0,4140.86,Bank Transfer,63.0,Male,Premium,3.0,1.0,True,INVALID,4140.86,2023,6,June,Q2,56-65,False,No Discount
ORD-100104,2023-07-05,Customer_34,customer104@example.com,8078160039.0,Oyo,Konga,Fashion,Men Senator Native,40640.79,2,5,77217.5,Ussd,58.0,Female,Vip,2.0,2.0,False,INVALID,77217.501,2023,7,July,Q3,56-65,True,0-9%
ORD-100105,2023-08-05,Customer_92,no-email@placeholder.ng,8010916859.0,Rivers,Jumia,Fashion,Men Agbada Set,24879.58,3,0,64540.42,Card,52.0,Male,New,1.0,7.0,False,INVALID,74638.74,2023,8,August,Q3,46-55,False,No Discount
ORD-100106,2023-10-05,Unknown Customer,no-email@placeholder.ng,8098608138.0,Kaduna,Konga,Phones & Tablets,Xiaomi Redmi Note 13,647573.58,1,20,518058.86,Pos,19.0,Male,Regular,4.0,7.0,False,INVALID,518058.864,2023,10,October,Q4,18-25,True,20%+
ORD-100107,2023-11-05,Customer_75,customer107@example.com,0000000000,Rivers,Konga,Books,Jamb Cbt Practice Book,11772.46,2,10,21190.43,Pay On Delivery,45.0,Male,Premium,3.0,1.0,True,INVALID,21190.428,2023,11,November,Q4,36-45,False,10-14%
ORD-100108,2023-12-05,Customer_77,customer108@example.com,8072390399.0,Imo,Whatsapp Commerce,Phones & Tablets,Xiaomi Redmi Note 13,677438.48,2,5,1287133.11,Pos,21.0,Male,New,2.0,6.0,False,INVALID,1287133.112,2023,12,December,Q4,18-25,True,0-9%
ORD-100109,2023-01-01,Customer_31,customer109@example.com,8036928931.0,Imo,Jumia,Sports,Treadmill Manual,104438.27,4,20,334202.46,Ussd,41.5,Male,Premium,3.0,7.0,False,INVALID,334202.46400000004,2023,1,January,Q1,36-45,True,20%+
ORD-100110,2023-01-01,Customer_25,no-email@placeholder.ng,8019590532.0,Imo,Jiji,Beauty,Maybelline Mascara,10673.22,1,10,9605.9,Bank Transfer,34.0,Female,Regular,3.0,9.0,False,INVALID,9605.898,2023,1,January,Q1,26-35,False,10-14%
ORD-100111,2023-01-01,Customer_74,customer111@example.com,8082581644.0,Anambra,Konga,Sports,Nigeria Football Jersey,67551.54,1,0,67551.54,Pay On Delivery,47.0,Male,Vip,5.0,8.0,True,INVALID,67551.54,2023,1,January,Q1,46-55,True,No Discount
ORD-100112,2023-01-01,Customer_24,customer112@example.com,8038983218.0,Oyo,Flutterwave Store,Beauty,Neutrogena Body Lotion,6944.1,1,15,5902.48,Bank Transfer,24.0,Male,Regular,5.0,6.0,False,INVALID,5902.485000000001,2023,1,January,Q1,18-25,False,15-19%
ORD-100113,2023-01-01,Customer_65,customer113@example.com,8044354385.0,Enugu,Konga,Phones & Tablets,Xiaomi Redmi Note 13,185026.52,3,5,527325.58,Pos,27.0,Female,Regular,3.0,3.0,False,INVALID,527325.5819999999,2023,1,January,Q1,26-35,True,0-9%
ORD-100114,2023-01-01,Customer_25,customer114@example.com,8092950495.0,Delta,Jiji,Sports,Yoga Mat Non-Slip,62144.42,1,0,62144.42,Pos,26.0,Male,Vip,2.0,8.0,False,INVALID,62144.42,2023,1,January,Q1,26-35,False,No Discount
ORD-100115,2023-01-01,Customer_28,customer115@example.com,8021377232.0,Rivers,Konga,Books,Waec Past Questions,7626.53,5,5,36226.02,Card,61.0,Male,New,3.0,7.0,False,INVALID,36226.0175,2023,1,January,Q1,56-65,False,0-9%
ORD-100116,2023-01-01,Customer_36,customer116@example.com,8035421808.0,Kano,Whatsapp Commerce,Electronics,Sony Home Theatre,128655.87,5,5,611115.38,Pay On Delivery,31.0,Female,Premium,1.0,3.0,True,INVALID,611115.3825,2023,1,January,Q1,26-35,True,0-9%
ORD-100117,2023-01-01,Customer_82,customer117@example.com,883028125.0,Delta,Whatsapp Commerce,Phones & Tablets,Tecno Spark 20 Pro,470624.29,5,0,2353121.45,Pos,16.0,Female,New,4.0,9.0,False,INVALID,2353121.4499999997,2023,1,January,Q1,Under 18,True,No Discount
ORD-100118,2023-01-01,Customer_6,customer118@example.com,8066850702.0,Lagos,Konga,Beauty,Maybelline Mascara,22276.54,2,0,44553.08,Ussd,60.0,Female,Vip,5.0,12.0,False,INVALID,44553.08,2023,1,January,Q1,56-65,False,No Discount
ORD-100119,2023-01-01,Customer_66,customer119@example.com,8086824970.0,Abuja,Whatsapp Commerce,Furniture,6Ft Orthopedic Mattress,289442.75,1,0,289442.75,Ussd,36.0,Female,Premium,5.0,2.0,False,INVALID,289442.75,2023,1,January,Q1,36-45,True,No Discount
ORD-100120,2023-01-01,Customer_67,customer120@example.com,8009950141.0,Kaduna,Flutterwave Store,Beauty,Dark & Lovely Relaxer,18243.68,5,10,82096.56,Bank Transfer,45.0,Female,Vip,3.0,3.0,False,INVALID,82096.56,2023,1,January,Q1,36-45,True,10-14%
ORD-100121,2023-01-01,Customer_72,customer121@example.com,8057775201.0,Rivers,Jumia,Furniture,6Ft Orthopedic Mattress,407524.61,2,5,774296.76,Ussd,28.0,Male,New,3.0,2.0,False,INVALID,774296.759,2023,1,January,Q1,26-35,True,0-9%
ORD-100122,2023-01-01,Customer_95,customer122@example.com,8049008169.0,Oyo,Konga,Fashion,Female Aso-Oke,44520.97,4,10,160275.49,Pos,49.0,Male,Regular,2.0,13.0,True,INVALID,160275.492,2023,1,January,Q1,46-55,True,10-14%
ORD-100123,2023-01-01,Customer_48,customer123@example.com,8074039294.0,Imo,Flutterwave Store,Sports,Nigeria Football Jersey,73574.1,2,15,125075.97,Ussd,19.0,Male,Premium,2.0,1.0,True,INVALID,125075.97,2023,1,January,Q1,18-25,True,15-19%
ORD-100124,2023-01-06,Customer_83,customer124@example.com,8051620928.0,Lagos,Flutterwave Store,Furniture,L-Shape Office Sofa,408253.82,5,0,2041269.1,Pay On Delivery,43.0,Female,Vip,5.0,4.0,True,INVALID,2041269.1,2023,1,January,Q1,36-45,True,No Discount
ORD-100125,2023-02-06,Customer_70,customer125@example.com,8053746844.0,Abuja,Flutterwave Store,Beauty,Neutrogena Body Lotion,24096.11,4,10,86746.0,Bank Transfer,53.0,Female,Premium,3.0,5.0,False,INVALID,86745.996,2023,2,February,Q1,46-55,True,10-14%
ORD-100126,2023-03-06,Customer_78,notanemail,8012011771.0,Rivers,Jiji,Fashion,Female Gele Headtie,42637.41,3,0,64540.42,Pay On Delivery,46.0,Female,Premium,1.0,13.0,False,INVALID,127912.23000000001,2023,3,March,Q1,46-55,False,No Discount
ORD-100127,2023-04-06,Customer_67,customer127@example.com,8024442236.0,Enugu,Konga,Electronics,Sony Home Theatre,62262.42,2,10,112072.36,Pos,42.0,Female,New,4.0,6.0,False,INVALID,112072.356,2023,4,April,Q2,36-45,True,10-14%
ORD-100128,2023-01-01,Customer_48,customer128@example.com,8033097076.0,Imo,Konga,Books,Waec Past Questions,5589.04,1,0,5589.04,Pos,41.5,Female,Regular,3.0,5.0,True,INVALID,5589.04,2023,1,January,Q1,36-45,False,No Discount
ORD-100129,2023-07-06,Customer_65,customer129@example.com,859798118.0,Rivers,Konga,Books,Nigerian Law Reports,4699.09,1,0,4699.09,Ussd,40.0,Female,Premium,3.0,1.0,False,INVALID,4699.09,2023,7,July,Q3,36-45,False,No Discount
ORD-100130,2023-08-06,Customer_44,customer130@example.com,8035969839.0,Kano,Jumia,Books,Waec Past Questions,2138.79,2,0,4277.58,Card,41.5,Male,New,2.0,3.0,False,INVALID,4277.58,2023,8,August,Q3,36-45,False,No Discount
ORD-100131,2023-09-06,Unknown Customer,customer131@example.com,896788530.0,Delta,Flutterwave Store,Furniture,Glass Centre Table,325789.37,5,0,1628946.85,Card,48.0,Female,Premium,4.0,1.0,False,INVALID,1628946.85,2023,9,September,Q3,46-55,True,No Discount
ORD-100132,2023-10-06,Customer_63,customer132@example.com,8012994931.0,Oyo,Konga,Electronics,Samsung Smart Tv,261528.05,1,0,261528.05,Pos,19.0,Male,Regular,5.0,11.0,False,INVALID,261528.05,2023,10,October,Q4,18-25,True,No Discount
ORD-100133,2023-12-06,Customer_46,customer133@example.com,8044927511.0,Kano,Whatsapp Commerce,Furniture,6Ft Orthopedic Mattress,427860.85,3,0,1283582.55,Pos,40.0,Male,Premium,3.0,5.0,False,INVALID,1283582.5499999998,2023,12,December,Q4,36-45,True,No Discount
ORD-100134,2023-01-01,Customer_19,missing@,8098540552.0,Enugu,Jiji,Sports,Adidas Running Sneakers,17364.9,1,0,17364.9,Bank Transfer,35.0,Male,Regular,5.0,5.0,True,INVALID,17364.9,2023,1,January,Q1,26-35,False,No Discount
ORD-100135,2023-01-01,Customer_64,customer135@example.com,8026919912.0,Oyo,Jumia,Furniture,Wardrobe 4-Door,441310.94,5,5,2096226.96,Pos,49.0,Female,New,3.0,12.0,False,INVALID,2096226.965,2023,1,January,Q1,46-55,True,0-9%
ORD-100136,2023-01-01,Customer_83,customer136@example.com,8026893687.0,Kaduna,Jiji,Electronics,Samsung Smart Tv,230380.06,3,10,622026.16,Pos,41.0,Female,New,5.0,11.0,False,INVALID,622026.162,2023,1,January,Q1,36-45,True,10-14%
ORD-100137,2023-01-01,Customer_73,customer137@example.com,8044247437.0,Enugu,Flutterwave Store,Electronics,Scanfrost Refrigerator,250821.96,4,0,1003287.84,Bank Transfer,20.0,Female,Regular,4.0,13.0,False,INVALID,1003287.84,2023,1,January,Q1,18-25,True,No Discount
ORD-100138,2023-01-01,Customer_71,missing@,8044913770.0,Oyo,Whatsapp Commerce,Sports,Treadmill Manual,109543.01,3,0,64540.42,Pay On Delivery,50.0,Female,Regular,2.0,6.0,True,INVALID,328629.02999999997,2023,1,January,Q1,46-55,False,No Discount
ORD-100139,2023-01-01,Customer_50,no-email@placeholder.ng,8089694057.0,Enugu,Flutterwave Store,Electronics,Hisense Chest Freezer,224295.03,5,0,1121475.15,Pay On Delivery,43.0,Female,New,4.0,8.0,True,INVALID,1121475.15,2023,1,January,Q1,36-45,True,No Discount
ORD-100140,2023-01-01,Customer_63,customer140@example.com,8043890528.0,Kano,Konga,Beauty,Neutrogena Body Lotion,8927.95,4,0,35711.8,Bank Transfer,44.0,Male,Regular,1.0,10.0,False,INVALID,35711.8,2023,1,January,Q1,36-45,False,No Discount
ORD-100141,2023-01-01,Customer_41,customer141@example.com,8088783544.0,Kaduna,Jiji,Electronics,Sony Home Theatre,291410.96,5,5,1384202.06,Bank Transfer,24.0,Male,Regular,2.0,12.0,False,INVALID,1384202.06,2023,1,January,Q1,18-25,True,0-9%
ORD-100142,2023-01-01,Customer_7,customer142@example.com,8058065203.0,Enugu,Whatsapp Commerce,Books,Acca F3 Textbook,5121.04,1,10,4608.94,Pay On Delivery,53.0,Female,Vip,4.0,1.0,False,INVALID,4608.936,2023,1,January,Q1,46-55,False,10-14%
ORD-100143,2023-01-01,Customer_9,customer143@example.com,0000000000,Kaduna,Jiji,Beauty,Maybelline Mascara,1628.32,1,5,1546.9,Pay On Delivery,21.0,Male,Premium,1.0,4.0,False,INVALID,1546.9039999999998,2023,1,January,Q1,18-25,False,0-9%
ORD-100144,2023-01-01,Customer_4,customer144@example.com,8072605826.0,Abuja,Jumia,Beauty,Neutrogena Body Lotion,20901.84,5,0,104509.2,Pay On Delivery,34.0,Male,New,3.0,10.0,False,INVALID,104509.2,2023,1,January,Q1,26-35,True,No Discount
ORD-100145,2023-01-01,Customer_89,customer145@example.com,8022328357.0,Enugu,Whatsapp Commerce,Sports,Treadmill Manual,43387.48,5,20,173549.92,Pay On Delivery,59.0,Female,New,3.0,11.0,False,INVALID,173549.92000000004,2023,1,January,Q1,56-65,True,20%+
ORD-100146,2023-01-01,Customer_49,customer146@example.com,8045969635.0,Delta,Jumia,Groceries,Honeywell Flour 10Kg,6303.76,1,0,6303.76,Ussd,26.0,Male,Vip,5.0,1.0,False,INVALID,6303.76,2023,1,January,Q1,26-35,False,No Discount
ORD-100147,2023-01-01,Customer_76,customer147@example.com,8041650322.0,Imo,Whatsapp Commerce,Groceries,Dangote Semolina 10Kg,3220.68,2,0,6441.36,Bank Transfer,17.0,Male,Regular,2.0,9.0,False,INVALID,6441.36,2023,1,January,Q1,Under 18,False,No Discount
ORD-100148,2023-01-01,Customer_6,customer148@example.com,8037824395.0,Kano,Konga,Electronics,Sony Home Theatre,303457.79,1,15,257939.12,Card,62.0,Female,Regular,3.0,11.0,False,INVALID,257939.12149999998,2023,1,January,Q1,56-65,True,15-19%
ORD-100149,2023-01-01,Customer_82,customer149@example.com,8072405478.0,Rivers,Jiji,Beauty,Mac Foundation,6112.15,4,0,24448.6,Ussd,41.5,Male,Regular,2.0,7.0,False,INVALID,24448.6,2023,1,January,Q1,36-45,False,No Discount
ORD-100150,2023-02-07,Unknown Customer,customer150@example.com,8023348890.0,Kaduna,Jiji,Groceries,Indomie Noodles Carton,7809.1,1,20,6247.28,Card,41.5,Female,New,3.0,7.0,False,INVALID,6247.280000000001,2023,2,February,Q1,36-45,False,20%+
ORD-100151,2023-04-07,Customer_15,customer151@example.com,8016702687.0,Kano,Flutterwave Store,Groceries,Golden Penny Rice 25Kg,6348.19,1,0,6348.19,Card,24.0,Female,Vip,5.0,12.0,True,INVALID,6348.19,2023,4,April,Q2,18-25,False,No Discount
ORD-100152,2023-05-07,Customer_67,customer152@example.com,8092707670.0,Lagos,Whatsapp Commerce,Electronics,Scanfrost Refrigerator,53269.71,1,5,50606.22,Pos,36.0,Female,Premium,4.0,5.0,False,INVALID,50606.2245,2023,5,May,Q2,36-45,False,0-9%
ORD-100153,2023-06-07,Customer_66,customer153@example.com,8044625601.0,Delta,Whatsapp Commerce,Groceries,Titus Sardine 50Pcs,4743.32,1,20,64540.42,Bank Transfer,39.0,Male,Vip,5.0,7.0,False,INVALID,3794.656,2023,6,June,Q2,36-45,False,20%+
ORD-100154,2023-07-07,Customer_56,customer154@example.com,8095094658.0,Kano,Jumia,Furniture,Glass Centre Table,493049.47,5,10,2218722.61,Ussd,49.0,Male,New,1.0,7.0,False,INVALID,2218722.6149999998,2023,7,July,Q3,46-55,True,10-14%
ORD-100155,2023-08-07,Customer_68,customer155@example.com,8046748933.0,Imo,Whatsapp Commerce,Fashion,Men Senator Native,22520.28,1,0,22520.28,Bank Transfer,37.0,Male,Premium,3.0,2.0,True,INVALID,22520.28,2023,8,August,Q3,36-45,False,No Discount
ORD-100156,2023-10-07,Customer_32,customer156@example.com,897079527.0,Delta,Jiji,Sports,Adidas Running Sneakers,24306.54,2,10,64540.42,Pay On Delivery,18.0,Female,Regular,1.0,13.0,False,INVALID,43751.772000000004,2023,10,October,Q4,18-25,False,10-14%
ORD-100157,2023-11-07,Customer_66,customer157@example.com,8008225955.0,Delta,Whatsapp Commerce,Fashion,Men Senator Native,23103.08,2,5,43895.85,Bank Transfer,27.0,Male,Vip,3.0,4.0,False,INVALID,43895.852,2023,11,November,Q4,26-35,False,0-9%
ORD-100158,2023-12-07,Customer_29,customer158@example.com,8057042176.0,Kano,Flutterwave Store,Electronics,Hisense Chest Freezer,186673.31,1,0,186673.31,Card,43.0,Male,Vip,2.0,7.0,False,INVALID,186673.31,2023,12,December,Q4,36-45,True,No Discount
ORD-100159,2023-01-01,Customer_66,customer159@example.com,8048412342.0,Delta,Flutterwave Store,Books,Nigerian Law Reports,9210.22,4,20,64540.42,Pay On Delivery,45.0,Female,New,3.0,3.0,False,INVALID,29472.703999999998,2023,1,January,Q1,36-45,False,20%+
ORD-100160,2023-01-01,Customer_34,customer160@example.com,8045699783.0,Rivers,Jiji,Sports,Nigeria Football Jersey,84764.96,2,10,152576.93,Bank Transfer,41.0,Female,Vip,1.0,2.0,False,INVALID,152576.928,2023,1,January,Q1,36-45,True,10-14%
ORD-100161,2023-01-01,Customer_27,customer161@example.com,8078642084.0,Rivers,Jiji,Electronics,Scanfrost Refrigerator,149854.26,1,10,134868.83,Bank Transfer,63.0,Female,Premium,4.0,10.0,False,INVALID,134868.834,2023,1,January,Q1,56-65,True,10-14%
ORD-100162,2023-01-01,Customer_60,customer162@example.com,8034310734.0,Imo,Jiji,Beauty,Neutrogena Body Lotion,6076.16,1,0,6076.16,Card,36.0,Male,Vip,3.0,2.0,False,INVALID,6076.16,2023,1,January,Q1,36-45,False,No Discount
ORD-100163,2023-01-01,Customer_39,customer163@example.com,8076353604.0,Imo,Whatsapp Commerce,Books,Nigerian Law Reports,8166.59,2,20,13066.54,Pay On Delivery,43.0,Female,New,4.0,13.0,False,INVALID,13066.544000000002,2023,1,January,Q1,36-45,False,20%+
ORD-100164,2023-01-01,Customer_44,customer164@example.com,8036843848.0,Abuja,Whatsapp Commerce,Fashion,Female Gele Headtie,20422.42,5,0,102112.1,Card,41.0,Male,Vip,2.0,1.0,False,INVALID,102112.09999999999,2023,1,January,Q1,36-45,True,No Discount
ORD-100165,2023-01-01,Customer_82,customer165@example.com,8064934488.0,Rivers,Konga,Electronics,Lg Air Conditioner,59312.53,4,0,64540.42,Bank Transfer,48.0,Female,Premium,1.0,5.0,False,INVALID,237250.12,2023,1,January,Q1,46-55,False,No Discount
ORD-100166,2023-01-01,Customer_36,customer166@example.com,8012145414.0,Rivers,Jumia,Beauty,Nivea Fair & Lovely,22593.85,3,10,61003.39,Ussd,41.5,Female,Premium,3.0,12.0,True,INVALID,61003.39499999999,2023,1,January,Q1,36-45,False,10-14%
ORD-100167,2023-01-01,Customer_19,customer167@example.com,842301093.0,Kaduna,Whatsapp Commerce,Sports,Kettlebell 20Kg,83872.96,3,0,251618.88,Ussd,50.0,Female,New,2.0,6.0,False,INVALID,251618.88,2023,1,January,Q1,46-55,True,No Discount
ORD-100168,2023-01-01,Customer_91,customer168@example.com,8018842225.0,Oyo,Konga,Sports,Yoga Mat Non-Slip,82932.51,1,0,82932.51,Pos,49.0,Female,Regular,4.0,6.0,False,INVALID,82932.51,2023,1,January,Q1,46-55,True,No Discount
ORD-100169,2023-01-01,Customer_45,customer169@example.com,8040805029.0,Enugu,Konga,Phones & Tablets,Samsung Galaxy A55,664276.67,1,0,664276.67,Ussd,56.0,Male,New,2.0,9.0,False,INVALID,664276.67,2023,1,January,Q1,56-65,True,No Discount
ORD-100170,2023-01-01,Customer_84,customer170@example.com,888885224.0,Kaduna,Flutterwave Store,Beauty,Maybelline Mascara,13617.81,4,10,49024.12,Pay On Delivery,62.0,Male,Regular,1.0,4.0,False,INVALID,49024.116,2023,1,January,Q1,56-65,False,10-14%
ORD-100171,2023-01-01,Customer_21,customer171@example.com,8086440192.0,Imo,Whatsapp Commerce,Furniture,Glass Centre Table,412150.85,2,5,783086.61,Pos,33.0,Male,Premium,3.0,1.0,True,INVALID,783086.6149999999,2023,1,January,Q1,26-35,True,0-9%
ORD-100172,2023-01-01,Customer_23,customer172@example.com,8094082213.0,Anambra,Konga,Groceries,Indomie Noodles Carton,4235.68,1,10,3812.11,Pay On Delivery,26.0,Female,Vip,3.0,6.0,False,INVALID,3812.1120000000005,2023,1,January,Q1,26-35,False,10-14%
ORD-100173,2023-01-01,Customer_94,customer173@example.com,8096725950.0,Enugu,Flutterwave Store,Books,Jamb Cbt Practice Book,1925.49,1,0,1925.49,Ussd,38.0,Male,Vip,3.0,5.0,False,INVALID,1925.49,2023,1,January,Q1,36-45,False,No Discount
ORD-100174,2023-01-08,Unknown Customer,customer174@example.com,8022997438.0,Anambra,Jumia,Beauty,Mac Foundation,10607.0,4,20,33942.4,Ussd,63.0,Female,Premium,4.0,10.0,False,INVALID,33942.4,2023,1,January,Q1,56-65,False,20%+
ORD-100175,2023-02-08,Unknown Customer,customer175@example.com,8017460942.0,Lagos,Flutterwave Store,Phones & Tablets,Infinix Hot 40 Pro,415560.64,5,15,1766132.72,Bank Transfer,37.0,Female,New,3.0,6.0,False,INVALID,1766132.7200000002,2023,2,February,Q1,36-45,True,15-19%
ORD-100176,2023-03-08,Customer_27,customer176@example.com,8018336991.0,Imo,Jumia,Groceries,Golden Penny Rice 25Kg,5901.52,1,5,5606.44,Pay On Delivery,32.0,Male,Vip,4.0,3.0,False,INVALID,5606.444,2023,3,March,Q1,26-35,False,0-9%
ORD-100177,2023-04-08,Customer_98,missing@,8052432792.0,Kano,Jiji,Groceries,Golden Penny Rice 25Kg,1299.34,1,0,1299.34,Card,20.0,Female,New,2.0,2.0,False,INVALID,1299.34,2023,4,April,Q2,18-25,False,No Discount
ORD-100178,2023-05-08,Customer_72,customer178@example.com,8061299361.0,Oyo,Jiji,Electronics,Sony Home Theatre,61906.21,1,5,58810.9,Bank Transfer,59.0,Female,Vip,5.0,6.0,False,INVALID,58810.8995,2023,5,May,Q2,56-65,False,0-9%
ORD-100179,2023-07-08,Unknown Customer,customer179@example.com,8069202463.0,Anambra,Flutterwave Store,Groceries,Dangote Semolina 10Kg,2477.63,1,20,64540.42,Pay On Delivery,26.0,Male,Regular,5.0,13.0,False,INVALID,1982.1040000000003,2023,7,July,Q3,26-35,False,20%+
ORD-100180,2023-08-08,Customer_41,customer180@example.com,8012355646.0,Enugu,Jiji,Furniture,Computer Work Desk,151586.74,3,0,454760.22,Pos,45.0,Male,Vip,2.0,1.0,True,INVALID,454760.22,2023,8,August,Q3,36-45,True,No Discount
ORD-100181,2023-09-08,Customer_26,customer181@example.com,8097019509.0,Imo,Whatsapp Commerce,Sports,Yoga Mat Non-Slip,88665.6,1,20,70932.48,Pay On Delivery,30.0,Female,Regular,5.0,7.0,False,INVALID,70932.48000000001,2023,9,September,Q3,26-35,True,20%+
ORD-100182,2023-10-08,Customer_28,no-email@placeholder.ng,864364958.0,Kaduna,Flutterwave Store,Phones & Tablets,Tecno Spark 20 Pro,226808.96,3,0,680426.88,Pos,42.0,Male,Vip,1.0,7.0,False,INVALID,680426.88,2023,10,October,Q4,36-45,True,No Discount
ORD-100183,2023-01-01,Customer_64,customer183@example.com,8054574119.0,Abuja,Konga,Groceries,Dangote Semolina 10Kg,5248.24,3,5,14957.48,Pos,50.0,Female,Vip,2.0,10.0,False,INVALID,14957.483999999999,2023,1,January,Q1,46-55,False,0-9%
ORD-100184,2023-01-01,Customer_68,customer184@example.com,8092760483.0,Delta,Whatsapp Commerce,Electronics,Lg Air Conditioner,180581.74,5,0,902908.7,Ussd,48.0,Male,Vip,4.0,13.0,False,INVALID,902908.7,2023,1,January,Q1,46-55,True,No Discount
ORD-100185,2023-01-01,Customer_95,customer185@example.com,860498452.0,Rivers,Flutterwave Store,Furniture,Glass Centre Table,297314.83,1,0,297314.83,Card,35.0,Female,Vip,2.0,7.0,False,INVALID,297314.83,2023,1,January,Q1,26-35,True,No Discount
ORD-100186,2023-01-01,Customer_80,customer186@example.com,8079737861.0,Oyo,Jumia,Fashion,Men Agbada Set,38119.55,2,0,76239.1,Pay On Delivery,31.0,Female,Vip,3.0,12.0,True,INVALID,76239.1,2023,1,January,Q1,26-35,True,No Discount
ORD-100187,2023-01-01,Customer_51,customer187@example.com,8042612833.0,Oyo,Jiji,Sports,Kettlebell 20Kg,50312.64,2,10,90562.75,Card,49.0,Female,New,4.0,11.0,False,INVALID,90562.75200000001,2023,1,January,Q1,46-55,True,10-14%
ORD-100188,2023-01-01,Customer_74,customer188@example.com,8028214505.0,Rivers,Jiji,Sports,Yoga Mat Non-Slip,93196.63,1,10,83876.97,Pos,17.0,Male,Regular,3.0,10.0,True,INVALID,83876.967,2023,1,January,Q1,Under 18,True,10-14%
ORD-100189,2023-01-01,Customer_48,customer189@example.com,0000000000,Rivers,Jiji,Phones & Tablets,Xiaomi Redmi Note 13,357857.59,3,15,912536.85,Ussd,50.0,Male,Regular,4.0,1.0,True,INVALID,912536.8545,2023,1,January,Q1,46-55,True,15-19%
ORD-100190,2023-01-01,Customer_10,customer190@example.com,891854134.0,Delta,Flutterwave Store,Sports,Yoga Mat Non-Slip,44402.95,4,15,150970.03,Card,55.0,Female,Vip,5.0,4.0,False,INVALID,150970.03,2023,1,January,Q1,46-55,True,15-19%
ORD-100191,2023-01-01,Customer_73,customer191@example.com,8056549487.0,Delta,Whatsapp Commerce,Groceries,Indomie Noodles Carton,7689.7,4,0,30758.8,Bank Transfer,43.0,Male,New,2.0,13.0,False,INVALID,30758.8,2023,1,January,Q1,36-45,False,No Discount
ORD-100192,2023-01-01,Customer_39,customer192@example.com,8039427649.0,Lagos,Jumia,Electronics,Scanfrost Refrigerator,76764.26,2,15,130499.24,Pos,62.0,Male,New,1.0,7.0,False,INVALID,130499.24199999998,2023,1,January,Q1,56-65,True,15-19%
ORD-100193,2023-01-01,Customer_100,customer193@example.com,8029405933.0,Abuja,Jiji,Sports,Adidas Running Sneakers,13569.42,4,20,43422.14,Bank Transfer,54.0,Male,Premium,4.0,11.0,False,INVALID,43422.144,2023,1,January,Q1,46-55,False,20%+
ORD-100194,2023-01-01,Customer_100,customer194@example.com,8031092756.0,Kaduna,Whatsapp Commerce,Sports,Nigeria Football Jersey,93205.35,2,5,177090.16,Card,21.0,Female,Premium,4.0,9.0,False,INVALID,177090.165,2023,1,January,Q1,18-25,True,0-9%
ORD-100195,2023-01-01,Customer_19,customer195@example.com,8077354871.0,Lagos,Konga,Fashion,Ankara Midi Dress,5400.61,4,0,21602.44,Card,24.0,Male,New,3.0,5.0,False,INVALID,21602.44,2023,1,January,Q1,18-25,False,No Discount
ORD-100196,2023-01-01,Customer_64,customer196@example.com,8000343626.0,Delta,Konga,Fashion,Ankara Midi Dress,38075.86,1,20,30460.69,Card,35.0,Male,Premium,5.0,13.0,False,INVALID,30460.688000000002,2023,1,January,Q1,26-35,False,20%+
ORD-100197,2023-01-01,Customer_19,customer197@example.com,8057765595.0,Rivers,Jumia,Books,Nigerian Law Reports,5921.69,1,0,5921.69,Pay On Delivery,16.0,Male,Regular,3.0,2.0,True,INVALID,5921.69,2023,1,January,Q1,Under 18,False,No Discount
ORD-100198,2023-01-01,Customer_76,no-email@placeholder.ng,8042751664.0,Abuja,Jiji,Furniture,Wardrobe 4-Door,459869.0,3,0,1379607.0,Pos,23.0,Female,New,3.0,7.0,False,INVALID,1379607.0,2023,1,January,Q1,18-25,True,No Discount
ORD-100199,2023-01-01,Customer_62,customer199@example.com,880178996.0,Delta,Konga,Groceries,Honeywell Flour 10Kg,5911.5,1,0,5911.5,Pos,38.0,Female,Premium,5.0,10.0,False,INVALID,5911.5,2023,1,January,Q1,36-45,False,No Discount
ORD-100200,2023-01-09,Customer_13,customer200@example.com,8029184940.0,Kaduna,Whatsapp Commerce,Sports,Nigeria Football Jersey,74417.35,5,20,297669.4,Pos,41.5,Female,New,1.0,1.0,False,INVALID,297669.4,2023,1,January,Q1,36-45,True,20%+
ORD-100201,2023-01-01,Customer_25,customer201@example.com,8008776428.0,Delta,Whatsapp Commerce,Beauty,Dark & Lovely Relaxer,23773.22,2,0,47546.44,Pay On Delivery,41.5,Male,Premium,3.0,7.0,False,INVALID,47546.44,2023,1,January,Q1,36-45,False,No Discount
ORD-100202,2023-04-09,Customer_100,customer202@example.com,8097547261.0,Delta,Konga,Sports,Yoga Mat Non-Slip,49407.98,3,0,148223.94,Card,40.0,Female,New,3.0,6.0,False,INVALID,148223.94,2023,4,April,Q2,36-45,True,No Discount
ORD-100203,2023-05-09,Customer_89,customer203@example.com,8046990980.0,Enugu,Jiji,Electronics,Sony Home Theatre,334619.12,2,0,669238.24,Card,62.0,Male,Vip,3.0,7.0,False,INVALID,669238.24,2023,5,May,Q2,56-65,True,No Discount
ORD-100204,2023-06-09,Customer_92,customer204@example.com,8075583731.0,Enugu,Jumia,Books,Ican Study Pack,2658.01,1,5,2525.11,Bank Transfer,53.0,Male,Regular,5.0,13.0,False,INVALID,2525.1095,2023,6,June,Q2,46-55,False,0-9%
ORD-100205,2023-07-09,Customer_42,customer205@example.com,8038870646.0,Delta,Jiji,Furniture,L-Shape Office Sofa,254783.6,4,15,866264.24,Pay On Delivery,30.0,Female,Premium,2.0,10.0,False,INVALID,866264.24,2023,7,July,Q3,26-35,True,15-19%
ORD-100206,2023-09-09,Customer_39,customer206@example.com,8033127859.0,Lagos,Flutterwave Store,Beauty,Nivea Fair & Lovely,7331.85,4,5,27861.03,Ussd,36.0,Male,Vip,1.0,3.0,True,INVALID,27861.03,2023,9,September,Q3,36-45,False,0-9%
ORD-100207,2023-10-09,Customer_30,customer207@example.com,8067759708.0,Imo,Konga,Books,Ican Study Pack,7030.3,5,15,29878.78,Pay On Delivery,50.0,Female,New,1.0,3.0,True,INVALID,29878.774999999998,2023,10,October,Q4,46-55,False,15-19%
ORD-100208,2023-11-09,Customer_5,customer208@example.com,8084885096.0,Kaduna,Flutterwave Store,Phones & Tablets,Samsung Galaxy A55,158940.62,1,0,158940.62,Bank Transfer,61.0,Male,Vip,5.0,7.0,True,INVALID,158940.62,2023,11,November,Q4,56-65,True,No Discount
ORD-100209,2023-12-09,Customer_81,customer209@example.com,0000000000,Enugu,Konga,Furniture,Computer Work Desk,424726.59,3,0,1274179.77,Bank Transfer,29.0,Male,Regular,4.0,13.0,False,INVALID,1274179.77,2023,12,December,Q4,26-35,True,No Discount
ORD-100210,2023-01-01,Customer_18,customer210@example.com,8077013825.0,Oyo,Jumia,Sports,Yoga Mat Non-Slip,102029.72,5,0,510148.6,Bank Transfer,51.0,Male,Premium,4.0,2.0,False,INVALID,510148.6,2023,1,January,Q1,46-55,True,No Discount
ORD-100211,2023-01-01,Customer_21,customer211@example.com,8062549306.0,Rivers,Jiji,Sports,Kettlebell 20Kg,114762.65,1,0,114762.65,Card,41.5,Male,Premium,5.0,1.0,True,INVALID,114762.65,2023,1,January,Q1,36-45,True,No Discount
ORD-100212,2023-01-01,Customer_86,customer212@example.com,8065431954.0,Kaduna,Jiji,Furniture,Wardrobe 4-Door,98469.27,2,20,157550.83,Ussd,32.0,Male,New,3.0,9.0,True,INVALID,157550.83200000002,2023,1,January,Q1,26-35,True,20%+
ORD-100213,2023-01-01,Customer_50,customer213@example.com,8065894880.0,Delta,Konga,Sports,Kettlebell 20Kg,75929.91,1,15,64540.42,Bank Transfer,54.0,Female,Regular,1.0,9.0,False,INVALID,64540.423500000004,2023,1,January,Q1,46-55,False,15-19%
ORD-100214,2023-01-01,Customer_6,customer214@example.com,8065560305.0,Delta,Whatsapp Commerce,Groceries,Honeywell Flour 10Kg,4056.78,5,20,16227.12,Pos,24.0,Female,Vip,1.0,7.0,False,INVALID,16227.120000000003,2023,1,January,Q1,18-25,False,20%+
ORD-100215,2023-01-01,Customer_50,customer215@example.com,8083567887.0,Kano,Flutterwave Store,Furniture,Wardrobe 4-Door,188582.27,5,0,942911.35,Card,50.0,Female,New,2.0,7.0,False,INVALID,942911.35,2023,1,January,Q1,46-55,True,No Discount
ORD-100216,2023-01-01,Customer_80,customer216@example.com,8014020236.0,Delta,Jiji,Books,Nigerian Law Reports,4996.63,3,0,14989.89,Ussd,28.0,Female,Premium,5.0,3.0,False,INVALID,14989.89,2023,1,January,Q1,26-35,False,No Discount
ORD-100217,2023-01-01,Customer_66,customer217@example.com,8007394108.0,Rivers,Jiji,Furniture,6Ft Orthopedic Mattress,221076.94,2,10,397938.49,Pos,30.0,Male,Vip,3.0,10.0,False,INVALID,397938.492,2023,1,January,Q1,26-35,True,10-14%
ORD-100218,2023-01-01,Unknown Customer,customer218@example.com,8000838460.0,Oyo,Konga,Beauty,Neutrogena Body Lotion,17859.2,2,5,33932.48,Ussd,33.0,Male,New,3.0,2.0,False,INVALID,33932.48,2023,1,January,Q1,26-35,False,0-9%
ORD-100219,2023-01-01,Customer_57,customer219@example.com,8008200550.0,Anambra,Whatsapp Commerce,Sports,Treadmill Manual,72999.47,3,5,208048.49,Ussd,41.5,Female,Vip,2.0,11.0,False,INVALID,208048.4895,2023,1,January,Q1,36-45,True,0-9%
ORD-100220,2023-01-01,Customer_30,customer220@example.com,8092226332.0,Enugu,Flutterwave Store,Groceries,Titus Sardine 50Pcs,3947.61,1,0,3947.61,Pos,21.0,Female,Vip,2.0,7.0,False,INVALID,3947.61,2023,1,January,Q1,18-25,False,No Discount
ORD-100221,2023-01-01,Customer_58,customer221@example.com,8013756613.0,Kano,Whatsapp Commerce,Groceries,Honeywell Flour 10Kg,1069.5,1,0,1069.5,Pay On Delivery,42.0,Male,New,3.0,9.0,False,INVALID,1069.5,2023,1,January,Q1,36-45,False,No Discount
ORD-100222,2023-01-01,Customer_52,customer222@example.com,8052839150.0,Delta,Whatsapp Commerce,Phones & Tablets,Infinix Hot 40 Pro,94490.49,1,15,80316.92,Ussd,38.0,Female,Vip,2.0,7.0,False,INVALID,80316.9165,2023,1,January,Q1,36-45,True,15-19%
ORD-100223,2023-01-01,Customer_37,customer223@example.com,8007451182.0,Imo,Konga,Books,Acca F3 Textbook,1225.27,1,10,64540.42,Pay On Delivery,42.0,Male,Vip,2.0,13.0,False,INVALID,1102.743,2023,1,January,Q1,36-45,False,10-14%
ORD-100224,2023-01-01,Unknown Customer,customer224@example.com,8043917961.0,Lagos,Whatsapp Commerce,Fashion,Ankara Midi Dress,43627.22,2,10,78529.0,Ussd,41.5,Male,Regular,3.0,4.0,False,INVALID,78528.996,2023,1,January,Q1,36-45,True,10-14%
ORD-100225,2023-02-10,Customer_87,customer225@example.com,8060415662.0,Kano,Flutterwave Store,Fashion,Ankara Midi Dress,2723.29,2,20,4357.26,Pos,61.0,Female,Regular,4.0,6.0,False,INVALID,4357.264,2023,2,February,Q1,56-65,False,20%+
ORD-100226,2023-03-10,Customer_1,customer226@example.com,8077651581.0,Imo,Jumia,Furniture,6Ft Orthopedic Mattress,73969.53,4,5,281084.21,Ussd,53.0,Male,Premium,2.0,7.0,False,INVALID,281084.214,2023,3,March,Q1,46-55,True,0-9%
ORD-100227,2023-04-10,Customer_19,customer227@example.com,8052761608.0,Kaduna,Jumia,Phones & Tablets,Xiaomi Redmi Note 13,275666.37,1,0,275666.37,Bank Transfer,29.0,Male,Regular,2.0,10.0,True,INVALID,275666.37,2023,4,April,Q2,26-35,True,No Discount
ORD-100228,2023-05-10,Customer_46,customer228@example.com,8012094854.0,Kaduna,Flutterwave Store,Electronics,Lg Air Conditioner,285489.13,2,0,570978.26,Bank Transfer,51.0,Female,New,4.0,7.0,True,INVALID,570978.26,2023,5,May,Q2,46-55,True,No Discount
ORD-100229,2023-01-01,Customer_67,customer229@example.com,8071459774.0,Delta,Konga,Furniture,Wardrobe 4-Door,481996.92,2,0,963993.84,Ussd,23.0,Female,Vip,5.0,10.0,False,INVALID,963993.84,2023,1,January,Q1,18-25,True,No Discount
ORD-100230,2023-08-10,Customer_2,customer230@example.com,8086531752.0,Kano,Jiji,Phones & Tablets,Xiaomi Redmi Note 13,639360.37,4,20,2045953.18,Pos,50.0,Male,Premium,4.0,2.0,True,INVALID,2045953.1840000001,2023,8,August,Q3,46-55,True,20%+
ORD-100231,2023-09-10,Customer_56,customer231@example.com,8065170054.0,Kaduna,Konga,Books,Nigerian Law Reports,8658.05,4,0,34632.2,Pos,34.0,Female,Regular,3.0,4.0,False,INVALID,34632.2,2023,9,September,Q3,26-35,False,No Discount
ORD-100232,2023-10-10,Customer_17,customer232@example.com,8016207276.0,Delta,Flutterwave Store,Books,Nigerian Law Reports,6830.05,1,0,6830.05,Card,45.0,Male,Vip,5.0,5.0,False,INVALID,6830.05,2023,10,October,Q4,36-45,False,No Discount
ORD-100233,2023-11-10,Customer_92,customer233@example.com,8060599763.0,Kaduna,Whatsapp Commerce,Books,Nigerian Law Reports,2136.42,1,20,1709.14,Pos,29.0,Female,New,1.0,12.0,False,INVALID,1709.1360000000002,2023,11,November,Q4,26-35,False,20%+
ORD-100234,2023-01-01,Customer_82,customer234@example.com,8034639096.0,Imo,Jumia,Books,Nigerian Law Reports,11548.24,4,0,46192.96,Pay On Delivery,35.0,Male,Vip,4.0,1.0,False,INVALID,46192.96,2023,1,January,Q1,26-35,False,No Discount
ORD-100235,2023-01-01,Customer_97,customer235@example.com,8079994914.0,Anambra,Whatsapp Commerce,Books,Ican Study Pack,9390.64,1,0,9390.64,Ussd,64.0,Male,New,3.0,1.0,True,INVALID,9390.64,2023,1,January,Q1,56-65,False,No Discount
ORD-100236,2023-01-01,Customer_79,customer236@example.com,8027841160.0,Enugu,Konga,Phones & Tablets,Iphone 15 128Gb,523796.28,2,0,1047592.56,Bank Transfer,40.0,Male,Vip,5.0,10.0,False,INVALID,1047592.56,2023,1,January,Q1,36-45,True,No Discount
ORD-100237,2023-01-01,Customer_22,customer237@example.com,979206285.0,Delta,Flutterwave Store,Phones & Tablets,Xiaomi Redmi Note 13,615662.42,3,15,1569939.17,Pos,41.5,Male,Premium,4.0,3.0,False,INVALID,1569939.171,2023,1,January,Q1,36-45,True,15-19%
ORD-100238,2023-01-01,Customer_27,customer238@example.com,8085127029.0,Rivers,Jumia,Groceries,Honeywell Flour 10Kg,5930.77,1,5,5634.23,Bank Transfer,39.0,Male,Premium,2.0,10.0,False,INVALID,5634.2315,2023,1,January,Q1,36-45,False,0-9%
ORD-100239,2023-01-01,Customer_55,customer239@example.com,8004364704.0,Imo,Flutterwave Store,Beauty,Dark & Lovely Relaxer,16221.0,1,0,16221.0,Card,41.5,Male,Regular,3.0,3.0,False,INVALID,16221.0,2023,1,January,Q1,36-45,False,No Discount
ORD-100240,2023-01-01,Customer_32,customer240@example.com,732896788.0,Anambra,Jumia,Fashion,Female Aso-Oke,44174.51,4,0,176698.04,Ussd,41.0,Male,Regular,1.0,12.0,False,INVALID,176698.04,2023,1,January,Q1,36-45,True,No Discount
ORD-100241,2023-01-01,Customer_60,customer241@example.com,8007187248.0,Kaduna,Jumia,Sports,Nigeria Football Jersey,108693.57,2,0,217387.14,Pos,53.0,Male,Vip,4.0,8.0,False,INVALID,217387.14,2023,1,January,Q1,46-55,True,No Discount
ORD-100242,2023-01-01,Customer_83,customer242@example.com,8033398573.0,Oyo,Jumia,Books,Waec Past Questions,8183.98,3,15,20869.15,Bank Transfer,41.5,Male,Vip,5.0,9.0,True,INVALID,20869.148999999998,2023,1,January,Q1,36-45,False,15-19%
ORD-100243,2023-01-01,Customer_28,customer243@example.com,8096372041.0,Abuja,Konga,Electronics,Lg Air Conditioner,247213.7,3,5,704559.04,Pos,41.5,Female,Regular,5.0,11.0,True,INVALID,704559.045,2023,1,January,Q1,36-45,True,0-9%
ORD-100244,2023-01-01,Customer_28,customer244@example.com,8022549802.0,Anambra,Flutterwave Store,Sports,Adidas Running Sneakers,9036.71,1,15,64540.42,Card,63.0,Male,Regular,4.0,12.0,False,INVALID,7681.203499999999,2023,1,January,Q1,56-65,False,15-19%
ORD-100245,2023-01-01,Customer_74,customer245@example.com,8072257592.0,Kaduna,Jiji,Phones & Tablets,Infinix Hot 40 Pro,547486.86,1,5,520112.52,Bank Transfer,34.0,Female,Vip,5.0,1.0,True,INVALID,520112.51699999993,2023,1,January,Q1,26-35,True,0-9%
ORD-100246,2023-01-01,Customer_84,customer246@example.com,8073525889.0,Anambra,Jiji,Electronics,Samsung Smart Tv,29795.42,2,10,53631.76,Bank Transfer,61.0,Female,Vip,3.0,11.0,False,INVALID,53631.756,2023,1,January,Q1,56-65,False,10-14%
ORD-100247,2023-01-01,Customer_25,customer247@example.com,8036297753.0,Anambra,Jiji,Electronics,Scanfrost Refrigerator,212068.36,3,5,604394.83,Ussd,18.0,Female,Vip,4.0,2.0,True,INVALID,604394.8259999999,2023,1,January,Q1,18-25,True,0-9%
ORD-100248,2023-01-01,Customer_85,customer248@example.com,876974688.0,Imo,Flutterwave Store,Electronics,Hisense Chest Freezer,349783.42,1,0,349783.42,Ussd,57.0,Male,Premium,2.0,10.0,False,INVALID,349783.42,2023,1,January,Q1,56-65,True,No Discount
ORD-100249,2023-01-01,Customer_78,no-email@placeholder.ng,8029352875.0,Oyo,Whatsapp Commerce,Groceries,Dangote Semolina 10Kg,4668.55,3,15,11904.8,Bank Transfer,34.0,Male,New,2.0,2.0,True,INVALID,11904.802500000002,2023,1,January,Q1,26-35,False,15-19%
ORD-100250,2023-01-11,Customer_86,notanemail,8029702449.0,Kaduna,Flutterwave Store,Phones & Tablets,Samsung Galaxy A55,397005.74,5,0,64540.42,Ussd,24.0,Female,New,3.0,4.0,False,INVALID,1985028.7,2023,1,January,Q1,18-25,False,No Discount
ORD-100251,2023-02-11,Customer_26,notanemail,8074664783.0,Oyo,Jumia,Electronics,Sony Home Theatre,119806.38,2,10,215651.48,Bank Transfer,43.0,Male,Regular,4.0,2.0,False,INVALID,215651.48400000003,2023,2,February,Q1,36-45,True,10-14%
ORD-100252,2023-04-11,Customer_75,customer252@example.com,8003535489.0,Kano,Whatsapp Commerce,Books,Jamb Cbt Practice Book,2501.64,2,0,5003.28,Pay On Delivery,35.0,Male,Premium,5.0,7.0,False,INVALID,5003.28,2023,4,April,Q2,26-35,False,No Discount
ORD-100253,2023-05-11,Customer_71,customer253@example.com,8037931104.0,Imo,Jumia,Furniture,Wardrobe 4-Door,372236.24,5,0,1861181.2,Pos,60.0,Male,Vip,2.0,13.0,False,INVALID,1861181.2,2023,5,May,Q2,56-65,True,No Discount
ORD-100254,2023-06-11,Customer_17,customer254@example.com,8045523030.0,Enugu,Jumia,Electronics,Sony Home Theatre,79520.67,2,15,135185.14,Pay On Delivery,41.5,Male,Vip,3.0,9.0,False,INVALID,135185.139,2023,6,June,Q2,36-45,True,15-19%
ORD-100255,2023-07-11,Customer_82,customer255@example.com,899398941.0,Enugu,Flutterwave Store,Groceries,Titus Sardine 50Pcs,1364.62,5,20,5458.48,Pay On Delivery,29.0,Male,Regular,4.0,7.0,False,INVALID,5458.48,2023,7,July,Q3,26-35,False,20%+
ORD-100256,2023-08-11,Unknown Customer,customer256@example.com,8008937470.0,Anambra,Jiji,Sports,Kettlebell 20Kg,52346.23,4,20,167507.94,Pos,24.0,Male,Regular,4.0,12.0,False,INVALID,167507.93600000002,2023,8,August,Q3,18-25,True,20%+
ORD-100257,2023-01-01,Customer_56,customer257@example.com,8015141250.0,Delta,Whatsapp Commerce,Phones & Tablets,Iphone 15 128Gb,643436.51,4,0,2573746.04,Bank Transfer,34.0,Female,Premium,1.0,6.0,False,INVALID,2573746.04,2023,1,January,Q1,26-35,True,No Discount
ORD-100258,2023-11-11,Customer_64,customer258@example.com,8061570844.0,Abuja,Konga,Beauty,Mac Foundation,18830.56,1,5,17889.03,Bank Transfer,62.0,Female,New,1.0,10.0,False,INVALID,17889.032,2023,11,November,Q4,56-65,False,0-9%
ORD-100259,2023-12-11,Customer_20,customer259@example.com,8015378872.0,Kano,Jiji,Groceries,Golden Penny Rice 25Kg,911.62,2,0,1823.24,Ussd,29.0,Female,New,2.0,1.0,False,INVALID,1823.24,2023,12,December,Q4,26-35,False,No Discount
ORD-100260,2023-01-01,Customer_38,customer260@example.com,0000000000,Imo,Konga,Electronics,Lg Air Conditioner,167473.13,2,20,267957.01,Card,53.0,Female,Vip,1.0,11.0,False,INVALID,267957.00800000003,2023,1,January,Q1,46-55,True,20%+
ORD-100261,2023-01-01,Customer_75,no-email@placeholder.ng,8049857909.0,Delta,Flutterwave Store,Phones & Tablets,Iphone 15 128Gb,434662.45,2,0,869324.9,Bank Transfer,51.0,Female,Regular,2.0,10.0,True,INVALID,869324.9,2023,1,January,Q1,46-55,True,No Discount
ORD-100262,2023-01-01,Customer_58,customer262@example.com,8085477211.0,Delta,Whatsapp Commerce,Furniture,L-Shape Office Sofa,331159.66,3,10,894131.08,Pos,55.0,Male,Premium,5.0,9.0,False,INVALID,894131.082,2023,1,January,Q1,46-55,True,10-14%
ORD-100263,2023-01-01,Customer_16,customer263@example.com,8067977921.0,Abuja,Flutterwave Store,Electronics,Sony Home Theatre,232806.06,3,10,628576.36,Card,32.0,Male,Vip,2.0,5.0,False,INVALID,628576.362,2023,1,January,Q1,26-35,True,10-14%
ORD-100264,2023-01-01,Customer_51,customer264@example.com,8028660696.0,Enugu,Konga,Groceries,Honeywell Flour 10Kg,3235.23,5,15,13749.73,Pos,45.0,Male,New,1.0,11.0,False,INVALID,13749.727499999999,2023,1,January,Q1,36-45,False,15-19%
ORD-100265,2023-01-01,Customer_27,customer265@example.com,8072916444.0,Delta,Jumia,Fashion,Female Gele Headtie,26328.78,2,10,64540.42,Pos,24.0,Female,New,5.0,5.0,False,INVALID,47391.804,2023,1,January,Q1,18-25,False,10-14%
ORD-100266,2023-01-01,Customer_51,customer266@example.com,8075685037.0,Delta,Flutterwave Store,Books,Waec Past Questions,6395.47,5,15,27180.75,Pos,48.0,Female,Premium,1.0,6.0,False,INVALID,27180.7475,2023,1,January,Q1,46-55,False,15-19%
ORD-100267,2023-01-01,Customer_75,customer267@example.com,8092209050.0,Kano,Whatsapp Commerce,Beauty,Mac Foundation,22216.96,5,15,94422.08,Card,40.0,Male,Vip,3.0,9.0,False,INVALID,94422.07999999999,2023,1,January,Q1,36-45,True,15-19%
ORD-100268,2023-01-01,Customer_16,customer268@example.com,8046585830.0,Abuja,Flutterwave Store,Sports,Treadmill Manual,65041.02,3,15,165854.6,Pay On Delivery,29.0,Female,Premium,3.0,7.0,False,INVALID,165854.601,2023,1,January,Q1,26-35,True,15-19%
ORD-100269,2023-01-01,Customer_87,customer269@example.com,749335315.0,Delta,Jiji,Groceries,Dangote Semolina 10Kg,3807.74,2,20,6092.38,Pos,41.5,Male,Vip,4.0,8.0,False,INVALID,6092.384,2023,1,January,Q1,36-45,False,20%+
ORD-100270,2023-01-01,Unknown Customer,customer270@example.com,8008449314.0,Lagos,Flutterwave Store,Phones & Tablets,Infinix Hot 40 Pro,344431.37,5,20,1377725.48,Ussd,50.0,Male,New,1.0,8.0,False,INVALID,1377725.4800000002,2023,1,January,Q1,46-55,True,20%+
ORD-100271,2023-01-01,Customer_76,customer271@example.com,8088505435.0,Imo,Konga,Beauty,Neutrogena Body Lotion,14652.75,1,5,13920.11,Bank Transfer,56.0,Male,Regular,2.0,8.0,False,INVALID,13920.1125,2023,1,January,Q1,56-65,False,0-9%
ORD-100272,2023-01-01,Customer_40,no-email@placeholder.ng,8016389143.0,Delta,Flutterwave Store,Beauty,Maybelline Mascara,20256.24,2,0,40512.48,Bank Transfer,29.0,Female,Regular,5.0,1.0,False,INVALID,40512.48,2023,1,January,Q1,26-35,False,No Discount
ORD-100273,2023-01-01,Customer_67,customer273@example.com,8077557984.0,Anambra,Whatsapp Commerce,Beauty,Mac Foundation,13829.32,2,15,23509.84,Bank Transfer,45.0,Female,New,1.0,1.0,False,INVALID,23509.843999999997,2023,1,January,Q1,36-45,False,15-19%
ORD-100274,2023-01-01,Customer_2,customer274@example.com,8019943033.0,Kaduna,Flutterwave Store,Electronics,Scanfrost Refrigerator,236654.48,2,15,402312.62,Card,56.0,Male,Regular,1.0,8.0,False,INVALID,402312.616,2023,1,January,Q1,56-65,True,15-19%
ORD-100275,2023-02-12,Customer_48,customer275@example.com,8008234654.0,Anambra,Flutterwave Store,Books,Acca F3 Textbook,9168.84,5,0,45844.2,Ussd,19.0,Male,Regular,4.0,5.0,False,INVALID,45844.2,2023,2,February,Q1,18-25,False,No Discount
ORD-100276,2023-03-12,Customer_52,customer276@example.com,8065462081.0,Abuja,Whatsapp Commerce,Electronics,Scanfrost Refrigerator,189256.32,2,0,378512.64,Ussd,19.0,Female,Vip,2.0,9.0,False,INVALID,378512.64,2023,3,March,Q1,18-25,True,No Discount
ORD-100277,2023-04-12,Unknown Customer,customer277@example.com,8079825606.0,Oyo,Flutterwave Store,Phones & Tablets,Xiaomi Redmi Note 13,361515.05,3,15,921863.38,Ussd,43.0,Female,Premium,3.0,2.0,True,INVALID,921863.3775,2023,4,April,Q2,36-45,True,15-19%
ORD-100278,2023-05-12,Customer_93,customer278@example.com,8073374540.0,Anambra,Whatsapp Commerce,Electronics,Hisense Chest Freezer,308682.9,3,5,879746.26,Ussd,23.0,Female,Vip,5.0,9.0,False,INVALID,879746.265,2023,5,May,Q2,18-25,True,0-9%
ORD-100279,2023-07-12,Customer_98,customer279@example.com,8016547415.0,Kaduna,Konga,Fashion,Female Gele Headtie,20244.01,4,10,72878.44,Ussd,17.0,Female,Premium,2.0,12.0,False,INVALID,72878.436,2023,7,July,Q3,Under 18,True,10-14%
ORD-100280,2023-08-12,Customer_84,customer280@example.com,8056105241.0,Anambra,Whatsapp Commerce,Books,Jamb Cbt Practice Book,6188.98,2,10,11140.16,Pay On Delivery,41.5,Male,Premium,5.0,8.0,False,INVALID,11140.163999999999,2023,8,August,Q3,36-45,False,10-14%
ORD-100281,2023-09-12,Customer_82,customer281@example.com,8039105396.0,Delta,Konga,Books,Ican Study Pack,11895.69,1,0,11895.69,Ussd,61.0,Male,Regular,1.0,9.0,False,INVALID,11895.69,2023,9,September,Q3,56-65,False,No Discount
ORD-100282,2023-10-12,Customer_78,customer282@example.com,8091488169.0,Kaduna,Konga,Phones & Tablets,Xiaomi Redmi Note 13,35181.71,4,0,140726.84,Ussd,37.0,Female,Premium,4.0,4.0,False,INVALID,140726.84,2023,10,October,Q4,36-45,True,No Discount
ORD-100283,2023-11-12,Customer_82,customer283@example.com,8002886223.0,Imo,Whatsapp Commerce,Sports,Adidas Running Sneakers,24700.33,3,10,66690.89,Card,56.0,Female,Premium,4.0,1.0,False,INVALID,66690.891,2023,11,November,Q4,56-65,True,10-14%
ORD-100284,2023-01-01,Customer_2,customer284@example.com,8014665997.0,Oyo,Flutterwave Store,Fashion,Men Agbada Set,18818.47,2,10,33873.25,Card,31.0,Female,New,3.0,1.0,False,INVALID,33873.24600000001,2023,1,January,Q1,26-35,False,10-14%
ORD-100285,2023-01-01,Customer_65,customer285@example.com,8021114093.0,Delta,Jiji,Groceries,Golden Penny Rice 25Kg,7494.42,3,20,17986.61,Ussd,44.0,Female,Premium,4.0,5.0,False,INVALID,17986.608000000004,2023,1,January,Q1,36-45,False,20%+
ORD-100286,2023-01-01,Customer_20,missing@,8014937049.0,Lagos,Whatsapp Commerce,Electronics,Lg Air Conditioner,38459.95,2,5,73073.9,Pay On Delivery,64.0,Male,New,1.0,2.0,False,INVALID,73073.90499999998,2023,1,January,Q1,56-65,True,0-9%
ORD-100287,2023-01-01,Customer_34,customer287@example.com,8093701061.0,Lagos,Flutterwave Store,Furniture,Glass Centre Table,29505.58,4,0,118022.32,Ussd,63.0,Female,Vip,3.0,8.0,False,INVALID,118022.32,2023,1,January,Q1,56-65,True,No Discount
ORD-100288,2023-01-01,Customer_41,customer288@example.com,8059109294.0,Abuja,Konga,Electronics,Scanfrost Refrigerator,32649.09,2,0,65298.18,Ussd,45.0,Female,Regular,2.0,10.0,False,INVALID,65298.18,2023,1,January,Q1,36-45,True,No Discount
ORD-100289,2023-01-01,Customer_41,customer289@example.com,8084195753.0,Rivers,Jumia,Beauty,Maybelline Mascara,2942.75,3,20,7062.6,Ussd,27.0,Male,Premium,4.0,11.0,False,INVALID,7062.6,2023,1,January,Q1,26-35,False,20%+
ORD-100290,2023-01-01,Customer_75,customer290@example.com,8079175105.0,Anambra,Jiji,Electronics,Samsung Smart Tv,27594.92,5,20,110379.68,Pos,41.5,Female,New,3.0,5.0,False,INVALID,110379.68,2023,1,January,Q1,36-45,True,20%+
ORD-100291,2023-01-01,Customer_91,customer291@example.com,8049783675.0,Kaduna,Flutterwave Store,Groceries,Dangote Semolina 10Kg,4098.36,2,0,8196.72,Pay On Delivery,26.0,Male,Vip,1.0,5.0,False,INVALID,8196.72,2023,1,January,Q1,26-35,False,No Discount
ORD-100292,2023-01-01,Customer_23,customer292@example.com,8084132396.0,Delta,Jiji,Electronics,Lg Air Conditioner,209553.66,2,20,335285.86,Bank Transfer,61.0,Male,Vip,5.0,2.0,False,INVALID,335285.856,2023,1,January,Q1,56-65,True,20%+
ORD-100293,2023-01-01,Customer_38,customer293@example.com,8007460104.0,Lagos,Jumia,Fashion,Ankara Midi Dress,14046.7,1,5,13344.36,Ussd,36.0,Male,Vip,5.0,7.0,False,INVALID,13344.365,2023,1,January,Q1,36-45,False,0-9%
ORD-100294,2023-01-01,Customer_44,customer294@example.com,900708818.0,Oyo,Jumia,Fashion,Female Aso-Oke,19427.21,2,10,34968.98,Bank Transfer,36.0,Female,New,1.0,13.0,False,INVALID,34968.978,2023,1,January,Q1,36-45,False,10-14%
ORD-100295,2023-01-01,Customer_67,missing@,8050372411.0,Rivers,Jumia,Books,Nigerian Law Reports,2190.35,4,15,7447.19,Pay On Delivery,20.0,Male,New,1.0,8.0,True,INVALID,7447.19,2023,1,January,Q1,18-25,False,15-19%
ORD-100296,2023-01-01,Customer_62,customer296@example.com,816179064.0,Oyo,Whatsapp Commerce,Phones & Tablets,Tecno Spark 20 Pro,292323.4,1,0,292323.4,Ussd,41.5,Female,Regular,5.0,10.0,False,INVALID,292323.4,2023,1,January,Q1,36-45,True,No Discount
ORD-100297,2023-01-01,Customer_12,customer297@example.com,8070791651.0,Anambra,Jiji,Sports,Adidas Running Sneakers,64134.75,1,10,57721.28,Bank Transfer,35.0,Female,Premium,3.0,13.0,False,INVALID,57721.275,2023,1,January,Q1,26-35,False,10-14%
ORD-100298,2023-01-01,Customer_30,customer298@example.com,8072064460.0,Kano,Whatsapp Commerce,Furniture,Glass Centre Table,372829.11,1,10,335546.2,Bank Transfer,52.0,Male,Vip,5.0,1.0,True,INVALID,335546.199,2023,1,January,Q1,46-55,True,10-14%
ORD-100299,2023-01-01,Customer_95,customer299@example.com,8047994692.0,Rivers,Jumia,Beauty,Dark & Lovely Relaxer,880.98,3,0,2642.94,Pay On Delivery,18.0,Male,Regular,1.0,2.0,False,INVALID,2642.94,2023,1,January,Q1,18-25,False,No Discount
ORD-100300,2024-01-01,Customer_87,customer300@example.com,8048932875.0,Enugu,Flutterwave Store,Electronics,Samsung Smart Tv,171549.11,2,0,343098.22,Ussd,41.5,Male,New,4.0,10.0,True,INVALID,343098.22,2024,1,January,Q1,36-45,True,No Discount
ORD-100301,2024-02-01,Customer_65,customer301@example.com,8005225295.0,Kano,Jumia,Electronics,Scanfrost Refrigerator,114495.96,1,20,91596.77,Pos,48.0,Female,Regular,2.0,4.0,False,INVALID,91596.76800000001,2024,2,February,Q1,46-55,True,20%+
ORD-100302,2024-04-01,Customer_41,missing@,8071631603.0,Kano,Whatsapp Commerce,Groceries,Dangote Semolina 10Kg,6896.16,1,15,5861.74,Pay On Delivery,24.0,Female,Vip,4.0,5.0,False,INVALID,5861.736,2024,4,April,Q2,18-25,False,15-19%
ORD-100303,2024-05-01,Customer_20,customer303@example.com,8029912097.0,Anambra,Jumia,Phones & Tablets,Tecno Spark 20 Pro,582398.29,4,0,2329593.16,Pos,24.0,Male,Vip,4.0,13.0,True,INVALID,2329593.16,2024,5,May,Q2,18-25,True,No Discount
ORD-100304,2024-06-01,Customer_6,customer304@example.com,8021492273.0,Oyo,Jumia,Fashion,Ankara Midi Dress,27537.11,2,20,44059.38,Ussd,19.0,Female,Regular,1.0,2.0,False,INVALID,44059.376000000004,2024,6,June,Q2,18-25,False,20%+
ORD-100305,2024-07-01,Customer_75,customer305@example.com,925316099.0,Imo,Whatsapp Commerce,Furniture,Glass Centre Table,156701.18,5,10,705155.31,Bank Transfer,50.0,Male,Vip,5.0,1.0,False,INVALID,705155.3099999999,2024,7,July,Q3,46-55,True,10-14%
ORD-100306,2024-08-01,Customer_99,customer306@example.com,8097158057.0,Lagos,Whatsapp Commerce,Books,Waec Past Questions,11031.66,5,15,46884.56,Pay On Delivery,32.0,Female,New,3.0,9.0,False,INVALID,46884.555,2024,8,August,Q3,26-35,False,15-19%
ORD-100307,2024-10-01,Customer_4,customer307@example.com,8045423638.0,Kaduna,Flutterwave Store,Fashion,Female Gele Headtie,4416.78,2,20,7066.85,Pay On Delivery,49.0,Female,Vip,3.0,7.0,False,INVALID,7066.848,2024,10,October,Q4,46-55,False,20%+
ORD-100308,2024-11-01,Customer_93,no-email@placeholder.ng,8047497789.0,Kaduna,Whatsapp Commerce,Beauty,Mac Foundation,3449.12,1,5,3276.66,Pay On Delivery,39.0,Female,Premium,5.0,7.0,True,INVALID,3276.6639999999998,2024,11,November,Q4,36-45,False,0-9%
ORD-100309,2024-12-01,Customer_10,customer309@example.com,8024521648.0,Delta,Flutterwave Store,Phones & Tablets,Infinix Hot 40 Pro,334597.06,5,20,1338388.24,Card,47.0,Female,Premium,3.0,4.0,False,INVALID,1338388.2400000002,2024,12,December,Q4,46-55,True,20%+
ORD-100310,2023-01-01,Customer_51,customer310@example.com,8053849586.0,Delta,Konga,Beauty,Maybelline Mascara,3811.39,3,0,11434.17,Ussd,16.0,Male,Vip,4.0,2.0,False,INVALID,11434.17,2023,1,January,Q1,Under 18,False,No Discount
ORD-100311,2023-01-01,Customer_93,customer311@example.com,8031292352.0,Kano,Konga,Sports,Yoga Mat Non-Slip,114900.64,5,10,517052.88,Card,23.0,Male,Regular,3.0,11.0,False,INVALID,517052.87999999995,2023,1,January,Q1,18-25,True,10-14%
ORD-100312,2023-01-01,Customer_38,customer312@example.com,8008848686.0,Kano,Whatsapp Commerce,Books,Ican Study Pack,9818.28,5,20,39273.12,Pay On Delivery,60.0,Male,Vip,5.0,4.0,True,INVALID,39273.12,2023,1,January,Q1,56-65,False,20%+
ORD-100313,2023-01-01,Customer_1,customer313@example.com,8076543627.0,Imo,Jumia,Sports,Yoga Mat Non-Slip,33300.97,5,0,166504.85,Pay On Delivery,38.0,Female,Premium,2.0,8.0,False,INVALID,166504.85,2023,1,January,Q1,36-45,True,No Discount
ORD-100314,2023-01-01,Customer_8,customer314@example.com,8018472617.0,Anambra,Jiji,Groceries,Titus Sardine 50Pcs,4914.16,1,0,4914.16,Pos,62.0,Female,New,5.0,8.0,False,INVALID,4914.16,2023,1,January,Q1,56-65,False,No Discount
ORD-100315,2023-01-01,Customer_81,customer315@example.com,8030489381.0,Lagos,Jumia,Beauty,Maybelline Mascara,24572.4,1,0,24572.4,Card,55.0,Male,Premium,1.0,7.0,False,INVALID,24572.4,2023,1,January,Q1,46-55,False,No Discount
ORD-100316,2023-01-01,Customer_83,customer316@example.com,8034700883.0,Delta,Whatsapp Commerce,Groceries,Titus Sardine 50Pcs,7131.49,3,5,20324.75,Bank Transfer,27.0,Male,Vip,3.0,12.0,False,INVALID,20324.7465,2023,1,January,Q1,26-35,False,0-9%
ORD-100317,2023-01-01,Customer_63,notanemail,8035084230.0,Imo,Flutterwave Store,Electronics,Lg Air Conditioner,216267.48,1,10,194640.73,Ussd,27.0,Male,Vip,2.0,9.0,False,INVALID,194640.73200000002,2023,1,January,Q1,26-35,True,10-14%
ORD-100318,2023-01-01,Unknown Customer,customer318@example.com,8031838926.0,Kaduna,Jumia,Sports,Kettlebell 20Kg,108735.7,2,0,217471.4,Bank Transfer,61.0,Female,Regular,3.0,13.0,False,INVALID,217471.4,2023,1,January,Q1,56-65,True,No Discount
ORD-100319,2023-01-01,Customer_15,customer319@example.com,0000000000,Enugu,Konga,Phones & Tablets,Samsung Galaxy A55,791726.46,2,0,1583452.92,Bank Transfer,62.0,Male,Vip,3.0,11.0,False,INVALID,1583452.92,2023,1,January,Q1,56-65,True,No Discount
ORD-100320,2023-01-01,Customer_31,customer320@example.com,8068293939.0,Delta,Whatsapp Commerce,Beauty,Neutrogena Body Lotion,18789.14,2,5,35699.37,Ussd,30.0,Male,Vip,3.0,12.0,False,INVALID,35699.365999999995,2023,1,January,Q1,26-35,False,0-9%
ORD-100321,2023-01-01,Customer_21,customer321@example.com,8023219801.0,Enugu,Jumia,Furniture,Computer Work Desk,55868.54,4,0,223474.16,Pay On Delivery,56.0,Male,New,1.0,5.0,False,INVALID,223474.16,2023,1,January,Q1,56-65,True,No Discount
ORD-100322,2023-01-01,Customer_3,customer322@example.com,8004954306.0,Lagos,Jumia,Books,Waec Past Questions,5537.07,5,0,27685.35,Pos,34.0,Male,New,3.0,7.0,False,INVALID,27685.35,2023,1,January,Q1,26-35,False,No Discount
ORD-100323,2023-01-01,Customer_66,customer323@example.com,8029394040.0,Lagos,Flutterwave Store,Fashion,Ankara Midi Dress,38107.59,4,0,152430.36,Pay On Delivery,41.0,Male,New,5.0,3.0,False,INVALID,152430.36,2023,1,January,Q1,36-45,True,No Discount
ORD-100324,2023-01-01,Customer_35,customer324@example.com,8028168594.0,Anambra,Flutterwave Store,Phones & Tablets,Samsung Galaxy A55,211385.43,1,0,211385.43,Pay On Delivery,44.0,Male,Regular,5.0,10.0,True,INVALID,211385.43,2023,1,January,Q1,36-45,True,No Discount
ORD-100325,2024-01-02,Customer_41,customer325@example.com,8041765448.0,Delta,Flutterwave Store,Phones & Tablets,Xiaomi Redmi Note 13,670441.53,2,0,1340883.06,Card,37.0,Male,Regular,4.0,4.0,False,INVALID,1340883.06,2024,1,January,Q1,36-45,True,No Discount
ORD-100326,2024-02-02,Customer_59,no-email@placeholder.ng,8053968447.0,Kano,Jiji,Groceries,Titus Sardine 50Pcs,1402.54,3,0,4207.62,Bank Transfer,55.0,Male,Premium,1.0,10.0,False,INVALID,4207.62,2024,2,February,Q1,46-55,False,No Discount
ORD-100327,2024-03-02,Customer_16,customer327@example.com,8091825516.0,Delta,Whatsapp Commerce,Sports,Nigeria Football Jersey,8492.61,1,10,7643.35,Bank Transfer,36.0,Male,Regular,1.0,9.0,False,INVALID,7643.349000000001,2024,3,March,Q1,36-45,False,10-14%
ORD-100328,2024-04-02,Customer_56,customer328@example.com,8007107155.0,Imo,Whatsapp Commerce,Beauty,Neutrogena Body Lotion,10094.99,5,15,42903.71,Bank Transfer,53.0,Female,New,5.0,10.0,False,INVALID,42903.7075,2024,4,April,Q2,46-55,False,15-19%
ORD-100329,2024-05-02,Customer_45,customer329@example.com,8029366711.0,Anambra,Konga,Beauty,Neutrogena Body Lotion,1688.91,2,20,2702.26,Pos,35.0,Male,Regular,2.0,10.0,False,INVALID,2702.2560000000003,2024,5,May,Q2,26-35,False,20%+
ORD-100330,2023-01-01,Customer_59,notanemail,8089838249.0,Imo,Konga,Electronics,Lg Air Conditioner,335685.54,3,0,1007056.62,Pos,44.0,Male,Vip,4.0,12.0,False,INVALID,1007056.6199999999,2023,1,January,Q1,36-45,True,No Discount
ORD-100331,2024-08-02,Customer_50,customer331@example.com,8029853376.0,Rivers,Whatsapp Commerce,Electronics,Sony Home Theatre,291778.91,5,0,1458894.55,Pos,19.0,Male,Regular,4.0,1.0,False,INVALID,1458894.5499999998,2024,8,August,Q3,18-25,True,No Discount
ORD-100332,2024-09-02,Customer_85,customer332@example.com,8072891501.0,Delta,Jumia,Books,Jamb Cbt Practice Book,9848.31,4,0,39393.24,Ussd,41.5,Female,Vip,5.0,2.0,False,INVALID,39393.24,2024,9,September,Q3,36-45,False,No Discount
ORD-100333,2024-10-02,Customer_12,customer333@example.com,8070892108.0,Oyo,Whatsapp Commerce,Groceries,Golden Penny Rice 25Kg,5223.33,4,0,20893.32,Pos,43.0,Female,Premium,5.0,5.0,True,INVALID,20893.32,2024,10,October,Q4,36-45,False,No Discount
ORD-100334,2024-12-02,Customer_92,customer334@example.com,8006166986.0,Kaduna,Jiji,Phones & Tablets,Tecno Spark 20 Pro,200487.88,3,10,541317.28,Card,43.0,Male,Vip,2.0,3.0,True,INVALID,541317.2760000001,2024,12,December,Q4,36-45,True,10-14%
ORD-100335,2023-01-01,Customer_12,customer335@example.com,8073737435.0,Kano,Konga,Beauty,Dark & Lovely Relaxer,13341.9,4,0,53367.6,Card,19.0,Female,New,2.0,2.0,False,INVALID,53367.6,2023,1,January,Q1,18-25,False,No Discount
ORD-100336,2023-01-01,Customer_33,notanemail,8018929397.0,Kano,Konga,Furniture,Glass Centre Table,308705.18,2,5,586539.84,Pay On Delivery,37.0,Female,Premium,1.0,1.0,False,INVALID,586539.842,2023,1,January,Q1,36-45,True,0-9%
ORD-100337,2023-01-01,Customer_84,customer337@example.com,8096483210.0,Kano,Konga,Groceries,Golden Penny Rice 25Kg,4437.74,1,5,64540.42,Pay On Delivery,27.0,Male,Premium,4.0,10.0,False,INVALID,4215.852999999999,2023,1,January,Q1,26-35,False,0-9%
ORD-100338,2023-01-01,Customer_49,customer338@example.com,828844355.0,Enugu,Whatsapp Commerce,Books,Acca F3 Textbook,4010.52,1,15,3408.94,Pay On Delivery,60.0,Female,Premium,4.0,3.0,False,INVALID,3408.942,2023,1,January,Q1,56-65,False,15-19%
ORD-100339,2023-01-01,Unknown Customer,customer339@example.com,8016846312.0,Delta,Konga,Books,Waec Past Questions,6764.68,1,0,6764.68,Pay On Delivery,18.0,Female,New,5.0,1.0,False,INVALID,6764.68,2023,1,January,Q1,18-25,False,No Discount
ORD-100340,2023-01-01,Customer_60,customer340@example.com,8056237365.0,Anambra,Konga,Groceries,Honeywell Flour 10Kg,4183.9,5,0,20919.5,Card,37.0,Male,Vip,1.0,12.0,False,INVALID,20919.5,2023,1,January,Q1,36-45,False,No Discount
ORD-100341,2023-01-01,Customer_52,customer341@example.com,8025268209.0,Anambra,Whatsapp Commerce,Books,Nigerian Law Reports,11960.43,1,0,11960.43,Pay On Delivery,59.0,Male,Premium,4.0,1.0,False,INVALID,11960.43,2023,1,January,Q1,56-65,False,No Discount
ORD-100342,2023-01-01,Customer_54,customer342@example.com,8007818476.0,Enugu,Jumia,Groceries,Indomie Noodles Carton,7230.77,1,15,6146.15,Card,17.0,Female,New,1.0,7.0,True,INVALID,6146.154500000001,2023,1,January,Q1,Under 18,False,15-19%
ORD-100343,2023-01-01,Customer_39,customer343@example.com,8014285023.0,Lagos,Konga,Fashion,Ankara Midi Dress,22193.68,1,5,21084.0,Pos,41.5,Male,Premium,3.0,1.0,False,INVALID,21083.996,2023,1,January,Q1,36-45,False,0-9%
ORD-100344,2023-01-01,Customer_49,customer344@example.com,8030717575.0,Delta,Konga,Groceries,Dangote Semolina 10Kg,5172.03,3,0,15516.09,Pos,49.0,Male,Premium,5.0,8.0,False,INVALID,15516.09,2023,1,January,Q1,46-55,False,No Discount
ORD-100345,2023-01-01,Customer_64,customer345@example.com,8099767761.0,Rivers,Konga,Sports,Yoga Mat Non-Slip,90500.98,1,15,76925.83,Ussd,42.0,Male,New,1.0,3.0,False,INVALID,76925.833,2023,1,January,Q1,36-45,True,15-19%
ORD-100346,2023-01-01,Customer_100,customer346@example.com,8058010924.0,Rivers,Jiji,Groceries,Titus Sardine 50Pcs,761.49,1,15,647.27,Pay On Delivery,41.5,Female,Regular,2.0,11.0,False,INVALID,647.2665,2023,1,January,Q1,36-45,False,15-19%
ORD-100347,2023-01-01,Customer_86,customer347@example.com,8075002977.0,Kano,Whatsapp Commerce,Books,Jamb Cbt Practice Book,10865.15,1,0,10865.15,Pos,16.0,Male,Premium,2.0,1.0,False,INVALID,10865.15,2023,1,January,Q1,Under 18,False,No Discount
ORD-100348,2023-01-01,Customer_26,customer348@example.com,8023832464.0,Anambra,Konga,Beauty,Dark & Lovely Relaxer,21615.07,2,0,43230.14,Pos,23.0,Female,Regular,3.0,7.0,False,INVALID,43230.14,2023,1,January,Q1,18-25,False,No Discount
ORD-100349,2024-01-03,Customer_71,customer349@example.com,8031951204.0,Abuja,Jiji,Sports,Treadmill Manual,56519.56,3,10,152602.81,Bank Transfer,38.0,Female,Premium,5.0,10.0,False,INVALID,152602.812,2024,1,January,Q1,36-45,True,10-14%
ORD-100350,2024-02-03,Customer_7,customer350@example.com,8064175331.0,Lagos,Jumia,Books,Acca F3 Textbook,5424.63,2,0,10849.26,Bank Transfer,53.0,Male,Regular,3.0,3.0,False,INVALID,10849.26,2024,2,February,Q1,46-55,False,No Discount
ORD-100351,2024-03-03,Customer_72,customer351@example.com,8024955352.0,Imo,Jumia,Electronics,Lg Air Conditioner,106441.39,1,5,101119.32,Card,21.0,Female,Vip,2.0,8.0,True,INVALID,101119.3205,2024,3,March,Q1,18-25,True,0-9%
ORD-100352,2024-04-03,Customer_62,customer352@example.com,8031620198.0,Kano,Jiji,Electronics,Lg Air Conditioner,174686.74,2,0,349373.48,Ussd,37.0,Male,Regular,3.0,7.0,False,INVALID,349373.48,2024,4,April,Q2,36-45,True,No Discount
ORD-100353,2024-06-03,Customer_90,customer353@example.com,8050132076.0,Rivers,Jumia,Beauty,Nivea Fair & Lovely,1873.92,2,0,3747.84,Bank Transfer,40.0,Male,Regular,5.0,4.0,True,INVALID,3747.84,2024,6,June,Q2,36-45,False,No Discount
ORD-100354,2023-01-01,Customer_88,customer354@example.com,8030900030.0,Rivers,Flutterwave Store,Beauty,Nivea Fair & Lovely,21423.08,2,20,34276.93,Ussd,33.0,Male,Regular,5.0,5.0,False,INVALID,34276.92800000001,2023,1,January,Q1,26-35,False,20%+
ORD-100355,2024-08-03,Customer_24,customer355@example.com,8061768535.0,Delta,Jumia,Sports,Treadmill Manual,7144.42,5,20,28577.68,Pos,32.0,Male,Regular,1.0,6.0,False,INVALID,28577.68,2024,8,August,Q3,26-35,False,20%+
ORD-100356,2024-09-03,Customer_40,customer356@example.com,8082210026.0,Lagos,Flutterwave Store,Fashion,Female Aso-Oke,16484.68,1,15,14011.98,Card,27.0,Male,Vip,4.0,7.0,False,INVALID,14011.978,2024,9,September,Q3,26-35,False,15-19%
ORD-100357,2024-11-03,Customer_76,customer357@example.com,8060154710.0,Lagos,Jiji,Beauty,Nivea Fair & Lovely,23344.47,1,0,23344.47,Ussd,21.0,Female,New,1.0,4.0,False,INVALID,23344.47,2024,11,November,Q4,18-25,False,No Discount
ORD-100358,2024-12-03,Customer_47,customer358@example.com,8077175861.0,Abuja,Flutterwave Store,Electronics,Sony Home Theatre,261296.24,1,10,235166.62,Bank Transfer,41.0,Female,Regular,5.0,8.0,False,INVALID,235166.616,2024,12,December,Q4,36-45,True,10-14%
ORD-100359,2023-01-01,Customer_8,customer359@example.com,8063833873.0,Rivers,Jumia,Groceries,Dangote Semolina 10Kg,2610.43,2,0,5220.86,Pos,42.0,Male,New,2.0,13.0,False,INVALID,5220.86,2023,1,January,Q1,36-45,False,No Discount
ORD-100360,2023-01-01,Customer_54,customer360@example.com,8069576431.0,Kaduna,Konga,Books,Waec Past Questions,3928.61,2,5,7464.36,Pay On Delivery,23.0,Female,Premium,2.0,6.0,True,INVALID,7464.3589999999995,2023,1,January,Q1,18-25,False,0-9%
ORD-100361,2023-01-01,Customer_9,customer361@example.com,8033416453.0,Delta,Flutterwave Store,Electronics,Sony Home Theatre,16702.52,1,20,64540.42,Pos,34.0,Female,New,1.0,1.0,False,INVALID,13362.016000000001,2023,1,January,Q1,26-35,False,20%+
ORD-100362,2023-01-01,Customer_3,customer362@example.com,8045208823.0,Anambra,Jumia,Electronics,Lg Air Conditioner,248064.29,1,10,223257.86,Bank Transfer,57.0,Female,Regular,5.0,1.0,False,INVALID,223257.861,2023,1,January,Q1,56-65,True,10-14%
ORD-100363,2023-01-01,Unknown Customer,customer363@example.com,8025703017.0,Kaduna,Konga,Fashion,Female Aso-Oke,4573.3,5,5,21723.18,Bank Transfer,16.0,Female,New,2.0,9.0,False,INVALID,21723.175,2023,1,January,Q1,Under 18,False,0-9%
ORD-100364,2023-01-01,Customer_21,customer364@example.com,8012885241.0,Oyo,Jiji,Sports,Adidas Running Sneakers,65314.49,1,5,62048.77,Pay On Delivery,44.0,Male,Vip,5.0,10.0,False,INVALID,62048.765499999994,2023,1,January,Q1,36-45,False,0-9%
ORD-100365,2023-01-01,Customer_95,customer365@example.com,8075712690.0,Delta,Jiji,Sports,Yoga Mat Non-Slip,115568.27,3,0,346704.81,Pos,60.0,Male,Vip,2.0,6.0,False,INVALID,346704.81,2023,1,January,Q1,56-65,True,No Discount
ORD-100366,2023-01-01,Customer_48,customer366@example.com,8076322388.0,Imo,Whatsapp Commerce,Phones & Tablets,Xiaomi Redmi Note 13,118743.68,5,15,504660.64,Ussd,64.0,Male,Regular,5.0,10.0,False,INVALID,504660.6399999999,2023,1,January,Q1,56-65,True,15-19%
ORD-100367,2023-01-01,Customer_47,notanemail,8003173434.0,Anambra,Jiji,Fashion,Men Senator Native,40515.4,1,0,40515.4,Ussd,50.0,Female,New,3.0,8.0,False,INVALID,40515.4,2023,1,January,Q1,46-55,False,No Discount
ORD-100368,2023-01-01,Customer_88,customer368@example.com,8026212273.0,Lagos,Whatsapp Commerce,Groceries,Golden Penny Rice 25Kg,7936.07,2,0,15872.14,Pos,55.0,Female,Premium,5.0,13.0,False,INVALID,15872.14,2023,1,January,Q1,46-55,False,No Discount
ORD-100369,2023-01-01,Customer_68,notanemail,8043876743.0,Anambra,Jiji,Sports,Adidas Running Sneakers,10197.49,2,10,18355.48,Ussd,29.0,Male,Vip,5.0,7.0,False,INVALID,18355.482,2023,1,January,Q1,26-35,False,10-14%
ORD-100370,2023-01-01,Customer_84,customer370@example.com,8057616543.0,Delta,Jiji,Books,Jamb Cbt Practice Book,10735.39,1,15,9125.08,Pos,41.5,Male,Regular,3.0,12.0,True,INVALID,9125.081499999998,2023,1,January,Q1,36-45,False,15-19%
ORD-100371,2023-01-01,Customer_63,no-email@placeholder.ng,896275722.0,Rivers,Jiji,Beauty,Neutrogena Body Lotion,13289.11,1,10,11960.2,Pos,63.0,Female,Vip,3.0,6.0,False,INVALID,11960.199,2023,1,January,Q1,56-65,False,10-14%
ORD-100372,2023-01-01,Customer_16,customer372@example.com,8001033447.0,Oyo,Whatsapp Commerce,Fashion,Men Senator Native,41026.83,5,15,174364.03,Bank Transfer,60.0,Male,Regular,4.0,4.0,False,INVALID,174364.02750000003,2023,1,January,Q1,56-65,True,15-19%
ORD-100373,2023-01-01,Customer_74,customer373@example.com,980332502.0,Lagos,Whatsapp Commerce,Beauty,Mac Foundation,14625.92,3,20,35102.21,Card,35.0,Female,New,1.0,7.0,False,INVALID,35102.208000000006,2023,1,January,Q1,26-35,False,20%+
ORD-100374,2023-01-01,Customer_90,customer374@example.com,8088394811.0,Kaduna,Flutterwave Store,Electronics,Scanfrost Refrigerator,236807.52,1,10,213126.77,Bank Transfer,64.0,Male,New,4.0,9.0,False,INVALID,213126.76799999998,2023,1,January,Q1,56-65,True,10-14%
ORD-100375,2024-02-04,Customer_93,customer375@example.com,8074918167.0,Enugu,Jumia,Books,Jamb Cbt Practice Book,7072.81,4,0,28291.24,Ussd,28.0,Male,New,2.0,11.0,False,INVALID,28291.24,2024,2,February,Q1,26-35,False,No Discount
ORD-100376,2024-03-04,Customer_5,customer376@example.com,8003600532.0,Oyo,Jumia,Books,Nigerian Law Reports,10536.52,3,15,26868.13,Card,53.0,Female,New,4.0,10.0,False,INVALID,26868.126,2024,3,March,Q1,46-55,False,15-19%
ORD-100377,2024-04-04,Customer_11,customer377@example.com,968217920.0,Abuja,Jumia,Electronics,Lg Air Conditioner,260859.82,5,15,1108654.24,Pos,64.0,Male,New,5.0,10.0,False,INVALID,1108654.235,2024,4,April,Q2,56-65,True,15-19%
ORD-100378,2024-05-04,Unknown Customer,missing@,8009405996.0,Delta,Jiji,Fashion,Female Gele Headtie,24653.56,2,5,46841.76,Ussd,61.0,Male,Regular,4.0,7.0,False,INVALID,46841.764,2024,5,May,Q2,56-65,False,0-9%
ORD-100379,2024-06-04,Customer_79,customer379@example.com,8038087456.0,Imo,Jumia,Electronics,Hisense Chest Freezer,305833.87,2,5,581084.35,Pay On Delivery,64.0,Male,Vip,1.0,1.0,False,INVALID,581084.353,2024,6,June,Q2,56-65,True,0-9%
ORD-100380,2024-08-04,Customer_70,customer380@example.com,8065514263.0,Kaduna,Whatsapp Commerce,Beauty,Dark & Lovely Relaxer,6735.91,5,0,33679.55,Ussd,23.0,Male,Premium,1.0,10.0,False,INVALID,33679.55,2024,8,August,Q3,18-25,False,No Discount
ORD-100381,2024-09-04,Customer_48,customer381@example.com,8056725918.0,Imo,Flutterwave Store,Phones & Tablets,Samsung Galaxy A55,155365.6,2,10,279658.08,Card,58.0,Male,Vip,4.0,9.0,False,INVALID,279658.08,2024,9,September,Q3,56-65,True,10-14%
ORD-100382,2024-10-04,Customer_15,customer382@example.com,8091804047.0,Anambra,Konga,Books,Ican Study Pack,2932.32,1,5,2785.7,Card,35.0,Male,New,1.0,13.0,False,INVALID,2785.704,2024,10,October,Q4,26-35,False,0-9%
ORD-100383,2024-11-04,Customer_84,customer383@example.com,8017406540.0,Rivers,Flutterwave Store,Furniture,6Ft Orthopedic Mattress,183654.22,1,0,183654.22,Pos,48.0,Female,Vip,1.0,4.0,False,INVALID,183654.22,2024,11,November,Q4,46-55,True,No Discount
ORD-100384,2024-12-04,Customer_34,customer384@example.com,854333059.0,Anambra,Jumia,Furniture,Glass Centre Table,138377.76,4,20,442808.83,Pay On Delivery,41.0,Female,Vip,4.0,3.0,True,INVALID,442808.83200000005,2024,12,December,Q4,36-45,True,20%+
ORD-100385,2023-01-01,Customer_60,customer385@example.com,8071281536.0,Rivers,Jumia,Beauty,Mac Foundation,23308.19,3,20,55939.66,Pos,54.0,Female,Regular,3.0,4.0,False,INVALID,55939.655999999995,2023,1,January,Q1,46-55,False,20%+
ORD-100386,2023-01-01,Customer_62,customer386@example.com,8088930179.0,Kano,Whatsapp Commerce,Groceries,Honeywell Flour 10Kg,1293.76,3,5,3687.22,Pay On Delivery,41.5,Female,Premium,3.0,4.0,False,INVALID,3687.2159999999994,2023,1,January,Q1,36-45,False,0-9%
ORD-100387,2023-01-01,Customer_2,customer387@example.com,8030637882.0,Kano,Flutterwave Store,Sports,Adidas Running Sneakers,84781.92,1,10,76303.73,Pay On Delivery,64.0,Female,Premium,2.0,13.0,False,INVALID,76303.728,2023,1,January,Q1,56-65,True,10-14%
ORD-100388,2023-01-01,Customer_80,customer388@example.com,8059755367.0,Imo,Whatsapp Commerce,Electronics,Hisense Chest Freezer,78389.22,4,15,266523.35,Pos,57.0,Male,New,1.0,10.0,True,INVALID,266523.348,2023,1,January,Q1,56-65,True,15-19%
ORD-100389,2023-01-01,Customer_19,customer389@example.com,8027005983.0,Abuja,Whatsapp Commerce,Electronics,Hisense Chest Freezer,310348.44,1,0,310348.44,Ussd,58.0,Male,Regular,4.0,11.0,False,INVALID,310348.44,2023,1,January,Q1,56-65,True,No Discount
ORD-100390,2023-01-01,Customer_98,customer390@example.com,8005822139.0,Imo,Konga,Groceries,Indomie Noodles Carton,7709.86,1,10,6938.87,Bank Transfer,56.0,Female,Regular,1.0,2.0,False,INVALID,6938.874,2023,1,January,Q1,56-65,False,10-14%
ORD-100391,2023-01-01,Customer_49,customer391@example.com,8002958424.0,Kano,Whatsapp Commerce,Groceries,Titus Sardine 50Pcs,3991.03,2,0,7982.06,Pay On Delivery,24.0,Male,Regular,5.0,12.0,True,INVALID,7982.06,2023,1,January,Q1,18-25,False,No Discount
ORD-100392,2023-01-01,Customer_78,customer392@example.com,8064684147.0,Enugu,Whatsapp Commerce,Beauty,Nivea Fair & Lovely,22073.53,5,20,88294.12,Card,41.5,Male,Regular,1.0,1.0,True,INVALID,88294.12,2023,1,January,Q1,36-45,True,20%+
ORD-100393,2023-01-01,Unknown Customer,customer393@example.com,8092887777.0,Enugu,Konga,Beauty,Maybelline Mascara,924.51,3,5,2634.85,Pos,52.0,Male,Regular,1.0,12.0,True,INVALID,2634.8534999999997,2023,1,January,Q1,46-55,False,0-9%
ORD-100394,2023-01-01,Customer_28,customer394@example.com,8058720116.0,Abuja,Jiji,Groceries,Golden Penny Rice 25Kg,6649.6,1,5,6317.12,Ussd,64.0,Male,Premium,3.0,10.0,False,INVALID,6317.12,2023,1,January,Q1,56-65,False,0-9%
ORD-100395,2023-01-01,Customer_48,customer395@example.com,0000000000,Abuja,Jiji,Books,Ican Study Pack,3669.15,2,15,6237.56,Pay On Delivery,56.0,Male,Premium,4.0,12.0,False,INVALID,6237.555,2023,1,January,Q1,56-65,False,15-19%
ORD-100396,2023-01-01,Customer_96,customer396@example.com,8019635265.0,Abuja,Konga,Beauty,Dark & Lovely Relaxer,22790.57,1,0,22790.57,Ussd,32.0,Female,Vip,1.0,1.0,False,INVALID,22790.57,2023,1,January,Q1,26-35,False,No Discount
ORD-100397,2023-01-01,Customer_37,customer397@example.com,8094853613.0,Imo,Whatsapp Commerce,Phones & Tablets,Xiaomi Redmi Note 13,35856.89,4,15,121913.43,Pos,39.0,Female,Premium,3.0,13.0,True,INVALID,121913.42599999999,2023,1,January,Q1,36-45,True,15-19%
ORD-100398,2023-01-01,Customer_74,customer398@example.com,8038157769.0,Kaduna,Jumia,Beauty,Maybelline Mascara,14259.6,3,0,42778.8,Card,36.0,Male,Regular,2.0,8.0,False,INVALID,42778.8,2023,1,January,Q1,36-45,False,No Discount
ORD-100399,2024-01-05,Customer_49,notanemail,8095517768.0,Delta,Flutterwave Store,Electronics,Lg Air Conditioner,268472.99,5,0,1342364.95,Pay On Delivery,54.0,Female,Vip,3.0,2.0,False,INVALID,1342364.95,2024,1,January,Q1,46-55,True,No Discount
ORD-100400,2024-02-05,Customer_48,customer400@example.com,8085162689.0,Lagos,Jumia,Beauty,Mac Foundation,7060.26,1,20,5648.21,Pay On Delivery,56.0,Female,Premium,3.0,12.0,False,INVALID,5648.2080000000005,2024,2,February,Q1,56-65,False,20%+
ORD-100401,2024-03-05,Customer_73,customer401@example.com,8055884487.0,Abuja,Jumia,Books,Jamb Cbt Practice Book,3285.83,1,5,3121.54,Ussd,54.0,Female,Vip,3.0,10.0,False,INVALID,3121.5384999999997,2024,3,March,Q1,46-55,False,0-9%
ORD-100402,2024-04-05,Customer_88,customer402@example.com,8052677062.0,Lagos,Whatsapp Commerce,Groceries,Titus Sardine 50Pcs,1130.74,2,5,2148.41,Pos,28.0,Female,Premium,1.0,5.0,True,INVALID,2148.406,2024,4,April,Q2,26-35,False,0-9%
ORD-100403,2024-06-05,Customer_100,customer403@example.com,8078225905.0,Kaduna,Flutterwave Store,Electronics,Scanfrost Refrigerator,124355.25,5,0,621776.25,Bank Transfer,26.0,Male,New,3.0,12.0,True,INVALID,621776.25,2024,6,June,Q2,26-35,True,No Discount
ORD-100404,2024-07-05,Customer_29,customer404@example.com,8082026640.0,Delta,Flutterwave Store,Beauty,Neutrogena Body Lotion,14348.23,2,0,28696.46,Pay On Delivery,61.0,Female,Premium,2.0,4.0,False,INVALID,28696.46,2024,7,July,Q3,56-65,False,No Discount
ORD-100405,2024-08-05,Customer_60,customer405@example.com,8079991923.0,Abuja,Jiji,Books,Nigerian Law Reports,2451.11,4,20,7843.55,Card,34.0,Male,Vip,5.0,8.0,False,INVALID,7843.552000000001,2024,8,August,Q3,26-35,False,20%+
ORD-100406,2024-09-05,Customer_29,no-email@placeholder.ng,8042915760.0,Abuja,Konga,Phones & Tablets,Infinix Hot 40 Pro,323171.95,2,15,549392.32,Pay On Delivery,26.0,Female,New,5.0,2.0,False,INVALID,549392.3150000001,2024,9,September,Q3,26-35,True,15-19%
ORD-100407,2024-11-05,Customer_58,customer407@example.com,8058868748.0,Abuja,Whatsapp Commerce,Beauty,Mac Foundation,1019.55,2,0,2039.1,Pay On Delivery,41.5,Female,Regular,5.0,10.0,False,INVALID,2039.1,2024,11,November,Q4,36-45,False,No Discount
ORD-100408,2024-12-05,Customer_48,customer408@example.com,8076890860.0,Enugu,Flutterwave Store,Books,Jamb Cbt Practice Book,10041.74,1,15,8535.48,Bank Transfer,61.0,Male,Vip,2.0,9.0,False,INVALID,8535.479,2024,12,December,Q4,56-65,False,15-19%
ORD-100409,2023-01-01,Customer_23,customer409@example.com,8078597553.0,Kaduna,Whatsapp Commerce,Phones & Tablets,Tecno Spark 20 Pro,133263.27,4,10,479747.77,Bank Transfer,60.0,Male,Regular,5.0,7.0,False,INVALID,479747.772,2023,1,January,Q1,56-65,True,10-14%
ORD-100410,2023-01-01,Customer_27,customer410@example.com,8022445457.0,Lagos,Jiji,Groceries,Dangote Semolina 10Kg,2625.07,1,5,2493.82,Pos,16.0,Female,Regular,5.0,13.0,False,INVALID,2493.8165,2023,1,January,Q1,Under 18,False,0-9%
ORD-100411,2023-01-01,Customer_95,customer411@example.com,8054082186.0,Rivers,Jumia,Beauty,Nivea Fair & Lovely,1245.95,5,15,5295.29,Pay On Delivery,55.0,Female,Vip,3.0,7.0,False,INVALID,5295.287499999999,2023,1,January,Q1,46-55,False,15-19%
ORD-100412,2023-01-01,Customer_7,customer412@example.com,8030380924.0,Rivers,Flutterwave Store,Phones & Tablets,Xiaomi Redmi Note 13,365664.2,3,0,1096992.6,Pay On Delivery,59.0,Male,Regular,1.0,1.0,False,INVALID,1096992.6,2023,1,January,Q1,56-65,True,No Discount
ORD-100413,2023-01-01,Customer_49,customer413@example.com,877623802.0,Kaduna,Jiji,Electronics,Hisense Chest Freezer,296440.7,4,15,1007898.38,Ussd,34.0,Female,Vip,1.0,12.0,False,INVALID,1007898.38,2023,1,January,Q1,26-35,True,15-19%
ORD-100414,2023-01-01,Customer_54,customer414@example.com,8001372955.0,Abuja,Whatsapp Commerce,Groceries,Dangote Semolina 10Kg,3441.13,2,10,6194.03,Ussd,27.0,Male,Vip,3.0,2.0,False,INVALID,6194.034000000001,2023,1,January,Q1,26-35,False,10-14%
ORD-100415,2023-01-01,Customer_68,customer415@example.com,8038519517.0,Rivers,Jiji,Electronics,Lg Air Conditioner,75131.6,3,20,180315.84,Card,23.0,Male,Premium,3.0,4.0,True,INVALID,180315.84000000003,2023,1,January,Q1,18-25,True,20%+
ORD-100416,2023-01-01,Customer_78,customer416@example.com,8077530678.0,Lagos,Jiji,Furniture,6Ft Orthopedic Mattress,383006.95,1,5,363856.6,Card,23.0,Male,New,3.0,4.0,False,INVALID,363856.6025,2023,1,January,Q1,18-25,True,0-9%
ORD-100417,2023-01-01,Customer_42,customer417@example.com,8034904526.0,Rivers,Jiji,Fashion,Ankara Midi Dress,36024.3,2,0,72048.6,Ussd,60.0,Female,Regular,1.0,11.0,False,INVALID,72048.6,2023,1,January,Q1,56-65,True,No Discount
ORD-100418,2023-01-01,Customer_74,customer418@example.com,898361644.0,Lagos,Jiji,Beauty,Dark & Lovely Relaxer,5004.83,2,10,9008.69,Card,27.0,Male,Regular,5.0,3.0,False,INVALID,9008.694,2023,1,January,Q1,26-35,False,10-14%
ORD-100419,2023-01-01,Customer_59,customer419@example.com,8019379180.0,Abuja,Jiji,Phones & Tablets,Xiaomi Redmi Note 13,624703.39,1,5,593468.22,Pay On Delivery,41.5,Male,New,3.0,7.0,False,INVALID,593468.2204999999,2023,1,January,Q1,36-45,True,0-9%
ORD-100420,2023-01-01,Customer_44,customer420@example.com,8056284438.0,Abuja,Jiji,Fashion,Ankara Midi Dress,42760.16,1,15,36346.14,Bank Transfer,48.0,Female,New,3.0,12.0,False,INVALID,36346.136,2023,1,January,Q1,46-55,False,15-19%
ORD-100421,2023-01-01,Customer_98,customer421@example.com,8031823697.0,Imo,Konga,Fashion,Men Agbada Set,9571.05,2,20,15313.68,Pay On Delivery,60.0,Male,New,3.0,8.0,True,INVALID,15313.68,2023,1,January,Q1,56-65,False,20%+
ORD-100422,2023-01-01,Customer_26,customer422@example.com,8069055517.0,Kano,Whatsapp Commerce,Phones & Tablets,Iphone 15 128Gb,624802.98,4,0,64540.42,Ussd,41.0,Female,New,4.0,7.0,False,INVALID,2499211.92,2023,1,January,Q1,36-45,False,No Discount
ORD-100423,2023-01-01,Customer_23,customer423@example.com,8013885830.0,Enugu,Jumia,Groceries,Dangote Semolina 10Kg,5814.29,1,20,4651.43,Pos,54.0,Female,New,3.0,4.0,True,INVALID,4651.432,2023,1,January,Q1,46-55,False,20%+
ORD-100424,2023-01-01,Customer_73,customer424@example.com,8078951582.0,Delta,Whatsapp Commerce,Beauty,Neutrogena Body Lotion,12260.49,5,0,61302.45,Pos,41.5,Male,Premium,1.0,3.0,False,INVALID,61302.45,2023,1,January,Q1,36-45,False,No Discount
ORD-100425,2024-01-06,Customer_8,customer425@example.com,8041698643.0,Delta,Flutterwave Store,Furniture,Glass Centre Table,52512.22,2,0,105024.44,Ussd,20.0,Female,Vip,3.0,2.0,False,INVALID,105024.44,2024,1,January,Q1,18-25,True,No Discount
ORD-100426,2024-03-06,Customer_53,customer426@example.com,8079999904.0,Anambra,Flutterwave Store,Electronics,Scanfrost Refrigerator,40022.63,3,20,96054.31,Pay On Delivery,23.0,Female,New,4.0,12.0,False,INVALID,96054.31199999999,2024,3,March,Q1,18-25,True,20%+
ORD-100427,2024-04-06,Customer_14,customer427@example.com,8069758566.0,Enugu,Whatsapp Commerce,Books,Acca F3 Textbook,10406.08,1,5,64540.42,Card,40.0,Female,Premium,2.0,13.0,False,INVALID,9885.776,2024,4,April,Q2,36-45,False,0-9%
ORD-100428,2024-05-06,Customer_71,customer428@example.com,8003676236.0,Abuja,Jiji,Electronics,Lg Air Conditioner,346699.7,2,0,693399.4,Card,42.0,Male,New,5.0,6.0,False,INVALID,693399.4,2024,5,May,Q2,36-45,True,No Discount
ORD-100429,2024-06-06,Customer_7,missing@,8058867500.0,Delta,Konga,Books,Acca F3 Textbook,8501.36,1,0,8501.36,Pos,61.0,Male,New,3.0,13.0,True,INVALID,8501.36,2024,6,June,Q2,56-65,False,No Discount
ORD-100430,2024-08-06,Customer_9,customer430@example.com,8070175911.0,Lagos,Jumia,Electronics,Lg Air Conditioner,164396.03,2,5,312352.46,Ussd,38.0,Male,Regular,4.0,4.0,False,INVALID,312352.457,2024,8,August,Q3,36-45,True,0-9%
ORD-100431,2024-09-06,Customer_3,customer431@example.com,8047683931.0,Anambra,Jiji,Phones & Tablets,Xiaomi Redmi Note 13,530393.84,3,0,1591181.52,Ussd,45.0,Female,Regular,4.0,6.0,False,INVALID,1591181.52,2024,9,September,Q3,36-45,True,No Discount
ORD-100432,2024-10-06,Customer_78,customer432@example.com,8006426120.0,Rivers,Whatsapp Commerce,Furniture,L-Shape Office Sofa,307338.03,2,20,64540.42,Bank Transfer,60.0,Male,Regular,2.0,2.0,False,INVALID,491740.84800000006,2024,10,October,Q4,56-65,False,20%+
ORD-100433,2023-01-01,Customer_17,customer433@example.com,8068511897.0,Rivers,Whatsapp Commerce,Beauty,Dark & Lovely Relaxer,10083.42,2,0,20166.84,Pos,62.0,Male,Regular,1.0,12.0,True,INVALID,20166.84,2023,1,January,Q1,56-65,False,No Discount
ORD-100434,2024-12-06,Customer_44,customer434@example.com,8031909399.0,Anambra,Konga,Books,Ican Study Pack,1908.76,3,0,5726.28,Ussd,38.0,Female,Vip,3.0,4.0,False,INVALID,5726.28,2024,12,December,Q4,36-45,False,No Discount
ORD-100435,2023-01-01,Unknown Customer,customer435@example.com,8070036841.0,Kano,Konga,Beauty,Dark & Lovely Relaxer,20680.61,4,5,78586.32,Bank Transfer,64.0,Male,Vip,4.0,11.0,False,INVALID,78586.318,2023,1,January,Q1,56-65,True,0-9%
ORD-100436,2023-01-01,Customer_46,customer436@example.com,8088273204.0,Oyo,Whatsapp Commerce,Beauty,Dark & Lovely Relaxer,9798.37,1,15,8328.61,Card,62.0,Female,Regular,3.0,6.0,False,INVALID,8328.6145,2023,1,January,Q1,56-65,False,15-19%
ORD-100437,2023-01-01,Customer_90,customer437@example.com,8097772568.0,Lagos,Jiji,Beauty,Mac Foundation,20614.61,2,10,37106.3,Pos,35.0,Male,Regular,5.0,5.0,False,INVALID,37106.298,2023,1,January,Q1,26-35,False,10-14%
ORD-100438,2023-01-01,Customer_58,customer438@example.com,8059993009.0,Delta,Jiji,Sports,Yoga Mat Non-Slip,32543.52,4,0,130174.08,Pos,33.0,Female,New,4.0,3.0,False,INVALID,130174.08,2023,1,January,Q1,26-35,True,No Discount
ORD-100439,2023-01-01,Customer_28,customer439@example.com,885616305.0,Kano,Jiji,Groceries,Golden Penny Rice 25Kg,507.72,2,0,1015.44,Ussd,33.0,Female,New,2.0,8.0,False,INVALID,1015.44,2023,1,January,Q1,26-35,False,No Discount
ORD-100440,2023-01-01,Customer_14,customer440@example.com,8060048591.0,Lagos,Jumia,Electronics,Lg Air Conditioner,68244.32,3,15,174023.02,Ussd,17.0,Female,Regular,1.0,7.0,True,INVALID,174023.016,2023,1,January,Q1,Under 18,True,15-19%
ORD-100441,2023-01-01,Customer_9,customer441@example.com,8044253912.0,Imo,Jumia,Beauty,Dark & Lovely Relaxer,12138.65,1,5,11531.72,Pay On Delivery,19.0,Female,Regular,1.0,3.0,False,INVALID,11531.717499999999,2023,1,January,Q1,18-25,False,0-9%
ORD-100442,2023-01-01,Customer_26,customer442@example.com,8059983495.0,Delta,Jiji,Electronics,Hisense Chest Freezer,331341.72,2,5,629549.27,Card,45.0,Male,Regular,4.0,6.0,False,INVALID,629549.2679999999,2023,1,January,Q1,36-45,True,0-9%
ORD-100443,2023-01-01,Customer_2,missing@,8070490956.0,Imo,Whatsapp Commerce,Beauty,Neutrogena Body Lotion,3273.09,4,20,10473.89,Card,48.0,Female,New,4.0,4.0,False,INVALID,10473.888,2023,1,January,Q1,46-55,False,20%+
ORD-100444,2023-01-01,Customer_75,customer444@example.com,8059459661.0,Abuja,Konga,Books,Nigerian Law Reports,10425.47,4,0,41701.88,Bank Transfer,51.0,Female,Regular,3.0,11.0,False,INVALID,41701.88,2023,1,January,Q1,46-55,False,No Discount
ORD-100445,2023-01-01,Customer_81,customer445@example.com,8021349822.0,Enugu,Flutterwave Store,Groceries,Honeywell Flour 10Kg,4452.68,1,20,3562.14,Bank Transfer,33.0,Female,Regular,2.0,5.0,False,INVALID,3562.1440000000002,2023,1,January,Q1,26-35,False,20%+
ORD-100446,2023-01-01,Unknown Customer,customer446@example.com,8056247391.0,Abuja,Konga,Groceries,Golden Penny Rice 25Kg,6694.41,5,15,28451.24,Pay On Delivery,52.0,Female,Vip,4.0,11.0,False,INVALID,28451.2425,2023,1,January,Q1,46-55,False,15-19%
ORD-100447,2023-01-01,Customer_19,customer447@example.com,8023398958.0,Rivers,Konga,Phones & Tablets,Infinix Hot 40 Pro,263256.44,2,20,421210.3,Card,34.0,Female,Vip,3.0,5.0,False,INVALID,421210.304,2023,1,January,Q1,26-35,True,20%+
ORD-100448,2023-01-01,Customer_39,notanemail,8085424244.0,Kano,Flutterwave Store,Sports,Adidas Running Sneakers,101273.82,1,15,86082.75,Bank Transfer,62.0,Female,New,3.0,7.0,True,INVALID,86082.747,2023,1,January,Q1,56-65,True,15-19%
ORD-100449,2024-01-07,Customer_82,customer449@example.com,8065437170.0,Anambra,Jiji,Phones & Tablets,Tecno Spark 20 Pro,626209.43,4,5,2379595.83,Card,43.0,Male,Vip,4.0,11.0,True,INVALID,2379595.8340000003,2024,1,January,Q1,36-45,True,0-9%
ORD-100450,2024-02-07,Customer_13,customer450@example.com,8024536611.0,Abuja,Konga,Phones & Tablets,Iphone 15 128Gb,210991.07,1,0,210991.07,Card,55.0,Female,New,1.0,7.0,True,INVALID,210991.07,2024,2,February,Q1,46-55,True,No Discount
ORD-100451,2024-03-07,Customer_5,customer451@example.com,952281761.0,Kano,Flutterwave Store,Phones & Tablets,Infinix Hot 40 Pro,135471.37,2,20,216754.19,Bank Transfer,35.0,Male,Premium,2.0,11.0,False,INVALID,216754.192,2024,3,March,Q1,26-35,True,20%+
ORD-100452,2024-04-07,Customer_50,customer452@example.com,8017087098.0,Kaduna,Whatsapp Commerce,Phones & Tablets,Infinix Hot 40 Pro,699061.56,1,0,699061.56,Ussd,64.0,Female,Regular,2.0,3.0,True,INVALID,699061.56,2024,4,April,Q2,56-65,True,No Discount
ORD-100453,2024-06-07,Customer_23,customer453@example.com,8017191061.0,Rivers,Whatsapp Commerce,Phones & Tablets,Xiaomi Redmi Note 13,771876.04,5,0,3859380.2,Ussd,48.0,Female,New,1.0,10.0,False,INVALID,3859380.2,2024,6,June,Q2,46-55,True,No Discount
ORD-100454,2024-07-07,Customer_88,customer454@example.com,8042225321.0,Delta,Whatsapp Commerce,Furniture,Wardrobe 4-Door,39868.6,4,10,143526.96,Bank Transfer,27.0,Male,Vip,4.0,5.0,True,INVALID,143526.96,2024,7,July,Q3,26-35,True,10-14%
ORD-100455,2024-08-07,Customer_29,customer455@example.com,8053722273.0,Kano,Jiji,Groceries,Dangote Semolina 10Kg,5984.53,2,0,11969.06,Pay On Delivery,30.0,Female,Premium,3.0,7.0,False,INVALID,11969.06,2024,8,August,Q3,26-35,False,No Discount
ORD-100456,2024-09-07,Customer_72,customer456@example.com,8091257080.0,Lagos,Konga,Phones & Tablets,Iphone 15 128Gb,730786.25,4,5,2776987.75,Pos,56.0,Female,Vip,4.0,5.0,True,INVALID,2776987.75,2024,9,September,Q3,56-65,True,0-9%
ORD-100457,2023-01-01,Customer_26,customer457@example.com,0000000000,Delta,Konga,Beauty,Nivea Fair & Lovely,21548.11,2,10,38786.6,Card,54.0,Male,New,4.0,5.0,True,INVALID,38786.598000000005,2023,1,January,Q1,46-55,False,10-14%
ORD-100458,2024-12-07,Customer_79,customer458@example.com,8035348674.0,Rivers,Jumia,Groceries,Indomie Noodles Carton,7733.9,1,0,7733.9,Pos,17.0,Male,Premium,3.0,9.0,False,INVALID,7733.9,2024,12,December,Q4,Under 18,False,No Discount
ORD-100459,2023-01-01,Customer_57,customer459@example.com,8078121961.0,Abuja,Whatsapp Commerce,Groceries,Dangote Semolina 10Kg,6200.71,2,0,12401.42,Bank Transfer,44.0,Male,Vip,3.0,3.0,False,INVALID,12401.42,2023,1,January,Q1,36-45,False,No Discount
ORD-100460,2023-01-01,Customer_1,customer460@example.com,8030126905.0,Kaduna,Jiji,Fashion,Female Gele Headtie,21297.7,3,0,63893.1,Card,56.0,Male,Premium,3.0,13.0,False,INVALID,63893.100000000006,2023,1,January,Q1,56-65,False,No Discount
ORD-100461,2023-01-01,Customer_28,customer461@example.com,8033627761.0,Imo,Flutterwave Store,Furniture,L-Shape Office Sofa,173177.2,3,10,467578.44,Pos,25.0,Female,Regular,5.0,6.0,True,INVALID,467578.44000000006,2023,1,January,Q1,18-25,True,10-14%
ORD-100462,2023-01-01,Customer_62,customer462@example.com,8093948610.0,Oyo,Jiji,Phones & Tablets,Iphone 15 128Gb,280368.2,3,0,841104.6,Ussd,17.0,Male,Regular,1.0,1.0,False,INVALID,841104.6000000001,2023,1,January,Q1,Under 18,True,No Discount
ORD-100463,2023-01-01,Customer_47,customer463@example.com,8012983820.0,Delta,Konga,Electronics,Lg Air Conditioner,257681.6,5,0,1288408.0,Pay On Delivery,26.0,Male,Premium,2.0,10.0,False,INVALID,1288408.0,2023,1,January,Q1,26-35,True,No Discount
ORD-100464,2023-01-01,Customer_78,customer464@example.com,8091311243.0,Delta,Whatsapp Commerce,Books,Waec Past Questions,9255.04,5,15,39333.92,Pos,28.0,Male,Vip,3.0,5.0,False,INVALID,39333.920000000006,2023,1,January,Q1,26-35,False,15-19%
ORD-100465,2023-01-01,Customer_98,customer465@example.com,734068436.0,Anambra,Jumia,Sports,Nigeria Football Jersey,26442.02,1,15,22475.72,Pay On Delivery,25.0,Female,Vip,2.0,8.0,False,INVALID,22475.717,2023,1,January,Q1,18-25,False,15-19%
ORD-100466,2023-01-01,Customer_59,customer466@example.com,8073979339.0,Abuja,Jiji,Beauty,Dark & Lovely Relaxer,21808.57,5,15,92686.42,Ussd,29.0,Male,Vip,2.0,5.0,False,INVALID,92686.4225,2023,1,January,Q1,26-35,True,15-19%
ORD-100467,2023-01-01,Customer_31,customer467@example.com,8084977398.0,Delta,Jumia,Electronics,Lg Air Conditioner,254499.55,1,10,229049.6,Pos,33.0,Female,Regular,1.0,9.0,False,INVALID,229049.595,2023,1,January,Q1,26-35,True,10-14%
ORD-100468,2023-01-01,Customer_70,customer468@example.com,816515766.0,Anambra,Konga,Furniture,6Ft Orthopedic Mattress,292306.39,4,15,993841.73,Bank Transfer,41.5,Female,New,2.0,11.0,False,INVALID,993841.726,2023,1,January,Q1,36-45,True,15-19%
ORD-100469,2023-01-01,Customer_49,notanemail,0000000000,Rivers,Flutterwave Store,Books,Nigerian Law Reports,6292.55,4,0,25170.2,Card,54.0,Female,New,4.0,6.0,False,INVALID,25170.2,2023,1,January,Q1,46-55,False,No Discount
ORD-100470,2023-01-01,Customer_5,customer470@example.com,8096221839.0,Delta,Jiji,Furniture,Wardrobe 4-Door,283035.58,1,0,283035.58,Ussd,43.0,Female,Premium,3.0,8.0,True,INVALID,283035.58,2023,1,January,Q1,36-45,True,No Discount
ORD-100471,2023-01-01,Customer_31,customer471@example.com,8086946396.0,Kaduna,Konga,Beauty,Nivea Fair & Lovely,4653.75,5,10,20941.88,Pay On Delivery,18.0,Male,Vip,3.0,10.0,False,INVALID,20941.875,2023,1,January,Q1,18-25,False,10-14%
ORD-100472,2023-01-01,Customer_37,customer472@example.com,8033024413.0,Delta,Whatsapp Commerce,Groceries,Golden Penny Rice 25Kg,2027.76,2,0,64540.42,Pay On Delivery,35.0,Male,Premium,3.0,8.0,False,INVALID,4055.52,2023,1,January,Q1,26-35,False,No Discount
ORD-100473,2023-01-01,Customer_79,customer473@example.com,8005620629.0,Oyo,Jiji,Books,Ican Study Pack,2184.58,1,10,1966.12,Ussd,21.0,Female,New,5.0,13.0,False,INVALID,1966.122,2023,1,January,Q1,18-25,False,10-14%
ORD-100474,2023-01-01,Customer_15,missing@,8035937816.0,Delta,Jumia,Groceries,Indomie Noodles Carton,1652.44,2,0,3304.88,Bank Transfer,42.0,Male,New,3.0,3.0,False,INVALID,3304.88,2023,1,January,Q1,36-45,False,No Discount
ORD-100475,2024-01-08,Customer_52,customer475@example.com,8040570104.0,Imo,Jiji,Beauty,Maybelline Mascara,11779.39,2,0,23558.78,Bank Transfer,17.0,Male,Vip,2.0,7.0,False,INVALID,23558.78,2024,1,January,Q1,Under 18,False,No Discount
ORD-100476,2024-03-08,Customer_69,customer476@example.com,8093067417.0,Abuja,Konga,Electronics,Scanfrost Refrigerator,192668.72,2,0,385337.44,Pay On Delivery,44.0,Male,Premium,3.0,7.0,False,INVALID,385337.44,2024,3,March,Q1,36-45,True,No Discount
ORD-100477,2024-04-08,Customer_92,customer477@example.com,8005541184.0,Abuja,Konga,Beauty,Neutrogena Body Lotion,1232.26,4,15,4189.68,Ussd,53.0,Male,Vip,1.0,10.0,False,INVALID,4189.684,2024,4,April,Q2,46-55,False,15-19%
ORD-100478,2024-05-08,Customer_97,no-email@placeholder.ng,8051043219.0,Abuja,Jumia,Electronics,Samsung Smart Tv,281927.27,3,0,845781.81,Ussd,18.0,Female,New,3.0,12.0,False,INVALID,845781.81,2024,5,May,Q2,18-25,True,No Discount
ORD-100479,2024-06-08,Customer_11,customer479@example.com,8013286278.0,Kaduna,Konga,Books,Nigerian Law Reports,4377.01,5,0,21885.05,Card,31.0,Male,New,4.0,6.0,False,INVALID,21885.050000000003,2024,6,June,Q2,26-35,False,No Discount
ORD-100480,2024-07-08,Customer_43,customer480@example.com,8034721267.0,Rivers,Jiji,Books,Nigerian Law Reports,11047.83,2,10,19886.09,Pay On Delivery,45.0,Male,Vip,1.0,12.0,False,INVALID,19886.094,2024,7,July,Q3,36-45,False,10-14%
ORD-100481,2024-09-08,Customer_70,customer481@example.com,8082273742.0,Delta,Jumia,Phones & Tablets,Iphone 15 128Gb,775146.12,2,10,1395263.02,Bank Transfer,55.0,Female,Premium,5.0,7.0,False,INVALID,1395263.016,2024,9,September,Q3,46-55,True,10-14%
ORD-100482,2024-10-08,Customer_23,customer482@example.com,8075685222.0,Delta,Konga,Furniture,Glass Centre Table,113092.97,4,10,407134.69,Pos,17.0,Male,Regular,4.0,2.0,True,INVALID,407134.69200000004,2024,10,October,Q4,Under 18,True,10-14%
ORD-100483,2024-11-08,Customer_40,customer483@example.com,8009032487.0,Anambra,Konga,Phones & Tablets,Infinix Hot 40 Pro,388504.43,3,5,1107237.63,Bank Transfer,32.0,Male,Vip,2.0,7.0,False,INVALID,1107237.6255,2024,11,November,Q4,26-35,True,0-9%
ORD-100484,2024-12-08,Customer_63,customer484@example.com,8073424244.0,Abuja,Jiji,Furniture,Glass Centre Table,25585.12,2,0,51170.24,Bank Transfer,56.0,Male,New,2.0,10.0,False,INVALID,51170.24,2024,12,December,Q4,56-65,False,No Discount
ORD-100485,2023-01-01,Customer_2,customer485@example.com,8009505172.0,Imo,Konga,Phones & Tablets,Samsung Galaxy A55,492720.36,2,10,886896.65,Pos,41.5,Female,Regular,3.0,10.0,True,INVALID,886896.648,2023,1,January,Q1,36-45,True,10-14%
ORD-100486,2023-01-01,Customer_79,customer486@example.com,8053419979.0,Anambra,Jiji,Groceries,Titus Sardine 50Pcs,5054.8,1,0,5054.8,Pay On Delivery,50.0,Male,Vip,4.0,1.0,False,INVALID,5054.8,2023,1,January,Q1,46-55,False,No Discount
ORD-100487,2023-01-01,Customer_87,customer487@example.com,8056046018.0,Oyo,Whatsapp Commerce,Books,Acca F3 Textbook,3873.43,1,10,3486.09,Card,58.0,Male,Regular,4.0,1.0,False,INVALID,3486.087,2023,1,January,Q1,56-65,False,10-14%
ORD-100488,2023-01-01,Customer_86,customer488@example.com,8068431241.0,Delta,Jiji,Electronics,Lg Air Conditioner,202068.25,4,5,767859.35,Bank Transfer,16.0,Female,Vip,3.0,3.0,False,INVALID,767859.35,2023,1,January,Q1,Under 18,True,0-9%
ORD-100489,2023-01-01,Customer_73,no-email@placeholder.ng,8036297550.0,Delta,Flutterwave Store,Furniture,Wardrobe 4-Door,132131.57,3,15,336935.5,Bank Transfer,60.0,Male,New,1.0,3.0,False,INVALID,336935.5035,2023,1,January,Q1,56-65,True,15-19%
ORD-100490,2023-01-01,Customer_47,customer490@example.com,8090766999.0,Kano,Konga,Beauty,Mac Foundation,4691.98,2,0,9383.96,Pay On Delivery,30.0,Female,Vip,1.0,1.0,False,INVALID,9383.96,2023,1,January,Q1,26-35,False,No Discount
ORD-100491,2023-01-01,Customer_30,customer491@example.com,8082834659.0,Imo,Whatsapp Commerce,Furniture,Glass Centre Table,334471.75,4,5,1270992.65,Pay On Delivery,41.0,Female,Regular,2.0,12.0,True,INVALID,1270992.65,2023,1,January,Q1,36-45,True,0-9%
ORD-100492,2023-01-01,Customer_16,no-email@placeholder.ng,8072956899.0,Kaduna,Jumia,Electronics,Sony Home Theatre,124185.03,4,15,422229.1,Ussd,52.0,Female,Premium,3.0,7.0,False,INVALID,422229.102,2023,1,January,Q1,46-55,True,15-19%
ORD-100493,2023-01-01,Customer_59,customer493@example.com,8070534417.0,Kaduna,Flutterwave Store,Phones & Tablets,Infinix Hot 40 Pro,486551.91,1,20,389241.53,Pay On Delivery,36.0,Male,New,2.0,7.0,False,INVALID,389241.528,2023,1,January,Q1,36-45,True,20%+
ORD-100494,2023-01-01,Customer_47,customer494@example.com,8040514578.0,Enugu,Jumia,Furniture,Glass Centre Table,230792.21,5,20,923168.84,Pay On Delivery,64.0,Male,New,5.0,10.0,False,INVALID,923168.8400000001,2023,1,January,Q1,56-65,True,20%+
ORD-100495,2023-01-01,Customer_30,customer495@example.com,8031164600.0,Delta,Flutterwave Store,Sports,Adidas Running Sneakers,118169.11,1,0,118169.11,Bank Transfer,46.0,Male,Regular,1.0,13.0,False,INVALID,118169.11,2023,1,January,Q1,46-55,True,No Discount
ORD-100496,2023-01-01,Customer_9,customer496@example.com,8072019965.0,Abuja,Whatsapp Commerce,Groceries,Golden Penny Rice 25Kg,1621.85,3,0,4865.55,Card,40.0,Male,Vip,4.0,2.0,True,INVALID,4865.549999999999,2023,1,January,Q1,36-45,False,No Discount
ORD-100497,2023-01-01,Customer_65,customer497@example.com,8097256900.0,Kano,Whatsapp Commerce,Books,Ican Study Pack,6217.66,2,0,12435.32,Bank Transfer,38.0,Male,Vip,1.0,10.0,False,INVALID,12435.32,2023,1,January,Q1,36-45,False,No Discount
ORD-100498,2023-01-01,Customer_59,customer498@example.com,919962901.0,Anambra,Whatsapp Commerce,Electronics,Lg Air Conditioner,242952.97,4,0,971811.88,Pay On Delivery,39.0,Female,Vip,4.0,5.0,False,INVALID,971811.88,2023,1,January,Q1,36-45,True,No Discount
ORD-100499,2023-01-01,Customer_64,missing@,8054455084.0,Delta,Flutterwave Store,Books,Ican Study Pack,5471.89,2,5,10396.59,Ussd,53.0,Female,New,5.0,6.0,False,INVALID,10396.591,2023,1,January,Q1,46-55,False,0-9%
ORD-100500,2024-01-09,Customer_8,customer500@example.com,8066408874.0,Enugu,Jiji,Sports,Yoga Mat Non-Slip,117039.88,1,15,64540.42,Card,43.0,Female,New,5.0,7.0,False,INVALID,99483.898,2024,1,January,Q1,36-45,False,15-19%
ORD-100501,2024-02-09,Customer_52,customer501@example.com,8002636456.0,Enugu,Jumia,Furniture,Wardrobe 4-Door,367896.62,3,0,1103689.86,Ussd,36.0,Female,Regular,1.0,4.0,True,INVALID,1103689.8599999999,2024,2,February,Q1,36-45,True,No Discount
ORD-100502,2024-03-09,Customer_18,customer502@example.com,8066622611.0,Oyo,Jiji,Furniture,Computer Work Desk,337067.33,4,15,1146028.92,Pos,58.0,Male,Vip,4.0,2.0,False,INVALID,1146028.922,2024,3,March,Q1,56-65,True,15-19%
ORD-100503,2024-05-09,Customer_91,customer503@example.com,8057996311.0,Lagos,Jiji,Beauty,Nivea Fair & Lovely,19120.83,2,15,32505.41,Ussd,33.0,Female,Vip,5.0,5.0,False,INVALID,32505.411000000004,2024,5,May,Q2,26-35,False,15-19%
ORD-100504,2023-01-01,Customer_82,customer504@example.com,8025441741.0,Delta,Konga,Sports,Nigeria Football Jersey,114459.89,1,5,108736.9,Ussd,51.0,Female,Regular,2.0,3.0,True,INVALID,108736.8955,2023,1,January,Q1,46-55,True,0-9%
ORD-100505,2024-07-09,Customer_96,customer505@example.com,851014136.0,Kaduna,Jumia,Electronics,Hisense Chest Freezer,319119.25,5,5,1515816.44,Pay On Delivery,50.0,Male,New,2.0,2.0,False,INVALID,1515816.4375,2024,7,July,Q3,46-55,True,0-9%
ORD-100506,2024-08-09,Customer_58,customer506@example.com,8071238907.0,Anambra,Flutterwave Store,Beauty,Mac Foundation,18327.7,1,5,17411.31,Pay On Delivery,60.0,Female,New,4.0,12.0,True,INVALID,17411.315,2024,8,August,Q3,56-65,False,0-9%
ORD-100507,2024-09-09,Customer_49,customer507@example.com,0000000000,Abuja,Konga,Groceries,Dangote Semolina 10Kg,6118.71,3,0,18356.13,Pay On Delivery,24.0,Male,Premium,1.0,7.0,False,INVALID,18356.13,2024,9,September,Q3,18-25,False,No Discount
ORD-100508,2024-11-09,Customer_32,customer508@example.com,8040710148.0,Abuja,Konga,Beauty,Mac Foundation,4331.31,1,20,3465.05,Pay On Delivery,53.0,Male,Premium,5.0,10.0,False,INVALID,3465.0480000000007,2024,11,November,Q4,46-55,False,20%+
ORD-100509,2024-12-09,Customer_48,customer509@example.com,8012620520.0,Imo,Whatsapp Commerce,Fashion,Ankara Midi Dress,6868.68,1,5,6525.25,Pay On Delivery,45.0,Male,Vip,1.0,2.0,False,INVALID,6525.246,2024,12,December,Q4,36-45,False,0-9%
ORD-100510,2023-01-01,Customer_45,customer510@example.com,845662518.0,Lagos,Flutterwave Store,Electronics,Sony Home Theatre,206253.01,3,0,618759.03,Ussd,59.0,Female,New,3.0,6.0,True,INVALID,618759.03,2023,1,January,Q1,56-65,True,No Discount
ORD-100511,2023-01-01,Customer_54,customer511@example.com,8032028454.0,Oyo,Jiji,Fashion,Ankara Midi Dress,3280.62,1,5,3116.59,Pos,49.0,Female,Vip,5.0,8.0,False,INVALID,3116.589,2023,1,January,Q1,46-55,False,0-9%
ORD-100512,2023-01-01,Customer_100,customer512@example.com,8003276679.0,Abuja,Jiji,Sports,Kettlebell 20Kg,59435.7,2,10,106984.26,Pay On Delivery,47.0,Female,New,1.0,13.0,False,INVALID,106984.26,2023,1,January,Q1,46-55,True,10-14%
ORD-100513,2023-01-01,Unknown Customer,customer513@example.com,8013522500.0,Kano,Jiji,Phones & Tablets,Xiaomi Redmi Note 13,195917.43,1,15,166529.82,Pos,18.0,Female,Premium,3.0,3.0,False,INVALID,166529.8155,2023,1,January,Q1,18-25,True,15-19%
ORD-100514,2023-01-01,Customer_85,customer514@example.com,8097159949.0,Abuja,Whatsapp Commerce,Fashion,Female Aso-Oke,17205.7,1,5,16345.42,Pos,18.0,Female,Regular,4.0,11.0,False,INVALID,16345.414999999999,2023,1,January,Q1,18-25,False,0-9%
ORD-100515,2023-01-01,Customer_46,customer515@example.com,8023111091.0,Rivers,Jiji,Groceries,Honeywell Flour 10Kg,6318.54,1,0,6318.54,Bank Transfer,43.0,Female,New,4.0,9.0,True,INVALID,6318.54,2023,1,January,Q1,36-45,False,No Discount
ORD-100516,2023-01-01,Unknown Customer,customer516@example.com,8094073831.0,Delta,Jumia,Beauty,Maybelline Mascara,23577.95,2,15,40082.52,Bank Transfer,59.0,Male,Premium,3.0,12.0,False,INVALID,40082.515,2023,1,January,Q1,56-65,False,15-19%
ORD-100517,2023-01-01,Unknown Customer,customer517@example.com,8095636926.0,Anambra,Jiji,Phones & Tablets,Samsung Galaxy A55,90398.45,2,15,153677.36,Card,30.0,Male,Premium,2.0,9.0,False,INVALID,153677.365,2023,1,January,Q1,26-35,True,15-19%
ORD-100518,2023-01-01,Customer_37,customer518@example.com,8086771853.0,Imo,Jiji,Beauty,Dark & Lovely Relaxer,13728.66,2,5,26084.45,Bank Transfer,56.0,Female,New,5.0,2.0,False,INVALID,26084.453999999998,2023,1,January,Q1,56-65,False,0-9%
ORD-100519,2023-01-01,Customer_16,customer519@example.com,0000000000,Abuja,Jumia,Fashion,Ankara Midi Dress,40007.67,4,20,128024.54,Pay On Delivery,38.0,Female,Vip,3.0,8.0,False,INVALID,128024.544,2023,1,January,Q1,36-45,True,20%+
ORD-100520,2023-01-01,Customer_46,customer520@example.com,8078007682.0,Kaduna,Whatsapp Commerce,Beauty,Nivea Fair & Lovely,2796.71,5,0,64540.42,Pos,55.0,Male,New,3.0,10.0,False,INVALID,13983.55,2023,1,January,Q1,46-55,False,No Discount
ORD-100521,2023-01-01,Customer_46,customer521@example.com,8024903516.0,Kano,Konga,Sports,Kettlebell 20Kg,99468.14,1,20,79574.51,Card,26.0,Male,Premium,3.0,11.0,False,INVALID,79574.512,2023,1,January,Q1,26-35,True,20%+
ORD-100522,2023-01-01,Customer_78,customer522@example.com,8033438610.0,Imo,Flutterwave Store,Phones & Tablets,Xiaomi Redmi Note 13,308718.03,2,5,586564.26,Bank Transfer,63.0,Male,New,2.0,12.0,False,INVALID,586564.257,2023,1,January,Q1,56-65,True,0-9%
ORD-100523,2023-01-01,Unknown Customer,customer523@example.com,8051354524.0,Enugu,Whatsapp Commerce,Sports,Kettlebell 20Kg,40685.08,1,15,34582.32,Ussd,47.0,Female,Regular,2.0,5.0,False,INVALID,34582.318,2023,1,January,Q1,46-55,False,15-19%
ORD-100524,2023-01-01,Customer_89,customer524@example.com,8020772687.0,Rivers,Jiji,Fashion,Men Senator Native,44042.32,5,0,220211.6,Card,51.0,Female,Vip,1.0,4.0,False,INVALID,220211.6,2023,1,January,Q1,46-55,True,No Discount
ORD-100525,2024-01-10,Customer_61,customer525@example.com,0000000000,Rivers,Konga,Sports,Kettlebell 20Kg,26500.51,4,15,90101.73,Pay On Delivery,48.0,Female,New,4.0,10.0,True,INVALID,90101.734,2024,1,January,Q1,46-55,True,15-19%
ORD-100526,2023-01-01,Customer_46,customer526@example.com,8003688904.0,Anambra,Flutterwave Store,Groceries,Titus Sardine 50Pcs,5698.95,2,20,9118.32,Pos,39.0,Male,Premium,1.0,5.0,False,INVALID,9118.32,2023,1,January,Q1,36-45,False,20%+
ORD-100527,2024-04-10,Customer_51,customer527@example.com,8095932893.0,Kano,Flutterwave Store,Fashion,Men Agbada Set,37411.23,4,0,149644.92,Pay On Delivery,54.0,Female,Premium,3.0,4.0,False,INVALID,149644.92,2024,4,April,Q2,46-55,True,No Discount
ORD-100528,2024-05-10,Customer_62,customer528@example.com,8065034732.0,Kaduna,Flutterwave Store,Fashion,Men Senator Native,4250.3,2,0,8500.6,Pay On Delivery,49.0,Female,Vip,5.0,8.0,False,INVALID,8500.6,2024,5,May,Q2,46-55,False,No Discount
ORD-100529,2024-06-10,Customer_35,customer529@example.com,8093946814.0,Lagos,Jumia,Fashion,Ankara Midi Dress,30991.38,5,10,139461.21,Ussd,43.0,Female,New,3.0,4.0,False,INVALID,139461.21,2024,6,June,Q2,36-45,True,10-14%
ORD-100530,2024-07-10,Customer_81,customer530@example.com,8020154003.0,Delta,Jumia,Electronics,Scanfrost Refrigerator,333769.24,4,15,1134815.42,Ussd,52.0,Female,Premium,2.0,13.0,False,INVALID,1134815.416,2024,7,July,Q3,46-55,True,15-19%
ORD-100531,2024-09-10,Customer_42,customer531@example.com,8059509866.0,Imo,Konga,Beauty,Neutrogena Body Lotion,3806.12,2,5,7231.63,Pos,22.0,Female,Vip,3.0,10.0,False,INVALID,7231.628,2024,9,September,Q3,18-25,False,0-9%
ORD-100532,2024-10-10,Customer_45,notanemail,8015623266.0,Abuja,Jiji,Electronics,Samsung Smart Tv,315234.14,3,0,945702.42,Bank Transfer,19.0,Female,Regular,5.0,12.0,False,INVALID,945702.42,2024,10,October,Q4,18-25,True,No Discount
ORD-100533,2024-11-10,Customer_68,customer533@example.com,8040936110.0,Delta,Konga,Electronics,Samsung Smart Tv,214250.17,2,10,385650.31,Pay On Delivery,52.0,Male,Vip,5.0,13.0,False,INVALID,385650.30600000004,2024,11,November,Q4,46-55,True,10-14%
ORD-100534,2024-12-10,Customer_75,customer534@example.com,886435714.0,Anambra,Jiji,Groceries,Indomie Noodles Carton,5124.53,1,5,4868.3,Bank Transfer,16.0,Female,New,3.0,6.0,False,INVALID,4868.303499999999,2024,12,December,Q4,Under 18,False,0-9%
ORD-100535,2023-01-01,Customer_47,customer535@example.com,8025931637.0,Delta,Whatsapp Commerce,Phones & Tablets,Samsung Galaxy A55,503902.29,2,0,1007804.58,Pos,16.0,Male,New,5.0,2.0,True,INVALID,1007804.58,2023,1,January,Q1,Under 18,True,No Discount
ORD-100536,2023-01-01,Customer_79,notanemail,8098369903.0,Kano,Flutterwave Store,Beauty,Neutrogena Body Lotion,8031.83,5,5,38151.19,Pay On Delivery,62.0,Male,Premium,5.0,5.0,False,INVALID,38151.1925,2023,1,January,Q1,56-65,False,0-9%
ORD-100537,2023-01-01,Customer_30,customer537@example.com,8042359067.0,Lagos,Flutterwave Store,Sports,Yoga Mat Non-Slip,112418.61,1,0,112418.61,Bank Transfer,41.5,Male,Regular,5.0,6.0,True,INVALID,112418.61,2023,1,January,Q1,36-45,True,No Discount
ORD-100538,2023-01-01,Customer_24,customer538@example.com,8083684143.0,Rivers,Jumia,Furniture,Wardrobe 4-Door,474991.47,1,0,474991.47,Pay On Delivery,34.0,Female,New,1.0,5.0,True,INVALID,474991.47,2023,1,January,Q1,26-35,True,No Discount
ORD-100539,2023-01-01,Customer_66,customer539@example.com,8088295539.0,Rivers,Whatsapp Commerce,Fashion,Men Senator Native,29075.45,4,0,116301.8,Ussd,44.0,Female,Premium,3.0,12.0,False,INVALID,116301.8,2023,1,January,Q1,36-45,True,No Discount
ORD-100540,2023-01-01,Customer_43,no-email@placeholder.ng,898249246.0,Enugu,Whatsapp Commerce,Sports,Kettlebell 20Kg,94660.46,1,0,94660.46,Ussd,25.0,Female,Vip,2.0,2.0,False,INVALID,94660.46,2023,1,January,Q1,18-25,True,No Discount
ORD-100541,2023-01-01,Customer_34,customer541@example.com,885826416.0,Imo,Jiji,Fashion,Female Gele Headtie,28520.96,3,10,77006.59,Card,33.0,Female,Vip,1.0,7.0,True,INVALID,77006.592,2023,1,January,Q1,26-35,True,10-14%
ORD-100542,2023-01-01,Customer_23,customer542@example.com,8042133774.0,Imo,Whatsapp Commerce,Groceries,Indomie Noodles Carton,4132.99,2,5,7852.68,Pos,43.0,Male,New,3.0,7.0,False,INVALID,7852.681,2023,1,January,Q1,36-45,False,0-9%
ORD-100543,2023-01-01,Customer_61,customer543@example.com,8004331905.0,Kaduna,Jumia,Fashion,Ankara Midi Dress,30584.86,4,0,122339.44,Bank Transfer,50.0,Female,Regular,3.0,8.0,False,INVALID,122339.44,2023,1,January,Q1,46-55,True,No Discount
ORD-100544,2023-01-01,Customer_95,customer544@example.com,848230351.0,Imo,Jiji,Electronics,Lg Air Conditioner,200255.49,1,0,200255.49,Pay On Delivery,58.0,Male,Premium,3.0,7.0,False,INVALID,200255.49,2023,1,January,Q1,56-65,True,No Discount
ORD-100545,2023-01-01,Customer_37,missing@,878718251.0,Kaduna,Konga,Beauty,Mac Foundation,15258.92,4,0,61035.68,Card,62.0,Female,New,4.0,7.0,False,INVALID,61035.68,2023,1,January,Q1,56-65,False,No Discount
ORD-100546,2023-01-01,Customer_13,customer546@example.com,8016708379.0,Kaduna,Jiji,Furniture,Glass Centre Table,397320.46,4,20,1271425.47,Pos,46.0,Female,Premium,4.0,9.0,False,INVALID,1271425.472,2023,1,January,Q1,46-55,True,20%+
ORD-100547,2023-01-01,Customer_97,customer547@example.com,8061031796.0,Abuja,Konga,Books,Ican Study Pack,6393.76,4,15,21738.78,Pos,42.0,Male,Vip,4.0,1.0,True,INVALID,21738.784,2023,1,January,Q1,36-45,False,15-19%
ORD-100548,2023-01-01,Customer_71,customer548@example.com,8008590075.0,Anambra,Jiji,Fashion,Ankara Midi Dress,4232.05,2,20,6771.28,Pos,26.0,Male,Premium,2.0,10.0,False,INVALID,6771.280000000001,2023,1,January,Q1,26-35,False,20%+
ORD-100549,2023-01-01,Customer_96,customer549@example.com,8079669381.0,Delta,Flutterwave Store,Sports,Nigeria Football Jersey,22187.94,5,20,88751.76,Bank Transfer,64.0,Male,Vip,3.0,6.0,False,INVALID,88751.76000000001,2023,1,January,Q1,56-65,True,20%+
ORD-100550,2024-01-11,Customer_7,customer550@example.com,8021341094.0,Abuja,Konga,Electronics,Scanfrost Refrigerator,161933.42,2,0,323866.84,Ussd,64.0,Female,Regular,3.0,6.0,False,INVALID,323866.84,2024,1,January,Q1,56-65,True,No Discount
ORD-100551,2024-02-11,Customer_42,customer551@example.com,8098952330.0,Lagos,Jumia,Books,Ican Study Pack,9028.13,4,0,36112.52,Card,53.0,Male,Regular,5.0,7.0,False,INVALID,36112.52,2024,2,February,Q1,46-55,False,No Discount
ORD-100552,2024-03-11,Customer_38,customer552@example.com,8008080115.0,Lagos,Konga,Furniture,6Ft Orthopedic Mattress,306807.36,1,5,291466.99,Bank Transfer,41.5,Male,Vip,5.0,13.0,False,INVALID,291466.99199999997,2024,3,March,Q1,36-45,True,0-9%
ORD-100553,2024-04-11,Customer_52,customer553@example.com,717569263.0,Lagos,Konga,Books,Nigerian Law Reports,8223.18,5,20,32892.72,Pay On Delivery,23.0,Male,New,4.0,12.0,False,INVALID,32892.72,2024,4,April,Q2,18-25,False,20%+
ORD-100554,2023-01-01,Customer_44,customer554@example.com,8085988698.0,Rivers,Jiji,Electronics,Sony Home Theatre,175558.44,3,20,64540.42,Bank Transfer,49.0,Female,Vip,2.0,6.0,False,INVALID,421340.25600000005,2023,1,January,Q1,46-55,False,20%+
ORD-100555,2024-07-11,Customer_64,customer555@example.com,8079386623.0,Rivers,Flutterwave Store,Beauty,Dark & Lovely Relaxer,15700.96,2,10,28261.73,Pay On Delivery,63.0,Male,Premium,1.0,12.0,True,INVALID,28261.728,2024,7,July,Q3,56-65,False,10-14%
ORD-100556,2024-08-11,Customer_13,no-email@placeholder.ng,8020659613.0,Anambra,Jiji,Beauty,Maybelline Mascara,8762.22,1,0,8762.22,Pay On Delivery,27.0,Male,Premium,2.0,10.0,False,INVALID,8762.22,2024,8,August,Q3,26-35,False,No Discount
ORD-100557,2024-09-11,Customer_88,customer557@example.com,8060113201.0,Lagos,Jiji,Phones & Tablets,Xiaomi Redmi Note 13,394689.68,2,0,789379.36,Pos,53.0,Female,Premium,5.0,7.0,False,INVALID,789379.36,2024,9,September,Q3,46-55,True,No Discount
ORD-100558,2024-11-11,Customer_28,customer558@example.com,8086114439.0,Delta,Flutterwave Store,Beauty,Maybelline Mascara,18811.55,1,5,17870.97,Bank Transfer,16.0,Male,New,2.0,10.0,False,INVALID,17870.9725,2024,11,November,Q4,Under 18,False,0-9%
ORD-100559,2024-12-11,Customer_96,customer559@example.com,8039314449.0,Kano,Jiji,Phones & Tablets,Samsung Galaxy A55,701952.08,2,15,1193318.54,Ussd,46.0,Male,Regular,4.0,6.0,False,INVALID,1193318.5359999998,2024,12,December,Q4,46-55,True,15-19%
ORD-100560,2023-01-01,Customer_82,customer560@example.com,8016344414.0,Enugu,Flutterwave Store,Books,Ican Study Pack,5883.48,1,0,5883.48,Pay On Delivery,41.5,Male,Regular,1.0,1.0,False,INVALID,5883.48,2023,1,January,Q1,36-45,False,No Discount
ORD-100561,2023-01-01,Customer_98,customer561@example.com,8013872005.0,Abuja,Jumia,Groceries,Golden Penny Rice 25Kg,827.46,4,10,2978.86,Pos,64.0,Female,Premium,4.0,3.0,False,INVALID,2978.856,2023,1,January,Q1,56-65,False,10-14%
ORD-100562,2023-01-01,Customer_98,customer562@example.com,8007045166.0,Delta,Flutterwave Store,Sports,Nigeria Football Jersey,21915.69,2,0,43831.38,Ussd,60.0,Male,New,1.0,2.0,False,INVALID,43831.38,2023,1,January,Q1,56-65,False,No Discount
ORD-100563,2023-01-01,Customer_1,customer563@example.com,8034006801.0,Rivers,Whatsapp Commerce,Sports,Adidas Running Sneakers,5440.75,1,10,4896.68,Bank Transfer,20.0,Male,Premium,5.0,6.0,True,INVALID,4896.675,2023,1,January,Q1,18-25,False,10-14%
ORD-100564,2023-01-01,Customer_43,customer564@example.com,8018365276.0,Imo,Flutterwave Store,Books,Nigerian Law Reports,8255.24,1,0,8255.24,Ussd,45.0,Male,Regular,1.0,8.0,False,INVALID,8255.24,2023,1,January,Q1,36-45,False,No Discount
ORD-100565,2023-01-01,Customer_42,customer565@example.com,8001049127.0,Delta,Flutterwave Store,Fashion,Men Agbada Set,16623.37,1,10,14961.03,Bank Transfer,39.0,Male,Vip,3.0,3.0,False,INVALID,14961.033,2023,1,January,Q1,36-45,False,10-14%
ORD-100566,2023-01-01,Customer_95,customer566@example.com,849732204.0,Oyo,Whatsapp Commerce,Fashion,Ankara Midi Dress,25555.34,1,0,25555.34,Pay On Delivery,18.0,Male,Premium,1.0,10.0,True,INVALID,25555.34,2023,1,January,Q1,18-25,False,No Discount
ORD-100567,2023-01-01,Customer_50,notanemail,8070380032.0,Anambra,Flutterwave Store,Beauty,Nivea Fair & Lovely,12737.3,1,20,10189.84,Card,26.0,Male,Premium,2.0,8.0,True,INVALID,10189.84,2023,1,January,Q1,26-35,False,20%+
ORD-100568,2023-01-01,Customer_60,customer568@example.com,860714742.0,Anambra,Konga,Sports,Treadmill Manual,12538.6,3,0,37615.8,Card,60.0,Male,Premium,2.0,8.0,False,INVALID,37615.8,2023,1,January,Q1,56-65,False,No Discount
ORD-100569,2023-01-01,Customer_1,customer569@example.com,8035273235.0,Lagos,Jiji,Sports,Yoga Mat Non-Slip,50181.58,4,10,180653.69,Pay On Delivery,19.0,Female,Regular,5.0,5.0,False,INVALID,180653.68800000002,2023,1,January,Q1,18-25,True,10-14%
ORD-100570,2023-01-01,Customer_51,customer570@example.com,8037617843.0,Kano,Jiji,Phones & Tablets,Infinix Hot 40 Pro,203729.26,1,0,203729.26,Ussd,41.0,Female,New,1.0,8.0,True,INVALID,203729.26,2023,1,January,Q1,36-45,True,No Discount
ORD-100571,2023-01-01,Customer_16,customer571@example.com,8053664497.0,Lagos,Jumia,Groceries,Dangote Semolina 10Kg,3638.0,2,0,7276.0,Bank Transfer,42.0,Female,Vip,3.0,6.0,False,INVALID,7276.0,2023,1,January,Q1,36-45,False,No Discount
ORD-100572,2023-01-01,Customer_39,customer572@example.com,8056691919.0,Delta,Jumia,Electronics,Samsung Smart Tv,83198.72,5,0,415993.6,Card,61.0,Male,Vip,5.0,5.0,True,INVALID,415993.6,2023,1,January,Q1,56-65,True,No Discount
ORD-100573,2023-01-01,Customer_15,customer573@example.com,8066401877.0,Kano,Whatsapp Commerce,Fashion,Ankara Midi Dress,38219.23,4,0,152876.92,Bank Transfer,58.0,Female,Vip,1.0,9.0,False,INVALID,152876.92,2023,1,January,Q1,56-65,True,No Discount
ORD-100574,2023-01-01,Customer_33,customer574@example.com,8058723258.0,Lagos,Konga,Sports,Adidas Running Sneakers,23380.62,1,10,21042.56,Pay On Delivery,42.0,Male,Premium,1.0,7.0,False,INVALID,21042.558,2023,1,January,Q1,36-45,False,10-14%
ORD-100575,2024-01-12,Customer_87,customer575@example.com,8031775780.0,Delta,Jumia,Phones & Tablets,Tecno Spark 20 Pro,769997.12,4,5,2925989.06,Ussd,57.0,Male,Regular,2.0,8.0,False,INVALID,2925989.056,2024,1,January,Q1,56-65,True,0-9%
ORD-100576,2024-02-12,Customer_53,customer576@example.com,8007737614.0,Oyo,Jiji,Furniture,Computer Work Desk,222556.0,4,0,890224.0,Bank Transfer,21.0,Male,Vip,5.0,1.0,False,INVALID,890224.0,2024,2,February,Q1,18-25,True,No Discount
ORD-100577,2024-04-12,Customer_98,customer577@example.com,8020497860.0,Enugu,Jumia,Phones & Tablets,Samsung Galaxy A55,682377.65,4,10,2456559.54,Ussd,30.0,Female,Premium,1.0,11.0,False,INVALID,2456559.54,2024,4,April,Q2,26-35,True,10-14%
ORD-100578,2024-05-12,Customer_17,customer578@example.com,8010398336.0,Abuja,Jumia,Fashion,Female Aso-Oke,29222.5,3,0,87667.5,Card,45.0,Female,New,1.0,2.0,False,INVALID,87667.5,2024,5,May,Q2,36-45,True,No Discount
ORD-100579,2024-06-12,Customer_89,customer579@example.com,8000330591.0,Enugu,Flutterwave Store,Fashion,Female Aso-Oke,33752.39,2,0,67504.78,Bank Transfer,57.0,Male,Premium,5.0,8.0,False,INVALID,67504.78,2024,6,June,Q2,56-65,True,No Discount
ORD-100580,2024-07-12,Customer_6,customer580@example.com,8028680423.0,Oyo,Jumia,Phones & Tablets,Samsung Galaxy A55,622308.77,2,0,1244617.54,Pos,52.0,Male,Vip,3.0,12.0,False,INVALID,1244617.54,2024,7,July,Q3,46-55,True,No Discount
ORD-100581,2024-09-12,Customer_31,customer581@example.com,8097949622.0,Enugu,Whatsapp Commerce,Electronics,Lg Air Conditioner,184123.04,2,10,331421.47,Card,52.0,Female,Vip,5.0,9.0,True,INVALID,331421.472,2024,9,September,Q3,46-55,True,10-14%
ORD-100582,2024-10-12,Customer_69,customer582@example.com,8054744914.0,Imo,Jiji,Books,Acca F3 Textbook,7067.65,1,5,6714.27,Ussd,57.0,Female,New,5.0,4.0,True,INVALID,6714.267499999999,2024,10,October,Q4,56-65,False,0-9%
ORD-100583,2023-01-01,Customer_40,customer583@example.com,8056483907.0,Rivers,Whatsapp Commerce,Fashion,Female Gele Headtie,24344.82,4,20,77903.42,Pay On Delivery,52.0,Female,Regular,3.0,12.0,False,INVALID,77903.424,2023,1,January,Q1,46-55,True,20%+
ORD-100584,2024-12-12,Customer_30,customer584@example.com,8071280776.0,Rivers,Whatsapp Commerce,Phones & Tablets,Infinix Hot 40 Pro,484864.66,1,0,484864.66,Pos,50.0,Female,New,5.0,10.0,False,INVALID,484864.66,2024,12,December,Q4,46-55,True,No Discount
ORD-100585,2023-01-01,Customer_69,customer585@example.com,8099995043.0,Imo,Konga,Sports,Nigeria Football Jersey,6439.15,3,0,19317.45,Bank Transfer,38.0,Female,New,1.0,11.0,True,INVALID,19317.449999999997,2023,1,January,Q1,36-45,False,No Discount
ORD-100586,2023-01-01,Customer_76,customer586@example.com,8087745124.0,Rivers,Flutterwave Store,Phones & Tablets,Samsung Galaxy A55,337569.1,3,20,810165.84,Card,21.0,Female,Vip,5.0,10.0,False,INVALID,810165.84,2023,1,January,Q1,18-25,True,20%+
ORD-100587,2023-01-01,Customer_7,customer587@example.com,883657796.0,Delta,Whatsapp Commerce,Groceries,Honeywell Flour 10Kg,5046.42,1,15,4289.46,Bank Transfer,41.5,Female,Vip,3.0,9.0,False,INVALID,4289.457,2023,1,January,Q1,36-45,False,15-19%
ORD-100588,2023-01-01,Customer_13,customer588@example.com,8034770490.0,Rivers,Konga,Books,Nigerian Law Reports,7655.41,3,20,18372.98,Bank Transfer,41.5,Male,Regular,4.0,4.0,False,INVALID,18372.984,2023,1,January,Q1,36-45,False,20%+
ORD-100589,2023-01-01,Customer_4,customer589@example.com,8018320158.0,Anambra,Jiji,Furniture,6Ft Orthopedic Mattress,401654.14,1,0,401654.14,Pos,24.0,Male,Vip,5.0,10.0,False,INVALID,401654.14,2023,1,January,Q1,18-25,True,No Discount
ORD-100590,2023-01-01,Customer_50,customer590@example.com,8048673754.0,Anambra,Jiji,Electronics,Samsung Smart Tv,234428.13,2,0,468856.26,Pos,64.0,Female,New,2.0,10.0,False,INVALID,468856.26,2023,1,January,Q1,56-65,True,No Discount
ORD-100591,2023-01-01,Unknown Customer,customer591@example.com,8024863641.0,Kano,Konga,Beauty,Maybelline Mascara,24809.63,1,10,22328.67,Pos,44.0,Female,New,3.0,10.0,True,INVALID,22328.667,2023,1,January,Q1,36-45,False,10-14%
ORD-100592,2023-01-01,Customer_12,customer592@example.com,8075761585.0,Kaduna,Whatsapp Commerce,Furniture,Computer Work Desk,159830.9,5,10,719239.05,Pos,28.0,Male,Regular,1.0,9.0,False,INVALID,719239.05,2023,1,January,Q1,26-35,True,10-14%
ORD-100593,2023-01-01,Customer_65,customer593@example.com,8024092788.0,Oyo,Whatsapp Commerce,Books,Ican Study Pack,5078.83,2,0,10157.66,Pay On Delivery,62.0,Female,Vip,2.0,11.0,False,INVALID,10157.66,2023,1,January,Q1,56-65,False,No Discount
ORD-100594,2023-01-01,Customer_27,customer594@example.com,8034205918.0,Anambra,Flutterwave Store,Books,Waec Past Questions,5345.55,3,5,15234.82,Ussd,41.5,Male,Vip,2.0,7.0,False,INVALID,15234.817500000001,2023,1,January,Q1,36-45,False,0-9%
ORD-100595,2023-01-01,Customer_50,customer595@example.com,8069157145.0,Delta,Flutterwave Store,Books,Acca F3 Textbook,6230.78,2,0,64540.42,Pos,60.0,Male,New,5.0,2.0,False,INVALID,12461.56,2023,1,January,Q1,56-65,False,No Discount
ORD-100596,2023-01-01,Customer_77,customer596@example.com,8052107045.0,Kano,Jiji,Furniture,L-Shape Office Sofa,422099.08,2,0,844198.16,Card,47.0,Female,New,2.0,9.0,False,INVALID,844198.16,2023,1,January,Q1,46-55,True,No Discount
ORD-100597,2023-01-01,Customer_17,customer597@example.com,8016146230.0,Imo,Flutterwave Store,Sports,Kettlebell 20Kg,30587.67,2,0,61175.34,Bank Transfer,63.0,Male,Vip,4.0,4.0,False,INVALID,61175.34,2023,1,January,Q1,56-65,False,No Discount
ORD-100598,2023-01-01,Customer_72,customer598@example.com,8094712693.0,Oyo,Konga,Books,Nigerian Law Reports,9580.8,3,20,22993.92,Pos,37.0,Female,Premium,3.0,8.0,False,INVALID,22993.92,2023,1,January,Q1,36-45,False,20%+
ORD-100599,2023-01-01,Customer_32,notanemail,8003955954.0,Oyo,Jiji,Phones & Tablets,Samsung Galaxy A55,345062.29,5,15,1466514.73,Card,41.5,Female,New,2.0,7.0,False,INVALID,1466514.7325,2023,1,January,Q1,36-45,True,15-19%
