OrderID,OrderDate,Region,Store,ProductCategory,UnitPrice,Quantity,DiscountPercent,GrossSales,NetSales,Cost,Profit,PaymentMethod,CustomerSegment,CustomerAge,CustomerGender,SatisfactionScore,DeliveryDays
ORD103076,2023-03-21,South,Store_06,Electronics,374.09,1,15.0,374.09,2934.991210432297,217.65,1257.3155396859693,Cash,New,45.0,Female,3.5,1.0
ORD104130,2023-01-07,South,Store_19,Beauty,47.48,1,0.0,47.48,47.48,32.54,14.94,Cash,Returning,40.0,Female,3.7,3.0
ORD104684,2024-01-13,West,Store_03,Groceries,21.36,2,0.0,42.72,42.72,23.64,19.08,Bank Transfer,New,31.0,Female,2.1,1.0
ORD103293,2023-07-31,West,Store_06,Clothing,184.86,4,0.0,887.33,887.33,400.22,487.11,Debit Card,Returning,45.0,Female,5.0,0.0
ORD102397,2023-07-31,Central,Store_19,Home & Living,51.84,1,0.0,62.21,62.21,36.57,25.64,Credit Card,Returning,37.0,Male,2.6,4.0
ORD102906,2024-04-01,Central,Store_06,Clothing,67.37,2,15.0,134.74,114.53,68.9,45.63,Mobile Wallet,New,28.0,Male,3.5,1.0
ORD101940,2023-05-01,North,Store_14,Groceries,52.73,5,0.0,263.65,263.65,120.8,142.85,Mobile Wallet,VIP,45.0,Male,4.3,5.0
ORD105838,2023-07-22,Central,Store_10,Groceries,19.14,1,0.0,22.97,22.97,15.24,7.73,Mobile Wallet,Returning,46.0,,4.0,4.0
ORD103106,2024-09-20,West,Store_19,Groceries,44.49,2,0.0,88.98,88.98,40.16,48.82,Debit Card,Returning,42.0,Female,3.5,5.0
ORD105297,2024-04-30,West,Store_02,Beauty,127.61,2,5.0,255.22,242.46,145.79,96.67,Debit Card,Returning,,Female,,7.0
ORD105152,2023-07-10,Central,Store_16,Electronics,488.91,1,25.0,586.69,440.02,312.71,127.31,Debit Card,New,79.0,Male,3.0,6.0
ORD103086,2023-05-13,West,Store_10,Groceries,41.51,2,15.0,83.02,70.57,36.15,34.42,Cash,Returning,36.0,Male,4.2,2.0
ORD101985,2024-08-02,South,Store_07,Home & Living,416.81,1,0.0,416.81,416.81,264.91,151.9,Bank Transfer,New,44.0,Male,3.9,3.0
ORD103329,2024-10-31,North,Store_05,Electronics,627.86,3,0.0,1883.58,1883.58,1260.57,623.01,Mobile Wallet,New,32.0,Female,5.0,4.0
ORD103659,2023-12-27,West,,Groceries,35.72,2,0.0,114.3,114.3,73.2,41.1,Cash,Returning,40.0,Male,3.7,4.0
ORD101178,2023-07-09,North,Store_14,Clothing,188.74,2,0.0,452.98,452.98,323.85,129.13,Mobile Wallet,Returning,18.0,Male,5.0,3.0
ORD103228,2024-06-22,Central,Store_14,Home & Living,283.45,1,0.0,340.14,340.14,227.42,112.72,Credit Card,New,29.0,Other,4.8,7.0
ORD100934,2023-11-20,Central,Store_09,Electronics,690.39,1,0.0,1104.62,1104.62,620.47,484.15,Cash,VIP,36.0,Male,3.7,1.0
ORD103885,2023-10-30,North,Store_19,Home & Living,116.83,1,0.0,116.83,116.83,85.35,31.48,Mobile Wallet,New,31.0,Other,,3.0
ORD102419,2023-11-02,West,Store_12,Clothing,25.42,2,0.0,81.34,81.34,55.6,25.74,Mobile Wallet,Returning,49.0,Other,3.4,6.0
ORD104099,2023-09-03,South,Store_07,Beauty,103.45,1,5.0,103.45,98.28,50.47,47.81,Mobile Wallet,VIP,28.0,Male,3.6,4.0
ORD104603,2024-07-06,North,Store_12,Electronics,810.86,1,0.0,973.03,973.03,646.89,326.14,Cash,VIP,26.0,Female,2.0,4.0
ORD102706,2024-05-30,South,Store_09,Groceries,31.01,1,15.0,31.01,26.36,14.51,11.85,Credit Card,New,28.0,Male,4.4,2.0
ORD105283,2024-07-08,East,Store_18,Home & Living,279.11,1,15.0,334.93,284.69,203.91,80.78,Bank Transfer,Returning,33.0,Female,,4.0
ORD102535,2024-12-15,West,Store_17,Beauty,87.08,3,0.0,417.98,417.98,280.75,137.23,Mobile Wallet,New,50.0,Male,4.8,6.0
ORD103002,2024-11-09,East,Store_06,Clothing,33.67,5,10.0,269.36,242.42,122.4,120.02,Credit Card,Returning,44.0,Other,5.0,4.0
ORD101453,2023-06-29,East,Store_01,Electronics,784.11,1,5.0,940.93,893.88,580.08,313.8,Bank Transfer,VIP,52.0,Male,2.7,1.0
ORD104310,2024-01-15,Central,Store_07,Electronics,884.79,2,5.0,1769.58,1681.1,825.23,855.87,Cash,New,16.0,Female,5.0,4.0
ORD100889,2023-07-17,North,Store_11,Beauty,129.66,1,0.0,155.59,155.59,96.93,58.66,Debit Card,VIP,55.0,Female,3.6,3.0
ORD105039,2023-06-07,North,Store_15,Clothing,92.35,1,0.0,110.82,110.82,77.25,33.57,Cash,Returning,33.0,Female,4.0,3.0
ORD105310,2024-10-27,West,Store_03,Beauty,64.9,1,15.0,64.9,55.16,39.65,15.51,Bank Transfer,Returning,33.0,Female,2.8,5.0
ORD105902,2023-03-10,North,Store_02,Groceries,3.02,1,25.0,3.02,2.26,1.12,1.14,Cash,New,44.0,Female,3.4,2.0
ORD103981,2023-03-06,South,Store_05,Groceries,41.7,5,0.0,208.5,208.5,121.09,87.41,Mobile Wallet,Returning,44.0,Male,5.0,4.0
ORD105744,2023-01-13,Central,Store_13,Clothing,89.29,1,0.0,89.29,89.29,61.43,27.86,Debit Card,VIP,,Female,4.3,
ORD103314,2023-10-22,South,Store_17,Clothing,173.51,2,0.0,347.02,347.02,159.29,187.73,Credit Card,New,51.0,Female,5.0,
ORD103916,2023-02-18,South,Store_08,Groceries,58.27,1,10.0,58.27,52.44,28.59,23.85,Mobile Wallet,New,25.0,Male,5.0,3.0
ORD101146,2024-01-23,South,Store_01,Groceries,19.4,2,10.0,38.8,34.92,17.44,17.48,Mobile Wallet,Returning,37.0,Male,3.4,2.0
ORD104506,2023-07-31,South,Store_09,Beauty,124.39,1,5.0,149.27,141.81,95.2,46.61,Credit Card,New,16.0,Male,,2.0
ORD102492,2024-11-09,West,Store_02,Home & Living,33.02,1,15.0,52.83,44.91,20.36,24.55,Credit Card,New,33.0,Female,3.1,5.0
ORD105207,2024-07-04,South,Store_07,Clothing,167.11,1,10.0,200.53,180.48,111.51,68.97,Mobile Wallet,Returning,21.0,Female,3.7,4.0
ORD105562,2024-07-28,East,Store_04,Clothing,62.51,1,0.0,75.01,75.01,44.87,30.14,Cash,Returning,27.0,Male,3.8,5.0
ORD104412,2023-09-01,South,Store_03,Groceries,11.45,1,15.0,11.45,9.73,4.82,4.91,Credit Card,Returning,40.0,Female,3.9,2.0
ORD103415,2023-10-29,East,Store_13,Beauty,12.8,3,10.0,38.4,34.56,23.05,11.51,Debit Card,Returning,31.0,Female,3.1,4.0
ORD103967,2023-06-26,West,Store_10,Sports,155.91,1,0.0,187.09,187.09,130.4,56.69,Mobile Wallet,New,47.0,Female,4.3,2.0
ORD103066,2024-08-28,East,Store_02,Clothing,44.76,1,0.0,44.76,44.76,31.42,13.34,Credit Card,Returning,38.0,Male,2.6,5.0
ORD103581,2024-07-12,Central,Store_18,Beauty,21.87,1,0.0,26.24,26.24,14.37,11.87,Debit Card,Returning,48.0,Female,4.8,4.0
ORD101175,2023-09-05,South,Store_19,Electronics,790.9,1,0.0,790.9,790.9,428.1,362.8,Debit Card,VIP,31.0,Female,4.6,2.0
ORD101252,2023-02-24,Central,Store_14,Clothing,116.79,1,0.0,116.79,116.79,65.05,51.74,Cash,New,54.0,Female,4.3,4.0
ORD100658,2023-02-22,East,Store_14,Sports,170.97,1,25.0,170.97,128.23,66.1,62.13,Credit Card,Returning,31.0,Other,2.1,2.0
ORD105116,2023-07-06,West,Store_11,Sports,170.38,2,0.0,408.91,408.91,196.62,212.29,Cash,Returning,26.0,Female,3.3,4.0
ORD104667,2023-04-12,North,Store_10,Sports,234.88,3,0.0,704.64,704.64,322.18,382.46,Credit Card,Returning,37.0,Other,,1.0
ORD101984,2024-04-10,West,Store_06,Clothing,134.74,1,0.0,134.74,134.74,67.78,66.96,Bank Transfer,Returning,38.0,Male,3.3,1.0
ORD100452,2023-12-31,West,Store_10,Clothing,78.56,1,10.0,125.7,113.13,65.04,48.09,Cash,New,44.0,Female,4.4,
ORD104323,2023-07-13,Central,Store_09,Beauty,26.71,1,0.0,32.05,32.05,23.82,8.23,Mobile Wallet,New,40.0,Female,3.4,0.0
ORD100059,2024-05-13,East,Store_14,Home & Living,428.31,2,5.0,856.62,813.79,561.95,251.84,Bank Transfer,Returning,53.0,Female,3.4,3.0
ORD102172,2024-12-28,South,Store_19,Clothing,132.43,2,0.0,423.78,423.78,205.68,218.1,Cash,New,27.0,Female,4.6,3.0
ORD102928,2023-05-16,Central,Store_10,Sports,184.87,1,0.0,184.87,184.87,126.49,58.38,Bank Transfer,VIP,54.0,Female,3.9,4.0
ORD104235,2023-01-29,North,Store_12,Groceries,2.65,4,0.0,10.6,10.6,6.13,4.47,Mobile Wallet,Returning,28.0,Female,3.6,3.0
ORD105093,2024-12-09,South,Store_15,Beauty,93.35,1,10.0,149.36,134.42,64.37,70.05,Mobile Wallet,VIP,,Female,3.9,4.0
ORD102945,2023-03-20,West,Store_05,Groceries,28.55,1,0.0,28.55,28.55,17.82,10.73,Credit Card,New,49.0,Female,,9.0
ORD104000,2023-08-20,North,Store_10,Clothing,183.88,1,0.0,183.88,183.88,126.57,57.31,Mobile Wallet,VIP,40.0,Male,4.2,3.0
ORD105409,2024-06-01,Central,Store_11,Electronics,277.44,2,0.0,665.86,665.86,339.44,326.42,Credit Card,VIP,36.0,Male,3.9,9.0
ORD104749,2023-09-24,East,Store_20,Home & Living,382.5,1,0.0,382.5,382.5,194.56,187.94,Debit Card,New,22.0,Male,1.5,4.0
ORD103062,2023-10-07,central,Store_20,Home & Living,285.8,1,0.0,285.8,285.8,149.64,136.16,Cash,VIP,52.0,Other,4.2,5.0
ORD104006,2023-07-03,North,Store_18,Clothing,21.8,4,0.0,104.64,104.64,54.37,50.27,Bank Transfer,Returning,35.0,Male,3.3,8.0
ORD103613,2023-02-24,Central,Store_01,Home & Living,216.39,2,0.0,432.78,432.78,281.96,150.82,Cash,New,,Female,3.0,2.0
ORD103911,2024-12-09,South,Store_02,Clothing,163.67,1,0.0,261.87,261.87,148.85,113.02,Bank Transfer,New,30.0,Other,2.8,3.0
ORD105457,2023-10-15,West,Store_05,Clothing,144.35,1,0.0,144.35,144.35,101.52,42.83,Credit Card,New,20.0,Male,4.1,4.0
ORD103745,2024-12-20,South,Store_11,Groceries,36.33,2,5.0,116.26,110.45,57.64,52.81,Mobile Wallet,Returning,48.0,Male,4.2,5.0
ORD101015,2024-09-03,North,Store_03,Groceries,56.59,1,0.0,56.59,56.59,28.36,28.23,Credit Card,New,34.0,Female,2.7,6.0
ORD104567,2024-05-28,East,Store_07,Groceries,25.68,1,0.0,25.68,25.68,14.89,10.79,Debit Card,New,49.0,Male,5.0,3.0
ORD100756,2024-06-22,North,Store_03,Home & Living,415.7,2,0.0,997.68,997.68,641.09,356.59,Cash,Returning,16.0,Male,4.4,4.0
ORD104440,2023-08-27,Central,Store_18,Groceries,27.75,1,0.0,27.75,27.75,19.97,7.78,Bank Transfer,VIP,61.0,Other,,
ORD100183,2024-05-23,North,Store_10,Groceries,57.84,3,0.0,173.52,173.52,101.44,72.08,Credit Card,Returning,37.0,Male,4.5,3.0
ORD104956,2023-04-28,North,Store_11,Electronics,476.38,1,10.0,476.38,428.74,271.1,157.64,Debit Card,Returning,23.0,Other,2.8,5.0
ORD103019,2024-06-27,West,Store_07,Clothing,110.3,1,0.0,132.36,132.36,64.45,67.91,Bank Transfer,New,22.0,Female,3.6,6.0
ORD103251,2024-06-29,Central,Store_18,Beauty,80.23,1,10.0,96.28,86.65,62.84,23.81,Credit Card,New,41.0,Female,2.9,
ORD103620,2024-12-28,Central,Store_16,Groceries,48.35,2,5.0,154.72,146.98,99.92,47.06,Mobile Wallet,New,16.0,Male,5.0,2.0
ORD101755,2023-08-21,South,Store_10,Sports,147.42,2,0.0,294.84,294.84,153.65,141.19,Cash,New,22.0,Male,4.0,3.0
ORD101104,2023-08-12,North,Store_08,Groceries,8.48,3,0.0,25.44,25.44,12.22,13.22,Mobile Wallet,New,35.0,Male,5.0,5.0
ORD105950,2023-10-20,North,Store_08,Clothing,95.59,1,20.0,95.59,76.47,40.84,35.63,Mobile Wallet,Returning,49.0,Female,4.8,5.0
ORD100244,2024-04-03,North,Store_11,Groceries,5.31,2,0.0,10.62,10.62,6.86,3.76,Cash,Returning,45.0,Female,4.8,5.0
ORD100683,2024-11-30,North,Store_18,Groceries,30.28,1,0.0,48.45,48.45,34.57,13.88,Cash,Returning,29.0,Male,4.2,5.0
ORD101535,2023-01-23,North,Store_02,Sports,174.82,1,0.0,174.82,174.82,84.59,90.23,Mobile Wallet,New,30.0,Male,4.4,4.0
ORD101182,2024-05-19,Central,Store_12,Sports,117.81,1,0.0,117.81,117.81,55.04,62.77,Credit Card,Returning,27.0,Female,4.9,3.0
ORD101831,2024-11-26,North,Store_07,Groceries,14.07,1,10.0,22.51,20.26,14.5,5.76,Cash,Returning,46.0,Female,5.0,3.0
ORD100915,2023-12-01,East,Store_08,Groceries,9.13,1,0.0,14.61,14.61,7.48,7.13,Bank Transfer,Returning,38.0,Female,4.1,0.0
ORD104425,2024-09-28,South,Store_03,Electronics,878.36,1,0.0,878.36,878.36,579.3,299.06,Cash,New,26.0,Other,4.2,7.0
ORD100962,2024-09-05,East,Store_13,Clothing,196.55,2,25.0,393.1,294.82,149.15,145.67,Debit Card,New,39.0,Female,4.3,1.0
ORD100698,2023-02-06,North,Store_09,Groceries,45.8,2,0.0,91.6,91.6,48.74,42.86,Mobile Wallet,New,33.0,Female,3.2,4.0
ORD101391,2024-01-22,South,Store_03,Electronics,601.33,1,20.0,601.33,481.06,307.51,173.55,Debit Card,Returning,45.0,Other,3.2,0.0
ORD101769,2023-05-24,North,Store_20,Electronics,1025.16,1,0.0,1025.16,1025.16,684.5,340.66,Cash,Returning,38.0,Female,4.4,4.0
ORD101610,2024-07-20,Central,Store_20,Groceries,2.18,1,0.0,2.62,2.62,1.85,0.77,Mobile Wallet,Returning,46.0,Female,4.0,3.0
ORD104458,2023-03-27,Central,Store_07,Clothing,194.88,4,0.0,779.52,779.52,457.32,322.2,Cash,New,54.0,Female,3.3,
ORD104586,2023-06-06,North,Store_15,Groceries,10.57,1,10.0,12.68,11.41,6.87,4.54,Debit Card,Returning,35.0,Male,2.9,3.0
ORD100135,2023-08-10,West,Store_04,Groceries,17.83,1,0.0,17.83,17.83,9.47,8.36,Credit Card,New,40.0,Male,3.4,6.0
ORD100773,2024-06-07,Central,Store_17,Electronics,1062.0,2,0.0,2548.8,2548.8,1263.85,1284.95,Cash,Returning,34.0,Female,,1.0
ORD104077,2024-03-15,South,Store_04,Clothing,176.28,1,15.0,176.28,149.84,105.55,44.29,Bank Transfer,VIP,32.0,Male,3.2,6.0
ORD101464,2024-09-13,South,Store_04,Clothing,108.78,3,0.0,326.34,326.34,176.16,150.18,Cash,VIP,50.0,Female,4.4,6.0
ORD102845,2023-11-30,East,Store_20,Groceries,41.53,1,10.0,66.45,59.8,37.7,22.1,Mobile Wallet,Returning,46.0,Female,3.7,2.0
ORD102054,2024-06-05,East,Store_16,Clothing,144.86,1,5.0,173.83,165.14,98.39,66.75,Debit Card,New,32.0,Female,3.9,5.0
ORD101801,2023-12-08,South,Store_05,Groceries,41.69,1,20.0,66.7,53.36,24.38,28.98,Bank Transfer,Returning,16.0,Male,5.0,4.0
ORD100359,2024-06-30,Central,Store_14,Groceries,33.14,1,0.0,39.77,39.77,21.05,18.72,Cash,Returning,36.0,Male,,3.0
ORD102175,2024-07-10,South,Store_12,Groceries,59.52,2,15.0,142.85,121.42,85.78,35.64,Debit Card,Returning,28.0,Male,3.0,2.0
ORD100596,2024-02-27,East,Store_04,Clothing,107.19,1,0.0,107.19,107.19,59.76,47.43,Mobile Wallet,Returning,36.0,Female,3.4,3.0
ORD103940,2024-02-02,West,Store_18,Electronics,354.22,1,5.0,354.22,336.51,191.44,145.07,Mobile Wallet,Returning,37.0,Male,2.9,5.0
ORD103931,2023-02-24,East,Store_07,Groceries,36.76,1,0.0,36.76,36.76,24.15,12.61,Debit Card,New,39.0,Male,2.2,3.0
ORD104382,2023-09-15,West,Store_02,Home & Living,394.84,1,0.0,394.84,394.84,211.41,183.43,Bank Transfer,Returning,31.0,Female,4.6,1.0
ORD105216,2024-07-28,North,Store_11,Clothing,102.87,1,0.0,123.44,123.44,86.12,37.32,Debit Card,Returning,56.0,Male,3.5,2.0
ORD100246,2024-07-06,South,Store_17,Home & Living,201.99,1,0.0,242.39,3380.4139921689607,181.46,623.523477802667,Credit Card,Returning,50.0,Female,3.3,3.0
ORD100712,2024-06-15,Central,Store_10,Clothing,84.69,1,0.0,101.63,101.63,48.15,53.48,Credit Card,New,39.0,Male,4.3,4.0
ORD103399,2024-06-10,Central,Store_20,Clothing,177.34,1,0.0,212.81,212.81,151.25,61.56,Bank Transfer,Returning,31.0,Male,4.7,2.0
ORD101031,2023-05-07,West,Store_04,Beauty,21.66,1,20.0,21.66,17.33,11.84,5.49,Cash,Returning,26.0,Male,2.0,5.0
ORD105669,2024-05-14,West,Store_03,Clothing,102.08,1,10.0,102.08,91.87,64.63,27.24,Credit Card,New,38.0,Male,4.7,5.0
ORD102632,2024-10-28,South,Store_01,Clothing,139.56,1,0.0,139.56,139.56,92.25,47.31,Mobile Wallet,Returning,43.0,Female,2.1,3.0
ORD101127,2024-04-10,West,Store_01,Groceries,8.88,2,0.0,17.76,17.76,12.38,5.38,Mobile Wallet,Returning,37.0,Female,3.9,1.0
ORD101442,2024-11-13,South,Store_18,Home & Living,130.78,2,5.0,418.5,397.57,274.25,123.32,Bank Transfer,Returning,70.0,Female,5.0,3.0
ORD102179,2023-11-30,North,Store_05,Sports,32.65,2,0.0,104.48,104.48,72.61,31.87,Debit Card,VIP,56.0,Male,3.1,2.0
ORD105246,2024-03-02,Central,Store_02,Clothing,58.49,1,15.0,58.49,49.72,25.91,23.81,Debit Card,Returning,49.0,Male,5.0,1.0
ORD105576,2024-02-27,South,,Electronics,833.08,1,0.0,833.08,833.08,538.63,294.45,Debit Card,VIP,29.0,Female,,4.0
ORD104356,2024-12-05,East,Store_09,Home & Living,219.53,5,,1756.24,14448.077791777772,946.89,6258.437562468112,Bank Transfer,New,41.0,Female,4.0,3.0
ORD101514,2023-06-30,South,Store_05,Electronics,777.53,2,0.0,1866.07,1866.07,975.65,890.42,Cash,VIP,23.0,Female,3.6,7.0
ORD105106,2024-07-07,West,Store_09,Groceries,15.07,1,0.0,18.08,18.08,13.36,4.72,Cash,Returning,27.0,Female,4.2,5.0
ORD103031,2023-07-18,East,Store_06,Home & Living,315.62,1,5.0,378.74,359.8,242.61,117.19,Credit Card,VIP,36.0,Other,3.1,1.0
ORD102839,2024-12-10,South,Store_07,Clothing,16.33,2,0.0,52.26,52.26,25.6,26.66,Cash,VIP,32.0,Female,2.9,2.0
ORD104404,2023-07-10,East,Store_14,Electronics,393.77,1,15.0,472.52,401.64,260.88,140.76,Debit Card,Returning,51.0,Male,4.0,
ORD101629,2023-04-03,West,Store_01,Groceries,29.95,1,0.0,29.95,29.95,21.36,8.59,Mobile Wallet,Returning,23.0,Female,5.0,2.0
ORD100968,2024-11-02,West,Store_11,Groceries,47.19,2,0.0,151.01,151.01,105.68,45.33,Cash,New,23.0,Male,4.3,5.0
ORD103652,2023-10-27,South,Store_20,Electronics,146.68,2,0.0,293.36,293.36,197.69,95.67,Bank Transfer,New,40.0,Female,3.8,6.0
ORD101648,2024-12-13,Central,Store_05,Electronics,1100.74,2,0.0,3522.37,3522.37,2542.13,980.24,Debit Card,Returning,30.0,Female,5.0,4.0
ORD101350,2023-02-14,East,Store_14,Electronics,994.23,2,5.0,1988.46,1889.04,1096.93,792.11,Debit Card,New,48.0,Male,3.9,2.0
ORD102985,2024-04-18,North,Store_02,Clothing,185.71,1,5.0,185.71,176.42,123.61,52.81,Cash,New,38.0,Female,2.4,2.0
ORD100056,2024-02-03,North,Store_12,Clothing,62.85,1,5.0,62.85,59.71,29.93,29.78,Debit Card,VIP,30.0,Female,2.4,
ORD102311,2023-02-19,Central,Store_01,Groceries,26.0,1,0.0,26.0,26.0,14.91,11.09,Debit Card,Returning,48.0,Other,4.8,6.0
ORD101670,2024-07-11,South,Store_06,Groceries,55.76,2,5.0,133.82,127.13,65.95,61.18,Credit Card,Returning,53.0,Female,3.1,2.0
ORD103196,2023-06-14,South,Store_17,Home & Living,147.4,1,0.0,176.88,176.88,87.34,89.54,Bank Transfer,Returning,36.0,Female,5.0,6.0
ORD105719,2023-12-01,South,Store_03,Electronics,1057.28,1,0.0,1691.65,1691.65,945.48,746.17,Debit Card,Returning,49.0,Male,4.1,1.0
ORD103369,2023-03-28,South,Store_06,Electronics,291.38,1,0.0,291.38,291.38,133.55,157.83,Credit Card,Returning,43.0,Female,3.7,2.0
ORD100875,2024-01-04,Central,Store_09,Sports,258.7,1,0.0,258.7,258.7,137.82,120.88,Cash,Returning,30.0,Female,4.1,3.0
ORD100305,2023-04-13,East,Store_19,Electronics,1076.23,2,0.0,2152.46,2152.46,1149.05,1003.41,Debit Card,Returning,54.0,Other,1.9,3.0
ORD100521,2023-04-17,West,Store_16,Groceries,16.2,1,0.0,16.2,16.2,9.55,6.65,Debit Card,Returning,16.0,Male,3.5,1.0
ORD100334,2023-12-02,South,Store_11,Groceries,57.79,4,0.0,369.86,369.86,202.59,167.27,Debit Card,Returning,35.0,Male,3.9,1.0
ORD105413,2024-10-13,South,Store_11,Groceries,41.82,1,10.0,41.82,37.64,21.42,16.22,Cash,New,37.0,Male,5.0,3.0
ORD104936,2024-12-02,East,Store_16,Electronics,463.83,1,10.0,742.13,667.92,339.1,328.82,Mobile Wallet,Returning,63.0,Female,5.0,4.0
ORD104265,2024-12-24,North,Store_08,Clothing,21.61,1,0.0,34.58,34.58,25.28,9.3,Debit Card,New,26.0,Female,4.1,4.0
ORD101457,2023-11-29,East,Store_09,Electronics,1086.08,1,5.0,1737.73,1650.84,965.77,685.07,Bank Transfer,New,37.0,Male,3.6,6.0
ORD104481,2023-08-05,Central,Store_16,Beauty,14.14,1,,14.14,12.73,6.7,6.03,Bank Transfer,New,,Female,3.6,5.0
ORD100000,2023-03-07,North,Store_16,Beauty,91.14,1,5.0,91.14,86.58,41.16,45.42,Mobile Wallet,New,32.0,Female,3.3,7.0
ORD105765,2024-02-06,South,Store_10,Electronics,334.71,1,5.0,334.71,317.97,222.5,95.47,Credit Card,New,41.0,Female,5.0,4.0
ORD104788,2023-08-12,West,Store_08,Home & Living,377.49,1,0.0,377.49,377.49,281.1,96.39,Mobile Wallet,New,53.0,Female,4.1,3.0
ORD104835,2024-01-21,South,Store_16,Groceries,31.87,1,0.0,31.87,31.87,18.77,13.1,Cash,New,54.0,Male,4.7,3.0
ORD101354,2023-06-10,South,Store_10,Home & Living,295.67,2,20.0,709.61,567.69,359.37,208.32,Bank Transfer,VIP,16.0,Female,2.9,9.0
ORD103177,2023-08-05,West,Store_03,Groceries,41.08,1,10.0,41.08,36.97,20.37,16.6,Mobile Wallet,Returning,47.0,Male,3.5,3.0
ORD101549,2023-01-04,Central,Store_08,Groceries,14.87,1,0.0,14.87,14.87,8.95,5.92,Debit Card,New,33.0,Female,4.4,5.0
ORD100500,2023-03-25,East,Store_05,Sports,123.97,1,0.0,123.97,123.97,89.99,33.98,Bank Transfer,New,48.0,Female,5.0,6.0
ORD105921,2024-08-05,North,Store_10,Clothing,151.98,1,0.0,151.98,151.98,91.02,60.96,Mobile Wallet,Returning,30.0,Other,4.8,3.0
ORD100706,2023-01-06,South,Store_15,Electronics,328.12,1,0.0,328.12,328.12,225.4,102.72,Bank Transfer,Returning,49.0,Female,3.4,2.0
ORD103639,2024-03-28,East,Store_15,Groceries,23.09,2,0.0,46.18,46.18,27.13,19.05,Cash,New,22.0,Female,4.9,3.0
ORD101128,2024-02-11,North,Store_07,Home & Living,18.25,2,0.0,36.5,36.5,22.36,14.14,Credit Card,New,73.0,Female,3.6,3.0
ORD103249,2023-10-16,South,Store_07,Sports,101.7,1,0.0,101.7,1513.5423574950294,75.76,335.13820466019286,Cash,New,,Male,5.0,0.0
ORD104407,2023-05-16,East,Store_17,Sports,24.47,4,0.0,97.88,97.88,45.45,52.43,Cash,New,27.0,Female,5.0,2.0
ORD104101,2024-12-21,East,Store_12,Sports,133.9,2,0.0,428.48,428.48,210.27,218.21,Cash,VIP,51.0,Male,5.0,0.0
ORD102352,2024-06-05,South,Store_16,Electronics,579.6,1,15.0,695.52,591.19,288.25,302.94,Cash,New,59.0,Male,1.7,5.0
ORD105061,2024-03-28,North,Store_16,Sports,102.81,1,0.0,102.81,102.81,65.09,37.72,Mobile Wallet,Returning,40.0,Other,4.6,5.0
ORD105377,2023-07-06,South,Store_17,Home & Living,404.77,1,0.0,485.72,485.72,324.14,161.58,Cash,Returning,53.0,Male,,0.0
ORD103337,2023-02-06,West,Store_19,Clothing,183.51,2,0.0,367.02,367.02,205.48,161.54,Bank Transfer,Returning,18.0,Female,4.3,5.0
ORD104215,2024-12-25,South,Store_04,Electronics,812.25,2,0.0,2599.2,2599.2,1471.43,1127.77,Cash,VIP,17.0,Female,3.5,6.0
ORD104360,2023-01-06,East,Store_15,Clothing,11.9,1,5.0,11.9,11.3,7.59,3.71,Cash,New,30.0,Female,4.8,2.0
ORD103986,2023-08-15,East,Store_03,Groceries,30.78,1,5.0,30.78,29.24,16.04,13.2,Bank Transfer,New,36.0,Male,,4.0
ORD100610,2024-08-31,East,Store_18,Clothing,12.84,2,5.0,25.68,24.4,11.14,13.26,Mobile Wallet,New,32.0,,4.1,2.0
ORD104061,2023-01-16,East,Store_01,Groceries,48.16,2,5.0,96.32,91.5,52.39,39.11,Bank Transfer,Returning,33.0,Female,2.8,1.0
ORD105235,2024-09-20,North,Store_09,Groceries,26.95,2,10.0,53.9,48.51,30.13,18.38,Cash,New,48.0,Male,4.6,4.0
ORD104218,2024-01-20,North,Store_18,Sports,185.4,1,25.0,185.4,139.05,63.67,75.38,Mobile Wallet,New,36.0,Female,4.4,0.0
ORD103171,2024-11-16,North,Store_18,Groceries,25.01,1,25.0,40.02,30.01,16.32,13.69,Bank Transfer,VIP,49.0,Male,,2.0
ORD102873,2023-06-09,West,Store_10,Clothing,109.88,1,0.0,131.86,131.86,83.83,48.03,Debit Card,VIP,38.0,Female,3.6,
ORD102094,2023-04-29,East,Store_10,Groceries,40.78,1,5.0,40.78,38.74,28.73,10.01,Cash,VIP,28.0,Male,4.3,4.0
ORD104351,2024-02-18,South,Store_06,Beauty,40.38,1,0.0,40.38,40.38,30.16,10.22,Debit Card,Returning,,Female,2.7,3.0
ORD103701,2023-06-18,West,Store_10,Groceries,31.84,1,20.0,38.21,30.57,14.87,15.7,Debit Card,New,43.0,Male,3.8,4.0
ORD103132,2024-07-08,South,Store_15,Clothing,56.22,1,0.0,67.46,67.46,46.79,20.67,Cash,Returning,18.0,Male,3.0,6.0
ORD102055,2023-09-25,North,Store_20,Electronics,498.3,1,5.0,498.3,473.38,353.25,120.13,Debit Card,New,16.0,Male,2.8,5.0
ORD101708,2023-06-27,East,Store_13,Groceries,42.82,1,15.0,51.38,43.67,20.09,23.58,Cash,New,60.0,Other,5.0,3.0
ORD101394,2023-06-07,South,Store_11,Sports,113.29,2,5.0,271.9,258.31,171.81,86.5,Bank Transfer,New,21.0,Male,3.9,7.0
ORD100194,2024-12-01,West,Store_11,Clothing,66.64,1,5.0,106.62,101.29,68.33,32.96,Mobile Wallet,Returning,43.0,Female,4.9,4.0
ORD100965,2024-03-05,East,Store_06,Groceries,22.28,1,5.0,22.28,21.17,12.53,8.64,Credit Card,VIP,42.0,Male,3.8,3.0
ORD104547,2024-09-06,South,Store_07,Electronics,236.32,1,0.0,236.32,236.32,176.94,59.38,Bank Transfer,New,27.0,Male,5.0,6.0
ORD104540,2024-03-12,Central,Store_06,Groceries,8.73,1,20.0,8.73,6.98,4.02,2.96,Credit Card,VIP,26.0,Male,2.6,3.0
ORD104070,2023-03-12,North,Store_10,Groceries,44.4,4,0.0,177.6,177.6,109.59,68.01,Bank Transfer,Returning,50.0,Female,4.0,3.0
ORD103378,2024-09-18,North,Store_04,Groceries,37.95,1,15.0,37.95,32.26,24.17,8.09,Cash,Returning,58.0,Female,4.2,4.0
ORD100115,2024-02-20,North,Store_09,Home & Living,297.27,1,10.0,297.27,267.54,162.04,105.5,Mobile Wallet,New,32.0,Female,2.6,2.0
ORD100852,2024-12-04,North,Store_13,Clothing,134.6,3,20.0,646.08,516.86,370.7,146.16,Credit Card,New,52.0,Female,4.6,6.0
ORD101051,2023-09-24,South,Store_05,Beauty,114.57,4,0.0,458.28,458.28,291.4,166.88,Bank Transfer,Returning,16.0,Male,3.7,5.0
ORD105939,2023-05-14,Central,Store_07,Electronics,1159.81,1,0.0,1159.81,1159.81,570.87,588.94,Credit Card,Returning,22.0,Male,4.7,3.0
ORD101528,2023-01-16,South,,Groceries,55.61,1,0.0,55.61,55.61,37.92,17.69,Mobile Wallet,VIP,16.0,Male,2.8,5.0
ORD103214,2024-02-15,North,Store_01,Clothing,146.93,1,0.0,146.93,146.93,93.34,53.59,Bank Transfer,New,34.0,Male,4.1,4.0
ORD103727,2024-01-20,South,Store_15,Electronics,744.51,1,0.0,744.51,744.51,550.53,193.98,Credit Card,VIP,35.0,Female,3.8,6.0
ORD104602,2023-08-17,West,Store_05,Groceries,32.38,2,0.0,64.76,64.76,38.88,25.88,Debit Card,Returning,35.0,Female,4.3,7.0
ORD105531,2024-11-20,North,Store_12,Sports,96.66,1,5.0,154.66,146.93,96.42,50.51,Debit Card,New,36.0,Male,3.0,5.0
ORD104812,2024-01-20,South,Store_18,Clothing,189.8,2,0.0,379.6,379.6,201.19,178.41,Cash,New,27.0,Male,4.3,5.0
ORD104246,2023-07-19,East,Store_11,Groceries,13.25,1,5.0,15.9,15.1,7.57,7.53,Mobile Wallet,Returning,58.0,Male,4.1,
ORD104465,2023-03-10,South,Store_19,Groceries,2.23,3,0.0,6.69,6.69,5.0,1.69,Cash,Returning,35.0,Male,4.8,5.0
ORD101543,2024-02-20,East,Store_20,Groceries,7.09,1,10.0,7.09,6.38,2.97,3.41,Credit Card,VIP,16.0,Male,3.1,3.0
ORD100561,2023-02-01,North,Store_06,Groceries,31.98,1,0.0,31.98,31.98,17.99,13.99,Credit Card,New,21.0,Male,3.8,0.0
ORD104613,2024-01-16,North,Store_18,Sports,150.39,1,0.0,150.39,150.39,79.34,71.05,Bank Transfer,Returning,39.0,Female,4.1,4.0
ORD100948,2024-11-22,East,Store_20,Clothing,152.27,1,0.0,243.63,243.63,129.15,114.48,Mobile Wallet,New,31.0,Female,5.0,5.0
ORD100732,2024-11-03,South,Store_16,Clothing,43.44,1,0.0,69.5,69.5,36.52,32.98,Debit Card,Returning,26.0,Female,4.4,0.0
ORD103235,2024-02-21,Central,Store_13,Home & Living,290.52,1,5.0,290.52,275.99,165.43,110.56,Mobile Wallet,Returning,26.0,Male,5.0,7.0
ORD105307,2024-06-27,North,Store_08,Groceries,30.51,2,0.0,73.22,73.22,37.33,35.89,Debit Card,VIP,38.0,Female,2.7,6.0
ORD105143,2024-02-12,West,Store_13,Clothing,19.95,1,0.0,19.95,19.95,10.04,9.91,Debit Card,New,,Male,2.8,
ORD100275,2023-12-19,East,Store_10,Beauty,20.94,1,0.0,33.5,33.5,23.58,9.92,Cash,Returning,60.0,Male,4.2,2.0
ORD103692,2023-05-23,South,Store_11,Sports,290.71,2,15.0,581.42,494.21,274.5,219.71,Debit Card,New,23.0,Male,4.7,7.0
ORD105864,2024-10-28,East,Store_16,Clothing,80.89,1,5.0,80.89,76.85,54.59,22.26,Mobile Wallet,VIP,38.0,Male,4.1,5.0
ORD104995,2023-06-04,Central,Store_02,Home & Living,365.03,1,5.0,438.04,416.14,233.25,182.89,Bank Transfer,New,21.0,Male,4.5,3.0
ORD100121,2024-05-02,Central,Store_18,Groceries,26.06,1,20.0,26.06,20.85,10.48,10.37,Debit Card,VIP,42.0,Male,3.7,2.0
ORD102029,2023-09-08,Central,Store_02,Clothing,184.93,2,10.0,369.86,332.87,195.57,137.3,Mobile Wallet,Returning,35.0,Male,3.6,4.0
ORD102635,2023-01-20,North,Store_14,Groceries,19.81,2,0.0,39.62,39.62,21.2,18.42,Mobile Wallet,Returning,33.0,Female,4.2,3.0
ORD100671,2024-03-24,East,Store_07,Groceries,39.81,1,0.0,39.81,39.81,22.25,17.56,Mobile Wallet,New,42.0,Other,4.2,4.0
ORD105232,2023-08-07,South,Store_03,Electronics,805.23,1,,805.23,805.23,459.83,345.4,Bank Transfer,Returning,29.0,Male,4.6,2.0
ORD100807,2023-03-22,West,Store_12,Clothing,38.14,3,10.0,114.42,102.98,53.56,49.42,Cash,Returning,45.0,Female,3.9,2.0
ORD104821,2024-05-12,West,Store_12,Groceries,28.32,1,0.0,28.32,28.32,16.9,11.42,Mobile Wallet,New,32.0,Male,4.8,3.0
ORD101023,2024-09-06,West,Store_05,Electronics,404.13,2,0.0,808.26,808.26,567.53,240.73,Bank Transfer,VIP,61.0,Female,3.4,3.0
ORD100582,2023-03-19,East,Store_15,Beauty,95.23,1,0.0,95.23,95.23,43.28,51.95,Mobile Wallet,Returning,16.0,Other,3.4,0.0
ORD100149,2023-02-12,East,Store_04,Groceries,4.67,1,10.0,4.67,4.2,2.81,1.39,Cash,Returning,35.0,Female,3.5,6.0
ORD105455,2023-04-10,East,Store_09,Clothing,21.73,1,5.0,21.73,20.64,13.25,7.39,Debit Card,Returning,44.0,Female,3.4,4.0
ORD102986,2024-06-29,West,Store_10,Groceries,48.55,1,20.0,58.26,46.61,31.29,15.32,Mobile Wallet,Returning,57.0,Male,5.0,5.0
ORD104633,2023-05-08,East,Store_04,Sports,17.15,1,0.0,17.15,17.15,8.08,9.07,Bank Transfer,Returning,25.0,Male,5.0,2.0
ORD102130,2024-06-08,North,Store_12,Home & Living,215.48,1,0.0,258.58,258.58,152.78,105.8,Debit Card,Returning,57.0,Female,3.2,2.0
ORD103036,2024-08-08,East,Store_05,Clothing,188.6,2,20.0,377.2,301.76,196.02,105.74,Debit Card,Returning,39.0,Female,3.7,1.0
ORD100008,2023-05-28,West,Store_09,Electronics,1146.18,1,20.0,1146.18,916.94,621.92,295.02,Credit Card,VIP,36.0,Male,4.5,1.0
ORD101310,2024-01-18,West,Store_01,Groceries,41.42,1,15.0,41.42,35.21,24.21,11.0,Credit Card,Returning,24.0,Male,4.4,1.0
ORD100117,2023-04-13,South,Store_13,Home & Living,88.07,1,10.0,88.07,79.26,48.38,30.88,Credit Card,Returning,,Male,,3.0
ORD102204,2023-11-28,West,Store_11,Clothing,37.74,1,10.0,60.38,54.34,28.53,25.81,Debit Card,New,24.0,Female,4.0,2.0
ORD102810,2024-01-10,Central,Store_12,Groceries,54.54,1,0.0,54.54,54.54,27.74,26.8,Cash,VIP,25.0,Female,3.6,4.0
ORD105089,2024-01-21,Central,Store_05,Clothing,83.09,1,5.0,83.09,78.94,54.2,24.74,Bank Transfer,Returning,44.0,Female,4.2,3.0
ORD103215,2023-07-13,South,Store_10,Groceries,41.48,1,10.0,49.78,44.8,25.89,18.91,Debit Card,New,38.0,Female,5.0,3.0
ORD101328,2024-05-07,North,Store_17,Clothing,63.86,1,0.0,63.86,63.86,36.84,27.02,Cash,Returning,35.0,Male,4.9,3.0
ORD101857,2024-03-02,North,Store_13,Groceries,15.59,1,5.0,15.59,14.81,9.98,4.83,Mobile Wallet,New,16.0,Male,5.0,4.0
ORD102750,2023-06-28,South,Store_18,Sports,35.7,1,0.0,42.84,42.84,29.56,13.28,Bank Transfer,New,16.0,Female,4.9,1.0
ORD102931,2024-05-06,East,Store_20,Beauty,89.69,2,0.0,179.38,179.38,99.19,80.19,Debit Card,VIP,16.0,Male,2.9,2.0
ORD105698,2024-06-08,East,,Home & Living,403.29,1,0.0,483.95,483.95,331.54,152.41,Debit Card,New,43.0,Female,3.7,3.0
ORD103218,2024-12-20,East,Store_13,Sports,207.32,1,5.0,331.71,315.12,156.65,158.47,Bank Transfer,New,65.0,Male,4.3,3.0
ORD102925,2023-05-14,North,Store_03,Electronics,551.52,1,15.0,551.52,468.79,309.57,159.22,Credit Card,New,44.0,Female,3.3,4.0
ORD105115,2023-07-11,Central,Store_11,Home & Living,447.21,1,10.0,536.65,482.99,299.84,183.15,Bank Transfer,New,36.0,Male,3.7,4.0
ORD100179,2024-01-01,East,Store_15,Electronics,527.37,1,5.0,527.37,501.0,280.52,220.48,Bank Transfer,New,55.0,Male,4.8,1.0
ORD103059,2023-07-19,South,Store_15,Sports,195.35,2,10.0,468.84,421.96,292.34,129.62,Credit Card,New,16.0,Male,4.6,4.0
ORD105347,2023-12-11,North,Store_11,Groceries,52.61,1,10.0,84.18,75.76,34.83,40.93,Mobile Wallet,VIP,21.0,Male,4.9,6.0
ORD101095,2023-02-28,South,Store_03,Groceries,59.1,3,0.0,177.3,177.3,128.2,49.1,Bank Transfer,New,34.0,Female,,6.0
ORD100083,2024-08-30,East,Store_06,Groceries,51.41,1,0.0,51.41,51.41,25.97,25.44,Debit Card,New,16.0,Female,3.8,3.0
ORD105752,2023-03-29,East,Store_10,Home & Living,105.5,1,25.0,105.5,79.12,41.35,37.77,Mobile Wallet,Returning,39.0,Male,4.4,5.0
ORD104692,2024-12-24,Central,Store_19,Electronics,1127.46,1,25.0,1803.94,1352.95,626.96,725.99,Bank Transfer,New,38.0,Male,3.7,2.0
ORD101422,2024-03-05,South,Store_16,Beauty,135.53,1,10.0,135.53,121.98,58.91,63.07,Mobile Wallet,Returning,56.0,Female,3.6,7.0
ORD100398,2023-07-24,North,Store_19,Clothing,194.83,1,5.0,233.8,222.11,138.47,83.64,Mobile Wallet,New,,Female,4.0,7.0
ORD105049,2024-10-27,East,Store_12,Groceries,11.94,1,0.0,11.94,11.94,8.54,3.4,Cash,VIP,25.0,Male,4.0,2.0
ORD104978,2024-11-05,South,,Clothing,148.23,1,0.0,237.17,237.17,170.27,66.9,Cash,Returning,48.0,Female,4.8,3.0
ORD102605,2024-07-05,West,Store_02,Clothing,11.39,1,0.0,13.67,13.67,6.64,7.03,Mobile Wallet,VIP,39.0,Female,5.0,3.0
ORD101209,2024-12-04,South,Store_08,Electronics,634.35,2,0.0,2029.92,2029.92,1340.12,689.8,Mobile Wallet,New,25.0,Female,3.7,2.0
ORD104021,2023-02-04,Central,Store_15,Groceries,25.3,5,0.0,126.5,126.5,69.63,56.87,Credit Card,Returning,59.0,Male,4.5,6.0
ORD104783,2024-07-05,Central,Store_19,Electronics,498.7,1,0.0,598.44,598.44,295.02,303.42,Bank Transfer,New,57.0,,3.5,
ORD100276,2023-12-07,South,Store_18,Groceries,21.54,1,5.0,34.46,32.74,23.31,9.43,Mobile Wallet,VIP,40.0,Female,4.1,7.0
ORD102024,2023-02-23,South,Store_11,Electronics,1079.6,1,0.0,1079.6,1079.6,522.35,557.25,Credit Card,Returning,47.0,Female,4.0,2.0
ORD102926,2024-03-26,North,Store_07,Beauty,93.19,1,0.0,93.19,93.19,53.14,40.05,Cash,New,42.0,Female,2.7,5.0
ORD105301,2024-12-25,South,Store_10,Electronics,292.86,1,20.0,468.58,374.86,239.32,135.54,Credit Card,New,46.0,Male,4.2,4.0
ORD101136,2024-06-13,North,Store_10,Groceries,14.8,2,0.0,35.52,35.52,17.66,17.86,Bank Transfer,VIP,44.0,Male,3.6,2.0
ORD101698,2023-09-20,East,Store_12,Electronics,463.08,1,0.0,463.08,463.08,291.4,171.68,Bank Transfer,Returning,60.0,Female,4.5,
ORD100676,2024-02-28,North,Store_10,Sports,178.34,1,0.0,178.34,178.34,117.77,60.57,Mobile Wallet,VIP,50.0,Male,4.7,4.0
ORD102585,2024-02-09,North,Store_04,Groceries,21.05,1,5.0,21.05,20.0,11.84,8.16,Bank Transfer,Returning,85.0,Female,2.6,
ORD102892,2023-09-23,North,Store_04,Home & Living,41.56,2,0.0,83.12,83.12,57.26,25.86,Debit Card,Returning,,Female,3.9,7.0
ORD104728,2023-03-23,South,Store_01,Clothing,54.69,1,10.0,54.69,49.22,31.63,17.59,Debit Card,VIP,66.0,Female,4.2,2.0
ORD104322,2023-12-04,South,Store_09,Home & Living,26.08,1,10.0,41.73,37.56,23.38,14.18,Mobile Wallet,Returning,40.0,Male,3.3,2.0
ORD103519,2024-11-03,Central,Store_09,Groceries,11.97,3,0.0,57.46,57.46,34.47,22.99,Credit Card,Returning,32.0,Female,4.7,3.0
ORD101915,2024-01-13,West,Store_16,Sports,244.49,2,0.0,488.98,488.98,258.05,230.93,Credit Card,New,50.0,Male,4.9,5.0
ORD100433,2023-04-06,North,Store_16,Home & Living,195.84,1,20.0,195.84,156.67,117.25,39.42,Credit Card,Returning,25.0,Male,5.0,6.0
ORD103491,2024-04-08,West,Store_09,Clothing,61.41,1,0.0,61.41,61.41,39.09,22.32,Cash,Returning,36.0,Female,4.1,6.0
ORD102158,2024-08-16,Central,Store_17,Electronics,263.38,1,0.0,263.38,263.38,137.16,126.22,Bank Transfer,VIP,51.0,Male,3.1,5.0
ORD105784,2024-02-20,Central,Store_20,Groceries,31.65,1,5.0,31.65,30.07,14.98,15.09,Mobile Wallet,New,72.0,Female,4.7,2.0
ORD104801,2024-03-11,South,Store_15,Beauty,46.56,1,0.0,46.56,46.56,26.95,19.61,Debit Card,New,30.0,Female,3.9,4.0
ORD103169,2024-03-18,Central,Store_15,Clothing,180.96,1,0.0,180.96,180.96,134.78,46.18,Cash,New,36.0,Female,3.8,3.0
ORD100729,2024-04-25,North,Store_20,Sports,145.28,3,25.0,435.84,326.88,194.77,132.11,Cash,Returning,45.0,Male,4.3,
ORD105987,2024-02-05,East,Store_12,Clothing,105.09,2,0.0,210.18,210.18,125.0,85.18,Cash,Returning,34.0,Female,4.0,5.0
ORD103155,2024-09-10,West,Store_04,Clothing,179.95,1,0.0,179.95,179.95,123.45,56.5,Cash,Returning,21.0,Female,4.6,1.0
ORD101193,2024-05-28,North,Store_15,Home & Living,478.63,1,0.0,478.63,478.63,309.86,168.77,Cash,Returning,43.0,Female,5.0,3.0
ORD101268,2024-11-26,South,Store_02,Clothing,165.3,1,0.0,264.48,264.48,171.0,93.48,Credit Card,Returning,44.0,Male,4.3,4.0
ORD105783,2024-12-17,North,Store_11,Electronics,651.46,1,15.0,1042.34,885.99,555.09,330.9,Cash,New,25.0,Female,4.2,4.0
ORD101279,2024-09-23,East,Store_09,Sports,226.95,1,10.0,226.95,204.25,123.79,80.46,Mobile Wallet,Returning,41.0,Male,4.1,5.0
ORD101909,2024-11-17,South,Store_06,Beauty,74.03,1,0.0,118.45,118.45,71.65,46.8,Bank Transfer,New,,Female,5.0,0.0
ORD105651,2024-06-23,South,Store_02,Groceries,48.87,1,5.0,58.64,55.71,37.28,18.43,Debit Card,Returning,60.0,Male,4.4,
ORD101281,2024-06-23,North,Store_17,Electronics,782.46,1,0.0,938.95,938.95,614.68,324.27,Cash,New,33.0,Male,,1.0
ORD101320,2023-03-25,West,Store_01,Groceries,33.25,2,15.0,66.5,56.53,32.14,24.39,Cash,New,48.0,Female,3.7,4.0
ORD105993,2024-04-23,West,Store_07,Beauty,12.16,2,0.0,24.32,24.32,13.95,10.37,Cash,Returning,34.0,Male,4.7,5.0
ORD101895,2024-09-13,Central,Store_11,Beauty,138.7,1,15.0,138.7,117.9,81.38,36.52,Credit Card,Returning,16.0,Female,4.9,6.0
ORD101107,2024-10-24,South,Store_07,Clothing,179.34,1,5.0,179.34,170.37,118.42,51.95,Bank Transfer,New,42.0,Female,4.4,3.0
ORD105629,2023-01-21,West,Store_15,Home & Living,261.45,2,0.0,522.9,522.9,389.74,133.16,Cash,Returning,62.0,Female,4.0,3.0
ORD101580,2023-08-05,Central,Store_02,Beauty,99.58,4,10.0,398.32,358.49,204.58,153.91,Bank Transfer,New,29.0,Female,,3.0
ORD102941,2024-11-14,Central,Store_13,Sports,43.37,2,0.0,138.78,138.78,94.06,44.72,Bank Transfer,Returning,16.0,Male,3.5,1.0
ORD101002,2024-02-12,Central,Store_13,Groceries,39.8,1,0.0,39.8,39.8,23.45,16.35,Bank Transfer,New,67.0,Female,3.1,7.0
ORD101355,2023-12-29,East,Store_06,Clothing,190.66,2,5.0,610.11,579.6,336.59,243.01,Mobile Wallet,New,71.0,Female,3.8,4.0
ORD105398,2024-11-14,South,Store_14,Electronics,888.33,1,0.0,1421.33,1421.33,848.27,573.06,Debit Card,Returning,32.0,Female,2.7,7.0
ORD101726,2024-11-24,East,Store_13,Groceries,29.28,1,5.0,46.85,44.51,33.27,11.24,Bank Transfer,Returning,42.0,Female,4.2,1.0
ORD104504,2023-01-13,West,Store_06,Electronics,1174.77,2,0.0,2349.54,2349.54,1684.21,665.33,Credit Card,New,42.0,Female,4.3,3.0
ORD100825,2023-03-08,North,Store_06,Groceries,50.07,2,0.0,100.14,100.14,47.15,52.99,Mobile Wallet,Returning,31.0,Male,3.5,6.0
ORD105311,2024-11-07,East,Store_02,Electronics,505.96,1,25.0,809.54,607.16,309.0,298.16,Cash,New,35.0,Male,4.3,3.0
ORD102959,2023-12-15,North,Store_06,Electronics,73.08,2,0.0,233.86,233.86,157.94,75.92,Debit Card,New,30.0,Male,3.5,3.0
ORD100757,2023-10-07,West,Store_11,Clothing,16.95,3,10.0,50.85,45.76,27.79,17.97,Credit Card,VIP,59.0,Male,5.0,5.0
ORD103455,2024-09-23,Central,Store_01,Sports,210.89,1,0.0,210.89,2522.881707317774,126.02,1012.5744191886914,Bank Transfer,Returning,48.0,Other,3.2,4.0
ORD101444,2023-04-12,North,Store_02,Electronics,292.16,2,0.0,584.32,584.32,405.76,178.56,Mobile Wallet,VIP,66.0,Female,3.2,1.0
ORD105912,2024-05-17,South,Store_03,Clothing,71.74,1,0.0,71.74,71.74,36.72,35.02,Bank Transfer,Returning,,Female,5.0,3.0
ORD100893,2024-12-16,West,Store_08,Clothing,57.28,1,0.0,91.65,91.65,52.01,39.64,Credit Card,Returning,42.0,Female,5.0,2.0
ORD101179,2023-01-19,North,Store_04,Electronics,315.71,1,0.0,315.71,315.71,204.15,111.56,Debit Card,VIP,53.0,Female,4.8,5.0
ORD105977,2023-04-28,South,Store_01,Electronics,828.27,1,0.0,828.27,828.27,379.13,449.14,Cash,Returning,37.0,Female,3.3,3.0
ORD103734,2023-08-24,North,Store_05,Clothing,18.62,1,0.0,18.62,18.62,9.29,9.33,Debit Card,New,55.0,Female,5.0,4.0
ORD104228,2023-09-11,South,Store_18,Beauty,63.69,1,0.0,63.69,63.69,42.3,21.39,Bank Transfer,Returning,43.0,Female,5.0,3.0
ORD103506,2024-09-03,East,Store_03,Groceries,37.26,5,10.0,186.3,167.67,118.21,49.46,Debit Card,Returning,42.0,Male,2.7,3.0
ORD102001,2023-02-15,North,Store_04,Clothing,102.38,2,,204.76,204.76,146.37,58.39,Credit Card,Returning,45.0,Male,4.1,9.0
ORD101721,2024-06-25,East,Store_06,Clothing,113.99,1,0.0,136.79,136.79,73.65,63.14,Debit Card,New,22.0,Female,4.2,6.0
ORD102432,2023-04-29,South,Store_04,Electronics,377.04,1,0.0,377.04,377.04,197.2,179.84,Credit Card,New,54.0,Male,4.0,4.0
ORD103748,2024-11-02,East,Store_04,Clothing,65.15,2,5.0,208.48,198.06,144.03,54.03,Debit Card,Returning,19.0,Male,5.0,0.0
ORD105975,2024-02-05,South,Store_13,Electronics,608.59,1,,608.59,547.73,396.96,150.77,Bank Transfer,Returning,68.0,Male,,0.0
ORD102113,2024-10-26,South,Store_09,Clothing,96.68,1,25.0,96.68,72.51,50.15,22.36,Credit Card,Returning,43.0,Male,5.0,1.0
ORD105008,2024-06-06,East,Store_19,Groceries,6.24,1,0.0,7.49,7.49,4.72,2.77,Cash,New,44.0,Male,2.9,4.0
ORD100463,2023-11-02,North,Store_04,Electronics,393.8,5,5.0,3150.4,2992.88,1722.94,1269.94,Mobile Wallet,Returning,53.0,Male,3.6,5.0
ORD102389,2024-09-29,West,Store_17,Electronics,565.54,2,15.0,1131.08,961.42,667.8,293.62,Credit Card,New,67.0,Male,3.2,
ORD103419,2023-07-27,East,Store_09,Sports,240.45,1,5.0,288.54,274.11,174.36,99.75,Mobile Wallet,Returning,41.0,Female,,5.0
ORD104931,2024-06-19,West,Store_12,Electronics,186.06,2,0.0,446.54,446.54,235.07,211.47,Mobile Wallet,New,46.0,Female,4.4,6.0
ORD100510,2024-12-27,East,Store_12,Groceries,11.93,2,0.0,38.18,38.18,19.02,19.16,Mobile Wallet,New,36.0,Male,2.6,7.0
ORD104156,2024-05-30,North,Store_15,Home & Living,401.69,2,5.0,803.38,763.21,539.49,223.72,Credit Card,Returning,22.0,Female,4.0,2.0
ORD105401,2024-05-17,East,Store_06,Groceries,54.75,2,,109.5,109.5,75.87,33.63,Debit Card,New,1.0,Female,4.4,4.0
ORD103122,2023-12-11,South,Store_18,Clothing,65.88,1,0.0,105.41,105.41,64.9,40.51,Bank Transfer,New,20.0,Female,3.8,0.0
ORD105392,2024-08-07,Central,Store_14,Home & Living,282.26,3,0.0,846.78,846.78,564.52,282.26,Mobile Wallet,VIP,55.0,Male,4.1,4.0
ORD104350,2024-03-20,South,Store_18,Home & Living,437.3,1,5.0,437.3,415.43,306.89,108.54,Mobile Wallet,Returning,28.0,Male,5.0,
ORD102129,2023-08-22,West,Store_14,Beauty,64.92,1,5.0,64.92,61.67,32.49,29.18,Debit Card,New,35.0,Female,5.0,4.0
ORD101169,2024-10-31,Central,Store_16,Electronics,1158.5,2,0.0,2317.0,2317.0,1230.35,1086.65,Debit Card,Returning,58.0,Male,2.5,4.0
ORD103333,2024-09-11,East,Store_07,Groceries,18.01,1,0.0,18.01,18.01,8.12,9.89,Cash,VIP,38.0,Male,3.3,2.0
ORD104716,2024-10-11,Central,Store_01,Groceries,19.7,1,0.0,19.7,19.7,10.8,8.9,Cash,VIP,16.0,Male,3.6,2.0
ORD103600,2023-11-22,North,Store_05,Beauty,142.91,2,25.0,457.31,342.98,173.84,169.14,Mobile Wallet,VIP,43.0,Female,1.5,6.0
ORD104867,2023-08-24,Central,Store_05,Clothing,43.77,2,10.0,87.54,78.79,43.23,35.56,Cash,New,35.0,Female,2.9,0.0
ORD103942,2024-11-08,South,Store_16,Clothing,157.26,2,0.0,503.23,503.23,341.72,161.51,Mobile Wallet,New,38.0,Female,4.8,
ORD104402,2023-10-19,Central,Store_15,Beauty,84.52,1,10.0,84.52,76.07,36.86,39.21,Cash,New,40.0,Male,4.3,6.0
ORD105254,2023-09-10,South,Store_03,Groceries,44.65,1,10.0,44.65,40.19,28.52,11.67,Cash,New,36.0,Female,4.0,3.0
ORD103159,2024-09-29,East,Store_02,Home & Living,218.18,2,15.0,436.36,370.91,216.68,154.23,Mobile Wallet,VIP,60.0,Female,3.3,4.0
ORD100054,2023-12-30,Central,Store_10,Groceries,20.42,1,0.0,32.67,32.67,18.79,13.88,Bank Transfer,Returning,37.0,Male,3.5,0.0
ORD102265,2023-03-11,North,Store_01,Groceries,11.87,1,5.0,11.87,11.28,6.13,5.15,Debit Card,VIP,62.0,Male,4.5,3.0
ORD104961,2024-01-04,Central,Store_17,Groceries,43.3,2,0.0,86.6,86.6,46.85,39.75,Cash,VIP,45.0,Male,3.4,7.0
ORD103265,2024-04-13,South,,Sports,287.4,1,15.0,287.4,244.29,123.39,120.9,Mobile Wallet,Returning,40.0,Other,4.1,3.0
ORD103161,2024-10-11,East,Store_04,Groceries,13.18,1,10.0,13.18,11.86,6.38,5.48,Debit Card,VIP,33.0,Male,4.0,7.0
ORD100161,2024-04-29,South,Store_19,Clothing,158.79,2,5.0,317.58,301.7,156.38,145.32,Debit Card,VIP,20.0,Male,2.2,1.0
ORD102744,2023-05-26,East,Store_05,Beauty,70.48,1,5.0,70.48,66.96,44.96,22.0,Credit Card,VIP,31.0,Male,4.7,9.0
ORD105593,2024-04-02,West,Store_11,Clothing,110.38,1,0.0,110.38,110.38,61.11,49.27,Debit Card,New,39.0,Female,5.0,3.0
ORD105305,2024-08-17,Central,Store_04,Groceries,10.99,1,10.0,10.99,9.89,4.77,5.12,Debit Card,New,38.0,Female,3.1,4.0
ORD101772,2023-09-22,South,Store_03,Beauty,97.35,1,10.0,97.35,87.62,56.03,31.59,Mobile Wallet,VIP,32.0,Female,3.9,6.0
ORD105372,2023-09-20,Central,Store_14,Electronics,314.64,1,25.0,314.64,235.98,156.99,78.99,Credit Card,New,,Male,4.3,6.0
ORD104913,2024-03-18,South,Store_08,Electronics,680.5,1,15.0,680.5,578.42,275.72,302.7,Credit Card,VIP,43.0,Female,4.7,1.0
ORD105736,2023-08-07,West,Store_06,Home & Living,365.88,1,5.0,365.88,347.59,209.45,138.14,Mobile Wallet,VIP,38.0,Female,3.8,3.0
ORD103653,2024-01-12,East,Store_15,Beauty,28.82,1,5.0,28.82,27.38,13.41,13.97,Cash,Returning,35.0,Female,3.9,4.0
ORD101172,2023-10-13,East,Store_03,Groceries,59.76,1,0.0,59.76,59.76,43.35,16.41,Cash,New,50.0,Female,1.8,3.0
ORD100307,2024-02-09,North,Store_07,Beauty,112.28,2,5.0,224.56,213.33,124.76,88.57,Cash,Returning,34.0,Male,,2.0
ORD103381,2024-07-28,East,Store_18,Beauty,70.05,2,0.0,168.12,168.12,105.54,62.58,Credit Card,Returning,30.0,Male,5.0,5.0
ORD103866,2024-01-17,West,Store_20,Home & Living,207.57,1,15.0,207.57,176.43,102.47,73.96,Credit Card,VIP,46.0,Female,4.9,8.0
ORD103615,2023-11-23,East,Store_05,Beauty,49.72,2,15.0,159.1,135.24,67.87,67.37,Cash,Returning,36.0,Male,3.6,
ORD105777,2023-03-21,West,Store_18,Electronics,66.99,1,0.0,66.99,66.99,42.94,24.05,Credit Card,Returning,25.0,Female,2.0,8.0
ORD102109,2023-07-26,North,Store_13,Groceries,25.65,2,0.0,61.56,61.56,29.3,32.26,Debit Card,Returning,43.0,Other,4.5,0.0
ORD104033,2023-07-24,Central,Store_19,Groceries,31.4,1,0.0,37.68,37.68,28.04,9.64,Bank Transfer,New,70.0,Male,2.5,6.0
ORD100616,2023-07-02,South,Store_16,Groceries,53.93,2,0.0,129.43,129.43,72.69,56.74,Mobile Wallet,VIP,35.0,Female,4.3,4.0
ORD103991,2024-07-04,North,Store_18,Beauty,54.35,2,0.0,130.44,130.44,96.93,33.51,Credit Card,New,20.0,Male,5.0,5.0
ORD100830,2023-06-29,East,Store_07,Electronics,55.18,2,20.0,132.43,105.94,67.43,38.51,Credit Card,Returning,18.0,Other,2.4,6.0
ORD102235,2024-07-31,East,Store_09,Home & Living,178.53,4,0.0,856.94,856.94,483.4,373.54,Bank Transfer,New,50.0,Male,3.3,2.0
ORD100402,2023-08-22,North,Store_10,Groceries,3.0,1,0.0,3.0,3.0,1.97,1.03,Cash,New,34.0,Female,4.5,3.0
ORD103534,2023-03-06,South,Store_16,Home & Living,29.51,1,10.0,29.51,26.56,14.29,12.27,Credit Card,New,31.0,Female,4.4,0.0
ORD101661,2024-03-21,Central,Store_09,Clothing,158.17,4,0.0,632.68,632.68,360.48,272.2,Cash,New,44.0,Female,5.0,1.0
ORD102670,2024-08-01,South,Store_19,Groceries,4.56,1,10.0,4.56,4.1,3.04,1.06,Credit Card,Returning,50.0,Male,,3.0
ORD100739,2024-10-17,South,Store_08,Clothing,36.59,1,15.0,36.59,31.1,20.0,11.1,Debit Card,New,37.0,Male,3.1,2.0
ORD105507,2023-02-28,East,Store_11,Groceries,39.45,1,0.0,39.45,39.45,19.66,19.79,Cash,New,41.0,Female,4.4,5.0
ORD103071,2023-12-18,North,Store_08,Electronics,79.35,2,0.0,253.92,253.92,185.82,68.1,Cash,New,31.0,Male,4.5,3.0
ORD100407,2023-04-16,North,Store_06,Electronics,262.73,1,0.0,262.73,262.73,172.84,89.89,Mobile Wallet,New,30.0,Male,4.5,0.0
ORD105043,2024-02-16,North,Store_11,Groceries,41.89,4,0.0,167.56,167.56,119.92,47.64,Bank Transfer,Returning,58.0,Female,3.4,4.0
ORD105118,2024-09-29,Central,Store_03,Groceries,31.52,1,5.0,31.52,29.94,19.23,10.71,Cash,New,22.0,Male,4.6,2.0
ORD100028,2024-02-03,East,Store_18,Clothing,74.63,2,0.0,149.26,149.26,71.8,77.46,Mobile Wallet,Returning,37.0,Male,3.7,2.0
ORD101739,2023-05-30,South,Store_13,Electronics,794.57,5,10.0,3972.85,3575.56,1855.39,1720.17,Cash,New,38.0,Male,,2.0
ORD103099,2023-07-19,East,Store_09,Beauty,89.66,1,0.0,107.59,107.59,54.33,53.26,Debit Card,Returning,45.0,Female,3.9,2.0
ORD103320,2023-03-04,North,Store_09,Electronics,855.05,2,0.0,1710.1,1710.1,901.44,808.66,Cash,New,39.0,Female,4.1,5.0
ORD104882,2023-12-30,North,Store_06,Clothing,181.39,1,5.0,290.22,275.71,183.65,92.06,Credit Card,New,66.0,Female,3.9,4.0
ORD104561,2023-11-03,North,Store_08,Beauty,36.93,1,5.0,59.09,56.14,36.48,19.66,Debit Card,Returning,33.0,Female,3.3,3.0
ORD104814,2024-06-28,East,Store_06,Groceries,55.99,1,0.0,67.19,67.19,32.14,35.05,Debit Card,New,,Female,3.1,4.0
ORD101078,2023-11-01,East,,Home & Living,474.76,1,20.0,759.62,607.7,454.76,152.94,Bank Transfer,VIP,31.0,Male,5.0,4.0
ORD104757,2023-04-08,South,Store_15,Sports,127.7,1,0.0,127.7,127.7,67.01,60.69,Cash,VIP,50.0,Male,3.5,4.0
ORD100996,2024-01-20,South,Store_19,Beauty,73.71,1,0.0,73.71,73.71,51.88,21.83,Bank Transfer,Returning,37.0,Female,2.5,4.0
ORD104384,2023-10-07,West,Store_18,Home & Living,197.67,1,5.0,197.67,187.79,122.29,65.5,Mobile Wallet,New,33.0,Female,4.7,2.0
ORD101790,2024-03-02,Central,Store_19,Electronics,709.3,1,5.0,709.3,673.84,308.68,365.16,Debit Card,New,19.0,Male,3.3,3.0
ORD102969,2024-04-10,West,Store_08,Clothing,68.13,1,20.0,68.13,54.5,37.37,17.13,Mobile Wallet,New,27.0,Male,3.9,3.0
ORD103963,2023-10-04,East,Store_10,Electronics,549.33,1,0.0,549.33,549.33,250.6,298.73,Debit Card,Returning,59.0,Female,4.0,3.0
ORD103823,2023-05-11,East,Store_19,Home & Living,109.35,1,20.0,109.35,87.48,49.29,38.19,Cash,New,42.0,Female,,2.0
ORD102244,2024-06-02,South,Store_04,Groceries,9.16,2,5.0,21.98,20.88,13.89,6.99,Credit Card,VIP,42.0,Female,4.0,4.0
ORD101428,2023-07-14,South,Store_07,Electronics,189.85,2,0.0,455.64,455.64,232.2,223.44,Bank Transfer,Returning,48.0,Other,3.1,1.0
ORD101802,2023-11-28,East,Store_04,Sports,51.63,1,0.0,82.61,82.61,57.65,24.96,Debit Card,Returning,41.0,Male,3.6,
ORD103021,2023-04-06,South,Store_08,Sports,167.91,1,0.0,167.91,167.91,85.67,82.24,Cash,Returning,16.0,Female,4.6,6.0
ORD102086,2024-06-19,Central,Store_17,Home & Living,403.41,1,5.0,484.09,459.89,251.29,208.6,Bank Transfer,Returning,37.0,Female,4.3,4.0
ORD100345,2023-07-06,North,Store_01,Electronics,1169.02,3,0.0,4208.47,4208.47,2220.62,1987.85,Cash,New,28.0,Male,4.6,0.0
ORD103865,2024-07-20,West,Store_18,Beauty,24.4,2,5.0,58.56,55.63,37.67,17.96,Cash,VIP,50.0,Female,2.9,3.0
ORD104100,2023-03-09,Central,Store_13,Electronics,205.27,1,0.0,205.27,205.27,121.16,84.11,Debit Card,New,50.0,Male,2.6,7.0
ORD103328,2023-10-14,South,Store_08,Electronics,545.8,1,0.0,545.8,545.8,303.95,241.85,Credit Card,New,52.0,Male,4.3,6.0
ORD103556,2024-05-29,West,Store_16,Beauty,41.56,2,0.0,83.12,83.12,53.69,29.43,Cash,Returning,,Male,3.5,5.0
ORD105627,2023-01-30,North,Store_05,Clothing,20.53,1,5.0,20.53,19.5,9.3,10.2,Mobile Wallet,Returning,42.0,Female,2.7,4.0
ORD100738,2024-06-22,West,Store_11,Groceries,45.01,2,5.0,108.02,102.62,69.31,33.31,Mobile Wallet,VIP,,Female,2.7,3.0
ORD105490,2023-12-12,North,Store_10,Clothing,194.29,2,0.0,621.73,621.73,464.88,156.85,Bank Transfer,New,51.0,Female,4.6,5.0
ORD102163,2024-10-28,East,Store_19,Beauty,34.71,1,0.0,34.71,34.71,20.81,13.9,Cash,Returning,34.0,Female,2.1,3.0
ORD100700,2024-01-15,South,Store_14,Clothing,65.05,2,5.0,130.1,123.6,71.65,51.95,Debit Card,New,24.0,Male,3.0,4.0
ORD101450,2023-08-03,central,Store_04,Sports,208.66,3,0.0,625.98,625.98,368.14,257.84,Credit Card,Returning,55.0,Other,2.8,3.0
ORD101845,2024-03-26,West,Store_19,Home & Living,410.48,1,10.0,410.48,369.43,232.76,136.67,Cash,New,31.0,Male,4.4,0.0
ORD105957,2024-06-06,South,Store_10,Clothing,20.18,2,5.0,48.43,46.01,26.58,19.43,Cash,VIP,47.0,Female,3.6,3.0
ORD104409,2023-08-24,South,Store_15,Home & Living,54.73,4,20.0,218.92,175.14,88.67,86.47,Debit Card,VIP,45.0,Male,4.6,2.0
ORD103561,2023-05-04,Central,Store_14,Home & Living,104.16,1,15.0,104.16,88.54,55.0,33.54,Mobile Wallet,Returning,45.0,Female,3.9,6.0
ORD101208,2023-07-27,East,Store_14,Electronics,690.59,3,0.0,2486.12,2486.12,1156.65,1329.47,Debit Card,New,45.0,Male,3.8,2.0
ORD103669,2023-06-08,East,Store_13,Electronics,566.13,2,0.0,1358.71,1358.71,1014.43,344.28,Bank Transfer,Returning,56.0,Female,4.1,2.0
ORD100718,2023-06-22,North,Store_08,Clothing,79.23,1,0.0,95.08,95.08,67.54,27.54,Debit Card,Returning,23.0,Female,,0.0
ORD100868,2023-11-22,South,Store_14,Groceries,37.93,1,0.0,60.69,60.69,35.07,25.62,Cash,New,33.0,Male,3.1,2.0
ORD102537,2023-12-31,South,Store_04,Beauty,23.11,1,0.0,36.98,36.98,26.73,10.25,Debit Card,Returning,47.0,Female,4.0,10.0
ORD105345,2023-10-19,West,Store_19,Electronics,725.38,1,0.0,725.38,725.38,462.2,263.18,Bank Transfer,Returning,72.0,Male,5.0,6.0
ORD103112,2023-02-13,Central,Store_14,Groceries,24.79,1,10.0,24.79,22.31,16.43,5.88,Bank Transfer,VIP,19.0,Male,3.3,4.0
ORD102209,2023-04-11,North,Store_08,Clothing,110.29,1,5.0,110.29,104.78,64.32,40.46,Cash,New,45.0,Male,2.6,6.0
ORD101420,2024-11-24,North,Store_10,Groceries,52.31,1,0.0,83.7,83.7,48.07,35.63,Credit Card,Returning,39.0,Male,4.0,4.0
ORD104103,2023-01-12,East,Store_01,Groceries,41.58,1,0.0,41.58,41.58,28.17,13.41,Credit Card,New,26.0,Female,2.2,0.0
ORD100473,2023-12-08,South,Store_01,Home & Living,379.09,1,15.0,606.54,515.56,385.16,130.4,Cash,Returning,26.0,Female,4.0,3.0
ORD102728,2024-02-29,Central,Store_11,Home & Living,324.47,1,10.0,324.47,292.02,187.05,104.97,Credit Card,New,,Male,4.0,3.0
ORD104830,2023-09-12,West,Store_16,Electronics,815.36,3,20.0,2446.08,1956.86,1330.91,625.95,Cash,VIP,36.0,Female,3.3,2.0
ORD101832,2024-03-05,West,Store_18,Groceries,56.0,1,0.0,56.0,56.0,39.72,16.28,Bank Transfer,Returning,36.0,Male,4.1,1.0
ORD101118,2024-06-11,North,Store_19,Home & Living,231.25,2,0.0,555.0,555.0,285.25,269.75,Debit Card,Returning,47.0,Male,2.0,4.0
ORD105299,2024-09-09,Central,Store_09,Groceries,37.78,2,5.0,75.56,71.78,35.37,36.41,Cash,Returning,43.0,Male,4.7,3.0
ORD100487,2024-01-23,North,Store_09,Home & Living,133.69,1,0.0,133.69,133.69,69.74,63.95,Bank Transfer,Returning,33.0,Male,4.5,
ORD104335,2023-11-07,West,Store_15,Groceries,23.78,1,25.0,38.05,28.54,19.68,8.86,Mobile Wallet,Returning,73.0,Male,4.7,4.0
ORD104558,2024-07-01,North,Store_10,Groceries,52.78,1,0.0,63.34,63.34,38.63,24.71,Debit Card,New,57.0,Male,4.3,8.0
ORD101195,2024-04-07,East,Store_18,Groceries,50.51,1,0.0,50.51,50.51,24.94,25.57,Mobile Wallet,VIP,37.0,Male,,7.0
ORD103910,2023-06-19,East,Store_10,Groceries,26.19,3,0.0,94.28,94.28,50.53,43.75,Debit Card,Returning,31.0,Female,2.8,5.0
ORD103854,2023-12-18,North,Store_09,Clothing,133.31,1,25.0,213.3,159.97,79.43,80.54,Cash,Returning,24.0,Female,4.5,3.0
ORD101113,2023-08-02,West,Store_11,Beauty,33.16,1,0.0,33.16,33.16,15.96,17.2,Debit Card,Returning,37.0,Male,3.8,4.0
ORD102167,2024-09-07,West,Store_06,Clothing,26.09,1,0.0,26.09,26.09,18.8,7.29,Cash,New,28.0,Female,3.0,3.0
ORD102317,2023-11-15,East,Store_10,Groceries,3.87,2,5.0,12.38,11.76,5.55,6.21,Cash,Returning,50.0,Male,3.2,4.0
ORD101854,2023-03-19,South,Store_06,Groceries,33.36,1,5.0,33.36,31.69,17.99,13.7,Mobile Wallet,Returning,42.0,Male,4.1,3.0
ORD102335,2024-01-29,West,Store_13,Home & Living,309.61,1,0.0,309.61,309.61,189.22,120.39,Debit Card,New,46.0,Male,5.0,3.0
ORD101782,2023-01-18,East,Store_03,Beauty,87.25,1,0.0,87.25,87.25,63.7,23.55,Debit Card,Returning,23.0,Male,4.7,3.0
ORD104752,2024-08-11,Central,Store_16,Home & Living,111.9,1,0.0,111.9,111.9,83.64,28.26,Bank Transfer,Returning,,Female,3.2,1.0
ORD104768,2023-03-24,West,Store_04,Groceries,41.52,1,0.0,41.52,41.52,23.95,17.57,Mobile Wallet,Returning,45.0,Female,4.2,5.0
ORD104758,2023-11-26,South,Store_16,Clothing,188.6,1,5.0,301.76,286.67,185.35,101.32,Cash,Returning,40.0,Male,5.0,4.0
ORD105613,2023-08-29,North,Store_05,Clothing,139.92,1,0.0,139.92,139.92,102.4,37.52,Mobile Wallet,VIP,41.0,Male,2.0,
ORD101766,2024-01-04,South,Store_07,Clothing,171.59,1,15.0,171.59,145.85,67.72,78.13,Mobile Wallet,VIP,44.0,Male,3.3,4.0
ORD101188,2024-02-18,East,Store_19,Electronics,51.52,1,0.0,51.52,51.52,31.45,20.07,Bank Transfer,VIP,39.0,Male,5.0,4.0
ORD101759,2024-02-29,Central,Store_08,Groceries,32.69,1,0.0,32.69,32.69,23.09,9.6,Mobile Wallet,Returning,16.0,Other,4.2,7.0
ORD100129,2024-04-08,West,Store_20,Home & Living,26.87,2,25.0,53.74,40.3,21.07,19.23,Mobile Wallet,New,,Female,3.5,4.0
ORD104818,2024-01-25,South,Store_07,Home & Living,339.46,3,0.0,1018.38,1018.38,682.59,335.79,Bank Transfer,Returning,40.0,Female,3.4,3.0
ORD102558,2023-01-23,Central,Store_12,Sports,260.06,1,5.0,260.06,247.06,112.69,134.37,Mobile Wallet,Returning,42.0,Male,3.0,4.0
ORD102366,2023-09-04,North,Store_19,Sports,168.31,1,5.0,168.31,159.89,95.95,63.94,Bank Transfer,New,45.0,Male,2.6,2.0
ORD102705,2023-07-27,East,Store_01,Electronics,1077.18,1,0.0,1292.62,1292.62,926.81,365.81,Cash,New,42.0,Male,3.3,6.0
ORD100187,2023-10-06,Central,Store_03,Electronics,798.42,1,0.0,798.42,798.42,571.43,226.99,Bank Transfer,Returning,16.0,Other,3.6,6.0
ORD104370,2024-02-12,South,Store_10,Groceries,22.19,2,0.0,44.38,44.38,24.02,20.36,Credit Card,VIP,33.0,Male,3.1,5.0
ORD105450,2023-07-05,Central,Store_04,Groceries,2.46,1,0.0,2.95,2.95,1.94,1.01,Mobile Wallet,Returning,34.0,Female,5.0,
ORD103176,2024-03-24,South,Store_20,Groceries,31.58,1,0.0,31.58,31.58,19.28,12.3,Bank Transfer,New,28.0,Male,4.0,1.0
ORD100960,2023-04-23,Central,Store_16,Groceries,32.32,2,5.0,64.64,61.41,43.65,17.76,Debit Card,Returning,27.0,Female,3.0,4.0
ORD104810,2023-05-29,East,Store_08,Electronics,1097.14,2,0.0,2194.28,2194.28,1117.91,1076.37,Bank Transfer,Returning,45.0,Male,2.4,6.0
ORD100419,2024-01-05,South,Store_11,Sports,133.05,1,0.0,133.05,133.05,77.8,55.25,Bank Transfer,VIP,30.0,Male,4.8,4.0
ORD105248,2024-10-19,South,Store_15,Groceries,38.55,1,0.0,38.55,38.55,19.03,19.52,Bank Transfer,New,34.0,Female,4.7,2.0
ORD105914,2024-01-18,Central,Store_09,Sports,49.8,2,5.0,99.6,94.62,66.66,27.96,Mobile Wallet,New,54.0,Male,4.1,0.0
ORD104915,2023-03-15,West,Store_01,Electronics,392.03,2,0.0,784.06,784.06,548.26,235.8,Credit Card,Returning,23.0,Female,3.1,3.0
ORD100905,2024-06-01,West,Store_16,Groceries,42.17,3,10.0,151.81,136.63,75.53,61.1,Bank Transfer,New,17.0,Other,3.6,1.0
ORD101122,2023-07-16,North,Store_04,Clothing,154.38,4,10.0,741.02,666.92,317.35,349.57,Mobile Wallet,Returning,54.0,Male,4.4,4.0
ORD102559,2024-03-06,West,Store_01,Sports,35.17,4,0.0,140.68,140.68,64.71,75.97,Mobile Wallet,New,28.0,Female,5.0,3.0
ORD105823,2023-04-19,West,Store_07,Beauty,127.75,3,20.0,383.25,306.6,153.12,153.48,Bank Transfer,Returning,22.0,Female,3.6,3.0
ORD105601,2024-12-29,East,Store_02,Beauty,45.96,1,0.0,73.54,73.54,35.46,38.08,Debit Card,Returning,37.0,,3.4,4.0
ORD101042,2023-10-31,East,Store_07,Beauty,95.63,1,0.0,95.63,95.63,46.97,48.66,Cash,Returning,35.0,Male,3.4,3.0
ORD101276,2024-04-24,Central,Store_09,Electronics,1104.94,1,5.0,1104.94,1049.69,593.44,456.25,Cash,Returning,33.0,Female,,3.0
ORD105635,2024-03-11,East,Store_15,Home & Living,435.71,1,25.0,435.71,326.78,234.1,92.68,Cash,New,25.0,Female,5.0,2.0
ORD102616,2024-12-25,Central,Store_07,Home & Living,170.07,1,5.0,272.11,258.5,129.85,128.65,Cash,Returning,36.0,Male,4.0,3.0
ORD105724,2023-06-06,North,Store_10,Clothing,11.88,1,0.0,14.26,14.26,9.1,5.16,Bank Transfer,New,29.0,Female,5.0,3.0
ORD103527,2023-03-07,South,Store_05,Groceries,53.91,1,5.0,53.91,51.21,29.64,21.57,Cash,Returning,38.0,Male,4.4,
ORD103209,2023-06-21,West,Store_01,Sports,149.78,2,0.0,359.47,359.47,197.98,161.49,Cash,Returning,56.0,Male,2.0,1.0
ORD104262,2023-08-01,North,Store_01,Electronics,400.59,1,0.0,400.59,400.59,190.84,209.75,Bank Transfer,Returning,49.0,Male,5.0,4.0
ORD102464,2023-12-05,South,Store_14,Groceries,16.11,2,5.0,51.55,48.97,28.37,20.6,Debit Card,New,45.0,Male,3.3,1.0
ORD101409,2023-07-26,West,Store_09,Beauty,52.72,1,0.0,63.26,63.26,41.62,21.64,Debit Card,Returning,33.0,Male,4.7,3.0
ORD101407,2024-09-30,West,Store_04,Home & Living,497.97,1,0.0,497.97,497.97,313.38,184.59,Credit Card,Returning,40.0,Female,4.1,4.0
ORD103841,2023-12-27,East,Store_06,Home & Living,324.52,2,5.0,1038.46,986.54,474.47,512.07,Credit Card,Returning,41.0,Male,5.0,2.0
ORD101076,2024-06-03,Central,Store_17,Sports,108.97,2,0.0,261.53,261.53,169.53,92.0,Mobile Wallet,New,65.0,Female,3.4,3.0
ORD104868,2024-11-03,East,Store_20,Electronics,287.15,2,0.0,918.88,918.88,435.39,483.49,Mobile Wallet,Returning,55.0,Male,3.9,6.0
ORD101521,2024-06-03,West,Store_10,Electronics,569.83,3,5.0,2051.39,1948.82,1235.81,713.01,Mobile Wallet,VIP,38.0,Male,4.4,2.0
ORD105402,2024-05-06,East,Store_11,Electronics,842.24,2,0.0,1684.48,1684.48,1149.59,534.89,Bank Transfer,Returning,65.0,Male,3.8,3.0
ORD104429,2024-11-04,South,Store_01,Sports,269.64,2,0.0,862.85,862.85,632.46,230.39,Bank Transfer,Returning,23.0,Female,3.1,5.0
ORD101338,2024-07-19,Central,Store_07,Beauty,74.82,2,0.0,179.57,179.57,122.97,56.6,Debit Card,Returning,44.0,Male,,2.0
ORD103511,2024-02-27,North,Store_20,Clothing,45.91,1,0.0,45.91,45.91,34.31,11.6,Debit Card,New,46.0,Female,3.0,11.0
ORD102108,2023-07-24,North,Store_19,Groceries,9.55,1,10.0,11.46,10.31,5.53,4.78,Credit Card,Returning,45.0,Male,2.7,
ORD101485,2024-09-21,Central,Store_15,Home & Living,440.47,1,0.0,440.47,440.47,298.29,142.18,Bank Transfer,New,32.0,Male,4.9,1.0
ORD105811,2024-04-18,West,Store_08,Groceries,57.89,2,0.0,115.78,115.78,82.69,33.09,Mobile Wallet,New,47.0,Female,5.0,3.0
ORD100949,2023-07-22,North,Store_03,Home & Living,78.37,1,0.0,94.04,94.04,68.73,25.31,Cash,Returning,45.0,Male,4.3,3.0
ORD104055,2023-10-03,South,Store_12,Electronics,114.37,1,0.0,114.37,114.37,77.6,36.77,Bank Transfer,Returning,43.0,Male,4.2,0.0
ORD104471,2024-10-01,Central,Store_01,Electronics,660.14,2,25.0,1320.28,990.21,563.88,426.33,Debit Card,VIP,46.0,Other,3.7,5.0
ORD105524,2024-03-23,Central,Store_15,Clothing,133.98,1,5.0,133.98,127.28,77.33,49.95,Debit Card,Returning,16.0,Female,3.9,2.0
ORD103469,2024-09-24,East,Store_17,Clothing,99.78,2,0.0,199.56,199.56,94.28,105.28,Cash,Returning,17.0,Male,,2.0
ORD104711,2024-08-03,East,Store_14,Groceries,42.54,2,25.0,85.08,63.81,35.7,28.11,Bank Transfer,VIP,23.0,Other,2.4,5.0
ORD105094,2023-11-21,North,Store_20,Electronics,158.88,1,0.0,254.21,254.21,182.57,71.64,Debit Card,Returning,27.0,Male,4.3,6.0
ORD104963,2023-06-21,North,Store_08,Clothing,37.06,2,0.0,88.94,88.94,49.75,39.19,Cash,VIP,63.0,Female,,6.0
ORD105327,2023-06-29,South,Store_10,Clothing,167.29,2,0.0,401.5,401.5,242.85,158.65,Cash,Returning,36.0,Female,2.6,3.0
ORD103202,2024-07-15,West,Store_11,Groceries,15.03,2,0.0,36.07,36.07,23.87,12.2,Cash,New,27.0,Male,3.4,3.0
ORD102882,2024-02-15,West,Store_06,Electronics,516.0,1,0.0,516.0,516.0,375.35,140.65,Bank Transfer,New,43.0,Female,4.5,5.0
ORD104847,2023-03-12,Central,Store_13,Groceries,54.72,2,0.0,109.44,109.44,64.06,45.38,Mobile Wallet,Returning,30.0,Female,4.2,3.0
ORD104499,2023-09-10,South,Store_20,Electronics,636.23,1,0.0,636.23,636.23,403.62,232.61,Cash,Returning,34.0,Female,3.7,4.0
ORD103915,2023-02-27,North,Store_04,Groceries,19.85,5,5.0,99.25,94.29,50.65,43.64,Mobile Wallet,VIP,44.0,Female,3.8,1.0
ORD101334,2024-01-25,North,Store_20,Home & Living,158.03,1,0.0,158.03,158.03,117.75,40.28,Debit Card,New,34.0,Female,,1.0
ORD100210,2023-07-10,South,Store_02,Clothing,80.18,1,20.0,96.22,76.98,47.33,29.65,Bank Transfer,Returning,48.0,Female,5.0,2.0
ORD102675,2024-03-09,East,Store_14,Electronics,1000.51,1,20.0,1000.51,800.41,568.9,231.51,Credit Card,Returning,40.0,Male,4.6,1.0
ORD104629,2023-09-15,West,Store_07,Clothing,110.81,1,,110.81,99.73,54.88,44.85,Debit Card,Returning,17.0,Male,4.7,2.0
ORD101731,2024-10-21,South,Store_20,Sports,90.09,1,0.0,90.09,90.09,53.95,36.14,Debit Card,Returning,53.0,Female,3.1,4.0
ORD104291,2024-11-09,Central,Store_08,Groceries,14.52,1,0.0,23.23,23.23,13.89,9.34,Mobile Wallet,New,33.0,Female,4.4,6.0
ORD102604,2024-07-07,South,Store_12,Groceries,39.33,3,0.0,141.59,141.59,95.22,46.37,Cash,New,24.0,Male,3.7,5.0
ORD103998,2024-06-17,East,Store_06,Sports,55.31,2,15.0,132.74,112.83,51.75,61.08,Mobile Wallet,New,,Other,3.2,4.0
ORD102289,2023-11-01,South,Store_04,Electronics,1176.52,2,0.0,3764.86,3764.86,2725.91,1038.95,Cash,Returning,54.0,Female,4.0,2.0
ORD104194,2024-02-17,East,Store_04,Groceries,9.28,1,0.0,9.28,9.28,4.37,4.91,Mobile Wallet,Returning,34.0,Female,5.0,2.0
ORD103001,2024-05-05,South,Store_06,Home & Living,231.4,1,0.0,231.4,231.4,135.75,95.65,Debit Card,New,44.0,Female,3.9,5.0
ORD105272,2023-06-26,East,Store_03,Sports,94.68,1,0.0,113.62,113.62,84.52,29.1,Mobile Wallet,New,65.0,Male,1.6,4.0
ORD103276,2023-02-22,East,Store_15,Home & Living,208.62,3,10.0,625.86,563.27,339.28,223.99,Bank Transfer,Returning,36.0,Female,2.8,8.0
ORD101634,2023-10-30,North,Store_10,Clothing,185.16,2,15.0,370.32,314.77,189.97,124.8,Bank Transfer,Returning,53.0,Male,2.9,
ORD105545,2024-10-09,West,Store_17,Electronics,306.25,3,5.0,918.75,872.81,407.29,465.52,Mobile Wallet,Returning,47.0,Female,5.0,4.0
ORD104042,2024-07-08,East,Store_12,Clothing,99.95,1,15.0,119.94,101.95,65.47,36.48,Bank Transfer,VIP,34.0,Male,3.1,8.0
ORD103371,2023-06-23,North,Store_11,Beauty,103.79,1,25.0,124.55,93.41,47.01,46.4,Credit Card,New,,Other,5.0,6.0
ORD104035,2023-01-24,North,Store_03,Clothing,166.54,1,0.0,166.54,166.54,78.09,88.45,Credit Card,New,42.0,Male,5.0,4.0
ORD103634,2024-12-02,West,Store_08,Groceries,39.46,3,15.0,189.41,161.0,95.05,65.95,Bank Transfer,Returning,27.0,Male,3.0,4.0
ORD103499,2023-11-25,West,Store_20,Electronics,246.34,1,20.0,394.14,315.31,208.43,106.88,Cash,Returning,24.0,Male,2.8,3.0
ORD100145,2024-09-14,East,Store_10,Clothing,185.58,1,0.0,185.58,185.58,138.6,46.98,Bank Transfer,Returning,30.0,Male,4.8,3.0
ORD102413,2024-03-15,North,Store_06,Groceries,40.64,1,0.0,40.64,40.64,27.42,13.22,Cash,Returning,46.0,,4.9,3.0
ORD103357,2024-10-01,Central,Store_08,Electronics,358.6,1,0.0,358.6,358.6,167.93,190.67,Mobile Wallet,New,26.0,Female,4.7,4.0
ORD100415,2024-05-09,East,Store_01,Groceries,56.95,1,0.0,56.95,56.95,33.95,23.0,Cash,Returning,41.0,Female,4.5,6.0
ORD101181,2024-11-08,South,Store_20,Clothing,150.49,1,0.0,240.78,240.78,128.74,112.04,Mobile Wallet,New,44.0,Female,3.8,6.0
ORD100052,2023-09-23,North,Store_06,Electronics,172.35,4,0.0,689.4,689.4,396.2,293.2,Bank Transfer,Returning,28.0,Male,2.9,6.0
ORD102421,2024-07-07,West,Store_17,Home & Living,473.83,1,0.0,568.6,568.6,279.6,289.0,Bank Transfer,New,45.0,Male,4.4,4.0
ORD103168,2024-08-23,West,Store_01,Groceries,22.08,1,20.0,22.08,17.66,10.43,7.23,Mobile Wallet,VIP,56.0,Female,3.5,6.0
ORD105289,2023-08-01,West,Store_17,Home & Living,319.9,1,15.0,319.9,271.92,194.21,77.71,Cash,VIP,37.0,Female,2.6,4.0
ORD105173,2023-09-02,North,Store_01,Groceries,36.47,1,20.0,36.47,29.18,14.73,14.45,Credit Card,VIP,22.0,Female,,3.0
ORD102478,2023-02-26,West,Store_15,Home & Living,362.62,3,5.0,1087.86,1033.47,544.25,489.22,Bank Transfer,New,26.0,Female,4.1,2.0
ORD101625,2024-12-25,South,Store_06,Groceries,33.48,1,0.0,53.57,53.57,31.38,22.19,Cash,VIP,39.0,Female,3.1,1.0
ORD105691,2024-03-05,North,Store_13,Sports,295.76,1,0.0,295.76,295.76,155.86,139.9,Debit Card,Returning,36.0,Male,1.5,6.0
ORD103383,2024-10-28,South,Store_11,Electronics,966.46,1,0.0,966.46,966.46,501.49,464.97,Debit Card,New,28.0,Other,3.9,3.0
ORD102836,2024-12-05,South,Store_19,Groceries,13.51,1,5.0,21.62,20.54,12.6,7.94,Debit Card,Returning,38.0,Male,4.9,2.0
ORD104740,2023-07-13,North,Store_15,Groceries,30.72,2,5.0,73.73,70.04,42.38,27.66,Cash,Returning,49.0,Male,4.3,5.0
ORD103055,2023-12-16,West,Store_13,Groceries,39.55,1,0.0,63.28,63.28,46.27,17.01,Mobile Wallet,Returning,43.0,Female,2.1,0.0
ORD105599,2024-07-16,South,Store_14,Home & Living,490.03,2,5.0,1176.07,1117.27,541.53,575.74,Mobile Wallet,New,18.0,Male,3.5,7.0
ORD102021,2024-04-26,East,Store_07,Groceries,54.75,1,0.0,54.75,54.75,40.09,14.66,Debit Card,New,38.0,Male,3.7,3.0
ORD105636,2023-07-05,North,Store_07,Groceries,7.63,2,0.0,18.31,18.31,11.23,7.08,Cash,New,,Male,4.4,4.0
ORD102034,2024-12-20,South,Store_20,Groceries,38.67,1,0.0,61.87,61.87,34.13,27.74,Cash,Returning,16.0,Female,3.4,4.0
ORD103685,2023-04-23,South,Store_11,Clothing,16.45,2,25.0,32.9,24.68,18.13,6.55,Credit Card,VIP,42.0,Male,4.5,2.0
ORD105063,2024-04-11,South,Store_08,Groceries,10.16,1,5.0,10.16,9.65,4.57,5.08,Cash,VIP,36.0,Female,,6.0
ORD101598,2024-09-09,West,Store_02,Groceries,6.03,4,20.0,24.12,19.3,12.46,6.84,Cash,New,43.0,Female,4.5,3.0
ORD101814,2024-10-07,East,Store_20,Groceries,34.7,2,0.0,69.4,69.4,38.52,30.88,Credit Card,VIP,49.0,Female,4.0,3.0
ORD103989,2023-12-13,West,Store_19,Sports,160.52,1,10.0,256.83,231.15,114.26,116.89,Debit Card,Returning,35.0,Female,4.9,0.0
ORD105035,2023-06-15,Central,Store_20,Clothing,68.6,1,5.0,82.32,78.2,40.99,37.21,Cash,Returning,33.0,Female,2.9,5.0
ORD101858,2024-01-18,North,Store_20,Clothing,78.16,1,5.0,78.16,74.25,52.1,22.15,Credit Card,Returning,35.0,Male,3.9,5.0
ORD100358,2023-03-08,East,Store_10,Groceries,40.16,1,15.0,40.16,34.14,21.94,12.2,Debit Card,VIP,21.0,Male,3.9,4.0
ORD100446,2023-08-18,Central,Store_20,Clothing,153.78,5,10.0,768.9,692.01,415.99,276.02,Bank Transfer,New,42.0,Female,2.5,4.0
ORD105734,2024-04-20,East,Store_13,Groceries,52.13,1,25.0,52.13,39.1,17.76,21.34,Debit Card,VIP,43.0,Female,5.0,5.0
ORD101702,2024-05-12,Central,Store_01,Electronics,1050.47,1,0.0,1050.47,1050.47,622.33,428.14,Mobile Wallet,Returning,49.0,Male,4.8,9.0
ORD105961,2024-03-23,West,Store_03,Electronics,898.71,4,0.0,3594.84,3594.84,2119.47,1475.37,Debit Card,New,40.0,Female,4.3,3.0
ORD105082,2023-01-01,South,Store_11,Electronics,867.47,1,0.0,867.47,867.47,581.03,286.44,Bank Transfer,Returning,37.0,Female,2.7,6.0
ORD100289,2023-12-12,Central,Store_06,Groceries,36.01,3,0.0,172.85,172.85,107.82,65.03,Credit Card,Returning,38.0,Female,3.8,2.0
ORD103666,2024-03-05,South,Store_13,Beauty,84.71,4,15.0,338.84,288.01,151.56,136.45,Cash,New,50.0,Female,3.9,2.0
ORD100892,2024-01-17,East,Store_19,Sports,219.2,1,10.0,219.2,197.28,130.39,66.89,Cash,VIP,52.0,Male,5.0,4.0
ORD104618,2024-04-07,East,Store_14,Groceries,12.45,1,0.0,12.45,12.45,8.29,4.16,Debit Card,New,24.0,Female,3.7,4.0
ORD103326,2023-04-28,East,Store_07,Home & Living,443.92,2,0.0,887.84,887.84,464.86,422.98,Bank Transfer,VIP,43.0,Male,4.1,3.0
ORD100921,2024-02-22,Central,Store_01,Groceries,52.17,4,10.0,208.68,187.81,116.62,71.19,Debit Card,Returning,72.0,,5.0,0.0
ORD102467,2024-05-11,East,Store_10,Beauty,21.71,1,0.0,21.71,21.71,12.32,9.39,Mobile Wallet,Returning,35.0,Female,4.0,4.0
ORD105728,2023-10-30,West,Store_11,Electronics,517.7,5,0.0,2588.5,2588.5,1692.29,896.21,Credit Card,New,36.0,Male,4.5,
ORD105897,2024-11-30,Central,Store_01,Groceries,28.55,5,10.0,228.4,205.56,119.18,86.38,Bank Transfer,VIP,,Female,4.0,5.0
ORD102881,2023-06-22,West,Store_18,Clothing,56.93,1,15.0,68.32,58.07,27.22,30.85,Bank Transfer,New,33.0,Male,2.5,5.0
ORD103184,2024-04-04,North,Store_07,Groceries,51.18,1,0.0,51.18,51.18,36.93,14.25,Bank Transfer,New,37.0,Female,4.4,2.0
ORD100607,2024-01-11,South,Store_07,Home & Living,488.21,1,20.0,488.21,390.57,221.64,168.93,Bank Transfer,New,20.0,Female,3.7,5.0
ORD103457,2023-01-23,Central,Store_10,Electronics,481.01,1,0.0,481.01,481.01,227.72,253.29,Cash,Returning,32.0,Male,4.0,5.0
ORD102981,2023-02-14,East,Store_10,Clothing,187.81,4,0.0,751.24,751.24,376.73,374.51,Mobile Wallet,Returning,44.0,Female,4.5,2.0
ORD104952,2024-07-25,West,Store_20,Groceries,39.9,1,0.0,47.88,47.88,35.74,12.14,Bank Transfer,VIP,34.0,Male,2.8,2.0
ORD103834,2023-04-13,South,Store_03,Groceries,53.88,1,0.0,53.88,53.88,27.36,26.52,Bank Transfer,VIP,37.0,Female,4.0,2.0
ORD103641,2024-11-08,South,Store_01,Home & Living,202.0,1,10.0,323.2,290.88,206.43,84.45,Credit Card,New,39.0,Female,3.9,5.0
ORD104907,2024-07-30,North,Store_12,Beauty,138.11,2,10.0,331.46,298.31,179.92,118.39,Debit Card,New,44.0,Female,4.1,4.0
ORD104314,2024-07-02,West,Store_02,Beauty,86.09,1,0.0,103.31,103.31,76.81,26.5,Credit Card,VIP,24.0,Male,4.6,0.0
ORD104755,2024-03-15,South,Store_08,Clothing,147.88,5,10.0,739.4,665.46,304.17,361.29,Debit Card,VIP,47.0,Female,4.1,4.0
ORD103785,2024-02-09,South,Store_13,Groceries,55.29,2,5.0,110.58,105.05,57.99,47.06,Bank Transfer,VIP,65.0,Male,4.0,2.0
ORD102242,2023-11-27,North,Store_11,Electronics,613.19,3,0.0,2943.31,2943.31,2092.55,850.76,Mobile Wallet,Returning,27.0,,4.8,4.0
ORD103444,2024-11-01,Central,Store_18,Home & Living,498.92,1,15.0,798.27,678.53,453.93,224.6,Mobile Wallet,VIP,17.0,Male,4.2,2.0
ORD102979,2023-12-14,East,Store_10,Clothing,154.43,1,0.0,247.09,247.09,158.82,88.27,Mobile Wallet,VIP,32.0,Female,3.1,6.0
ORD104139,2024-01-04,North,Store_17,Electronics,250.24,1,0.0,250.24,250.24,114.17,136.07,Debit Card,New,37.0,Female,,4.0
ORD102453,2023-12-10,Central,Store_02,Groceries,26.4,1,20.0,42.24,33.79,16.97,16.82,Bank Transfer,Returning,16.0,Male,5.0,4.0
ORD101436,2023-11-08,South,Store_15,Beauty,76.18,1,0.0,121.89,121.89,57.21,64.68,Bank Transfer,New,30.0,Male,4.5,1.0
ORD104874,2023-05-20,South,Store_04,Electronics,1017.41,1,0.0,1017.41,1017.41,496.81,520.6,Cash,New,48.0,Female,5.0,5.0
ORD101010,2023-07-16,South,Store_14,Electronics,476.38,1,10.0,571.66,514.49,265.11,249.38,Mobile Wallet,Returning,32.0,Male,3.6,2.0
ORD100956,2023-10-20,West,Store_09,Electronics,388.12,1,0.0,388.12,388.12,269.29,118.83,Credit Card,New,18.0,Female,4.6,4.0
ORD105638,2023-03-21,East,Store_11,Clothing,97.67,2,0.0,195.34,195.34,92.55,102.79,Credit Card,New,34.0,Female,4.0,
ORD102783,2024-09-03,North,Store_01,Groceries,57.37,1,0.0,57.37,57.37,35.29,22.08,Debit Card,VIP,44.0,Other,5.0,6.0
ORD103594,2023-07-01,North,Store_07,Groceries,50.77,1,0.0,60.92,60.92,30.65,30.27,Bank Transfer,VIP,37.0,Male,4.7,6.0
ORD105755,2023-10-20,East,Store_12,Clothing,130.1,2,0.0,260.2,260.2,163.08,97.12,Mobile Wallet,VIP,,Male,2.8,3.0
ORD101665,2023-10-17,South,Store_13,Electronics,467.2,1,20.0,467.2,373.76,208.11,165.65,Debit Card,Returning,16.0,Male,5.0,1.0
ORD104731,2024-05-15,South,Store_19,Clothing,14.44,1,15.0,14.44,12.27,7.22,5.05,Credit Card,Returning,16.0,Other,4.0,0.0
ORD100432,2024-08-25,Central,Store_01,Home & Living,93.98,4,,375.92,357.12,185.44,171.68,Credit Card,VIP,16.0,Female,3.9,1.0
ORD101166,2023-01-17,West,Store_04,Groceries,26.54,3,15.0,79.62,67.68,38.07,29.61,Credit Card,VIP,60.0,Female,4.3,4.0
ORD101421,2024-12-27,South,Store_07,Home & Living,481.84,2,0.0,1541.89,1541.89,944.73,597.16,Mobile Wallet,New,43.0,Female,5.0,2.0
ORD102788,2023-01-04,South,Store_02,Groceries,20.69,1,,20.69,17.59,10.69,6.9,Cash,Returning,55.0,Female,4.5,5.0
ORD100912,2023-10-02,West,Store_02,Groceries,43.27,1,0.0,43.27,43.27,24.28,18.99,Debit Card,Returning,36.0,Male,5.0,0.0
ORD104254,2023-09-07,Central,Store_06,Groceries,19.52,2,5.0,39.04,37.09,17.56,19.53,Debit Card,New,20.0,Male,5.0,5.0
ORD103777,2024-09-12,Central,Store_01,Sports,167.29,2,20.0,334.58,267.66,185.52,82.14,Credit Card,Returning,21.0,Female,4.4,4.0
ORD105471,2023-12-02,Central,Store_08,Home & Living,328.42,1,0.0,525.47,525.47,313.34,212.13,Bank Transfer,VIP,45.0,Female,3.5,5.0
ORD104239,2023-06-25,North,Store_14,Groceries,45.14,1,0.0,54.17,54.17,36.16,18.01,Credit Card,Returning,28.0,Male,3.3,5.0
ORD105265,2024-10-10,West,Store_01,Clothing,28.51,1,15.0,28.51,24.23,17.46,6.77,Bank Transfer,New,16.0,Male,5.0,1.0
ORD105483,2024-09-08,West,Store_18,Beauty,92.93,3,0.0,278.79,278.79,189.54,89.25,Credit Card,Returning,35.0,Female,4.8,4.0
ORD102099,2023-06-30,West,Store_13,Groceries,10.39,1,0.0,12.47,12.47,7.01,5.46,Credit Card,Returning,20.0,Male,3.7,5.0
ORD100840,2023-07-30,North,Store_08,Clothing,182.72,2,0.0,438.53,438.53,255.42,183.11,Bank Transfer,New,39.0,Male,4.5,4.0
ORD101754,2024-04-02,East,Store_16,Beauty,64.63,2,15.0,129.26,109.87,78.15,31.72,Cash,New,39.0,Male,3.9,5.0
ORD103992,2023-04-13,West,Store_02,Groceries,56.77,2,0.0,113.54,113.54,80.13,33.41,Debit Card,Returning,51.0,Female,3.3,1.0
ORD104784,2024-09-08,East,Store_20,Groceries,21.09,2,5.0,42.18,40.07,20.38,19.69,Debit Card,Returning,29.0,Female,2.3,1.0
ORD105101,2024-02-01,East,Store_14,Home & Living,375.09,1,5.0,375.09,356.34,204.79,151.55,Mobile Wallet,New,27.0,Male,2.7,1.0
ORD100615,2024-04-11,Central,Store_19,Beauty,66.05,1,0.0,66.05,66.05,49.33,16.72,Credit Card,New,,Male,4.9,2.0
ORD101384,2023-10-10,South,Store_10,Groceries,35.2,2,0.0,70.4,70.4,32.19,38.21,Bank Transfer,Returning,17.0,Female,5.0,
ORD105300,2023-02-18,South,Store_04,Home & Living,101.86,2,0.0,203.72,203.72,102.21,101.51,Credit Card,VIP,35.0,Male,2.4,5.0
ORD102840,2023-11-16,West,Store_08,Sports,206.15,2,0.0,659.68,659.68,480.26,179.42,Cash,Returning,63.0,Female,3.2,5.0
ORD103261,2023-12-16,Central,Store_05,Beauty,75.42,1,0.0,120.67,120.67,70.45,50.22,Bank Transfer,New,,Female,3.3,3.0
ORD103815,2023-02-22,East,Store_08,Home & Living,413.58,1,0.0,413.58,413.58,307.8,105.78,Mobile Wallet,Returning,29.0,Female,4.9,4.0
ORD105559,2023-04-09,North,Store_14,Home & Living,274.45,1,5.0,274.45,260.73,168.58,92.15,Bank Transfer,Returning,25.0,Female,3.1,3.0
ORD103426,2023-12-17,East,Store_10,Sports,241.41,1,0.0,386.26,386.26,279.93,106.33,Bank Transfer,Returning,53.0,Female,2.4,4.0
ORD100318,2024-11-16,South,Store_16,Groceries,13.71,4,25.0,87.74,65.81,36.94,28.87,Debit Card,New,20.0,Male,3.6,3.0
ORD103015,2023-12-02,Central,Store_14,Clothing,87.78,3,5.0,421.34,400.27,287.81,112.46,Cash,Returning,34.0,Male,4.2,4.0
ORD105426,2024-08-26,South,Store_17,Electronics,501.25,1,0.0,501.25,501.25,237.23,264.02,Cash,New,38.0,Male,4.7,3.0
ORD105199,2024-11-24,Central,Store_13,Beauty,52.45,1,0.0,83.92,83.92,59.85,24.07,Credit Card,Returning,49.0,Male,3.4,7.0
ORD105133,2023-01-31,Central,Store_13,Groceries,8.98,1,5.0,8.98,8.53,4.54,3.99,Bank Transfer,Returning,33.0,Male,3.6,4.0
ORD105200,2023-11-15,South,Store_13,Groceries,42.36,2,10.0,135.55,121.99,74.68,47.31,Credit Card,Returning,44.0,Female,,5.0
ORD103075,2024-06-30,East,Store_17,Electronics,783.33,1,0.0,940.0,940.0,544.18,395.82,Bank Transfer,Returning,31.0,Female,4.0,0.0
ORD103609,2024-05-07,North,Store_18,Beauty,69.5,1,0.0,69.5,69.5,44.89,24.61,Cash,Returning,32.0,Female,3.7,2.0
ORD103874,2024-03-29,South,Store_12,Groceries,48.63,1,0.0,48.63,48.63,30.84,17.79,Debit Card,New,45.0,Female,5.0,4.0
ORD102586,2023-09-27,West,Store_16,Groceries,56.47,1,5.0,56.47,53.65,24.47,29.18,Mobile Wallet,Returning,46.0,,5.0,1.0
ORD100747,2023-08-18,East,Store_15,Clothing,46.99,1,10.0,46.99,42.29,20.98,21.31,Mobile Wallet,Returning,26.0,Male,4.8,3.0
ORD105826,2023-04-22,West,Store_05,Clothing,17.83,1,15.0,17.83,15.16,10.05,5.11,Cash,Returning,24.0,Female,3.2,3.0
ORD103863,2024-03-21,West,Store_03,Groceries,20.72,1,0.0,20.72,20.72,15.52,5.2,Cash,VIP,43.0,Female,3.8,5.0
ORD104739,2024-01-16,North,Store_15,Home & Living,401.9,1,0.0,401.9,401.9,211.43,190.47,Mobile Wallet,Returning,24.0,,5.0,2.0
ORD100231,2024-09-17,Central,Store_11,Groceries,49.56,2,0.0,99.12,99.12,48.0,51.12,Mobile Wallet,Returning,33.0,Male,4.0,4.0
ORD102571,2024-11-11,North,Store_05,Beauty,88.83,1,5.0,142.13,135.02,68.87,66.15,Bank Transfer,Returning,41.0,Male,4.6,3.0
ORD102203,2023-09-03,South,Store_19,Clothing,73.48,2,0.0,146.96,146.96,66.16,80.8,Debit Card,Returning,35.0,Female,4.5,3.0
ORD104535,2024-01-06,Central,Store_11,Electronics,165.74,3,0.0,497.22,497.22,364.67,132.55,Cash,Returning,58.0,Female,4.6,
ORD103061,2023-08-14,North,Store_17,Groceries,28.07,1,25.0,28.07,21.05,14.17,6.88,Mobile Wallet,New,52.0,Male,2.6,3.0
ORD101545,2024-03-06,Central,Store_20,Home & Living,114.28,1,0.0,114.28,114.28,66.47,47.81,Bank Transfer,New,16.0,Male,4.1,5.0
ORD104272,2024-11-12,South,Store_12,Groceries,10.94,2,25.0,35.01,26.26,13.7,12.56,Mobile Wallet,New,28.0,Male,4.3,1.0
ORD102077,2023-11-18,South,Store_01,Clothing,162.37,1,20.0,259.79,207.83,125.44,82.39,Mobile Wallet,Returning,32.0,Male,5.0,0.0
ORD104149,2023-10-12,Central,Store_04,Groceries,18.15,2,0.0,36.3,36.3,26.43,9.87,Debit Card,New,45.0,,3.8,7.0
ORD104090,2024-06-22,North,Store_17,Clothing,118.63,1,0.0,142.36,142.36,78.33,64.03,Mobile Wallet,New,50.0,Male,4.2,7.0
ORD104897,2024-03-01,South,Store_15,Beauty,15.95,1,5.0,15.95,15.15,6.97,8.18,Bank Transfer,VIP,59.0,,,1.0
ORD104958,2024-11-01,South,Store_15,Groceries,58.39,1,0.0,93.42,93.42,54.23,39.19,Mobile Wallet,New,50.0,Female,3.3,3.0
ORD103799,2023-02-10,West,Store_17,Sports,180.77,1,5.0,180.77,171.73,115.17,56.56,Mobile Wallet,Returning,39.0,Male,4.1,1.0
ORD102516,2024-05-20,South,Store_11,Electronics,481.47,1,10.0,481.47,433.32,226.92,206.4,Bank Transfer,Returning,24.0,Female,2.9,2.0
ORD104892,2023-02-12,West,Store_07,Clothing,102.36,1,0.0,102.36,102.36,60.67,41.69,Mobile Wallet,Returning,44.0,Female,3.7,2.0
ORD105213,2024-03-24,West,Store_11,Electronics,1087.81,1,0.0,1087.81,1087.81,549.68,538.13,Bank Transfer,VIP,18.0,Male,3.5,3.0
ORD102416,2024-03-28,West,Store_06,Groceries,46.12,5,0.0,230.6,230.6,117.33,113.27,Debit Card,Returning,28.0,Female,3.8,3.0
ORD102161,2023-06-28,North,Store_14,Sports,99.4,2,0.0,238.56,238.56,151.81,86.75,Cash,New,54.0,Male,3.6,6.0
ORD105767,2023-08-29,North,Store_10,Groceries,18.71,1,0.0,18.71,18.71,13.05,5.66,Cash,New,31.0,Female,3.4,5.0
ORD105701,2023-10-05,South,Store_01,Home & Living,260.46,1,5.0,260.46,247.44,148.03,99.41,Mobile Wallet,Returning,57.0,Male,3.4,4.0
ORD105693,2023-06-19,North,Store_03,Clothing,83.39,1,0.0,100.07,100.07,67.94,32.13,Mobile Wallet,Returning,51.0,Male,4.0,2.0
ORD104151,2024-01-23,East,Store_12,Sports,282.69,1,5.0,282.69,268.56,198.6,69.96,Cash,Returning,37.0,Male,3.0,2.0
ORD101564,2024-02-11,North,Store_08,Groceries,55.57,3,10.0,166.71,150.04,73.24,76.8,Cash,New,22.0,Female,4.0,3.0
ORD105210,2023-03-16,North,Store_17,Beauty,40.71,2,5.0,81.42,77.35,52.61,24.74,Debit Card,New,26.0,Female,4.7,
ORD100974,2023-04-18,South,Store_16,Beauty,16.05,1,0.0,16.05,16.05,8.76,7.29,Bank Transfer,New,39.0,Female,3.5,3.0
ORD104974,2024-08-08,West,Store_13,Groceries,20.36,1,0.0,20.36,20.36,10.78,9.58,Debit Card,Returning,21.0,Female,3.8,6.0
ORD105630,2023-12-14,East,Store_11,Home & Living,367.21,2,15.0,1175.07,998.81,718.62,280.19,Mobile Wallet,Returning,31.0,Male,2.8,2.0
ORD102017,2024-06-14,East,Store_15,Home & Living,170.38,3,15.0,613.37,521.36,305.19,216.17,Bank Transfer,Returning,27.0,Male,2.3,6.0
ORD104002,2023-01-26,West,Store_20,Groceries,17.14,2,5.0,34.28,32.57,22.55,10.02,Debit Card,New,45.0,Female,5.0,4.0
ORD104902,2024-03-29,West,Store_09,Electronics,316.44,1,20.0,316.44,253.15,179.82,73.33,Debit Card,New,22.0,Male,2.9,4.0
ORD102700,2024-10-05,Central,Store_10,Sports,213.25,2,0.0,426.5,426.5,216.45,210.05,Debit Card,New,53.0,Male,4.8,1.0
ORD105771,2023-06-11,Central,Store_13,Clothing,122.23,2,0.0,293.35,293.35,218.86,74.49,Bank Transfer,New,57.0,Male,5.0,3.0
ORD103611,2024-05-13,South,Store_04,Sports,107.65,1,0.0,107.65,107.65,49.28,58.37,Credit Card,Returning,37.0,Male,5.0,8.0
ORD105995,2023-06-03,Central,Store_07,Clothing,101.61,4,0.0,487.73,487.73,281.28,206.45,Mobile Wallet,VIP,,Female,4.6,1.0
ORD103058,2023-10-12,West,Store_07,Electronics,397.9,1,15.0,397.9,338.22,166.16,172.06,Cash,VIP,16.0,Other,2.9,1.0
ORD102431,2024-01-17,North,Store_15,Clothing,47.24,1,25.0,47.24,35.43,24.08,11.35,Bank Transfer,New,53.0,Female,2.3,8.0
ORD104894,2023-12-18,North,Store_01,Home & Living,468.99,1,0.0,750.38,750.38,554.85,195.53,Credit Card,New,51.0,Female,5.0,1.0
ORD103355,2023-11-19,North,Store_18,Groceries,43.19,1,15.0,69.1,58.74,43.33,15.41,Cash,Returning,37.0,Male,4.3,5.0
ORD105532,2024-01-05,South,Store_01,Clothing,77.42,1,15.0,77.42,65.81,36.79,29.02,Bank Transfer,New,31.0,Male,,2.0
ORD104452,2023-12-15,South,Store_11,Groceries,4.04,3,5.0,19.39,18.42,9.03,9.39,Bank Transfer,Returning,30.0,Female,2.6,4.0
ORD104538,2024-08-31,West,Store_11,Groceries,46.46,1,5.0,46.46,44.14,30.68,13.46,Bank Transfer,VIP,,Male,5.0,1.0
ORD100325,2023-06-18,East,Store_11,Home & Living,327.32,2,15.0,785.57,667.73,413.35,254.38,Cash,Returning,62.0,Male,4.0,7.0
ORD103545,2024-04-05,South,Store_14,Clothing,25.52,1,10.0,25.52,22.97,12.14,10.83,Bank Transfer,VIP,25.0,Female,2.5,0.0
ORD103576,2024-04-16,North,Store_11,Electronics,626.92,1,15.0,626.92,532.88,389.63,143.25,Cash,VIP,23.0,Male,4.5,1.0
ORD102092,2024-08-10,Central,Store_05,Sports,58.15,2,0.0,116.3,116.3,71.31,44.99,Mobile Wallet,Returning,51.0,Male,4.8,4.0
ORD102713,2024-01-15,North,Store_06,Beauty,136.78,1,0.0,136.78,136.78,83.49,53.29,Debit Card,New,26.0,Male,2.9,
ORD105549,2024-07-04,Central,Store_18,Groceries,20.04,1,0.0,24.05,24.05,16.26,7.79,Credit Card,VIP,29.0,Male,5.0,3.0
ORD104834,2024-12-14,North,Store_20,Groceries,22.29,1,0.0,35.66,35.66,26.5,9.16,Credit Card,New,31.0,Female,3.3,3.0
ORD101388,2024-10-12,Central,Store_09,Clothing,129.33,1,0.0,129.33,129.33,69.94,59.39,Mobile Wallet,New,45.0,Male,3.4,2.0
ORD104306,2024-06-23,North,Store_02,Home & Living,285.81,2,0.0,685.94,685.94,423.5,262.44,Debit Card,Returning,40.0,Male,2.3,4.0
ORD101740,2023-11-11,East,Store_11,Groceries,22.01,1,0.0,35.22,35.22,20.51,14.71,Cash,New,38.0,Male,,3.0
ORD101352,2023-12-28,South,Store_09,Home & Living,90.11,2,20.0,288.35,230.68,163.16,67.52,Bank Transfer,Returning,65.0,Male,4.2,4.0
ORD103008,2024-04-04,South,Store_11,Clothing,127.14,1,15.0,127.14,108.07,51.77,56.3,Mobile Wallet,New,41.0,Male,4.0,6.0
ORD101788,2023-12-12,North,Store_18,Electronics,696.49,1,0.0,1114.38,1114.38,591.16,523.22,Credit Card,Returning,45.0,Male,4.1,4.0
ORD102553,2023-05-22,North,Store_15,Groceries,41.99,2,5.0,83.98,79.78,37.39,42.39,Credit Card,Returning,24.0,Male,4.8,6.0
ORD101730,2024-07-22,Central,Store_05,Beauty,139.1,1,10.0,166.92,150.23,105.27,44.96,Mobile Wallet,Returning,38.0,Male,3.0,4.0
ORD105011,2023-02-08,East,Store_07,Beauty,69.2,2,5.0,138.4,131.48,81.83,49.65,Debit Card,Returning,29.0,Female,3.5,2.0
ORD104580,2023-05-22,South,Store_01,Electronics,917.32,3,10.0,2751.96,2476.76,1201.1,1275.66,Bank Transfer,VIP,58.0,Female,4.0,5.0
ORD102796,2024-09-28,north,Store_07,Clothing,39.47,1,0.0,39.47,39.47,22.77,16.7,Mobile Wallet,Returning,31.0,Female,4.5,2.0
ORD100101,2023-05-26,North,Store_20,Home & Living,103.14,1,0.0,103.14,103.14,51.14,52.0,Cash,New,35.0,Other,3.1,6.0
ORD105884,2023-04-06,North,Store_03,Sports,187.93,1,0.0,187.93,187.93,133.53,54.4,Mobile Wallet,VIP,26.0,Male,3.1,6.0
ORD101714,2024-04-15,East,Store_06,Groceries,37.81,3,0.0,113.43,113.43,53.39,60.04,Cash,VIP,30.0,Male,4.1,3.0
ORD102686,2023-06-28,East,Store_09,Electronics,1106.85,1,0.0,1328.22,1328.22,729.48,598.74,Credit Card,VIP,53.0,Female,2.6,4.0
ORD103962,2024-04-24,South,Store_20,Groceries,48.95,1,5.0,48.95,46.5,30.44,16.06,Cash,Returning,30.0,Male,4.7,8.0
ORD104717,2024-12-23,South,Store_12,Groceries,3.75,1,25.0,6.0,4.5,2.31,2.19,Credit Card,Returning,52.0,Female,3.9,6.0
ORD105016,2023-02-10,West,Store_20,Groceries,10.6,2,0.0,21.2,21.2,10.08,11.12,Bank Transfer,Returning,17.0,Male,3.6,5.0
ORD105742,2024-10-12,Central,Store_19,Beauty,116.43,1,0.0,116.43,116.43,66.77,49.66,Mobile Wallet,Returning,43.0,Male,3.8,0.0
ORD100073,2023-04-05,South,Store_11,Beauty,108.37,1,25.0,108.37,81.28,37.53,43.75,Credit Card,Returning,16.0,Female,3.1,5.0
ORD103386,2024-07-19,West,Store_05,Groceries,45.58,1,15.0,54.7,46.49,34.73,11.76,Cash,VIP,29.0,Female,4.3,1.0
ORD103258,2024-02-16,West,Store_12,Groceries,54.31,1,0.0,54.31,54.31,28.41,25.9,Debit Card,Returning,21.0,Male,2.7,5.0
ORD101242,2024-12-04,South,Store_09,Electronics,927.68,2,0.0,2968.58,2968.58,1388.91,1579.67,Mobile Wallet,Returning,30.0,,5.0,2.0
ORD103341,2023-08-12,South,Store_15,Electronics,858.97,1,0.0,858.97,858.97,580.37,278.6,Debit Card,VIP,37.0,Female,3.8,5.0
ORD103272,2024-04-21,North,Store_10,Groceries,42.73,1,0.0,42.73,42.73,25.75,16.98,Debit Card,New,18.0,Male,3.2,5.0
ORD101137,2023-09-25,West,Store_16,Clothing,134.2,1,0.0,134.2,134.2,98.39,35.81,Mobile Wallet,Returning,34.0,Female,5.0,1.0
ORD105031,2024-09-02,East,Store_13,Electronics,861.42,1,5.0,861.42,818.35,591.05,227.3,Mobile Wallet,New,16.0,Female,,2.0
ORD102305,2023-03-12,South,Store_07,Home & Living,393.2,2,0.0,786.4,786.4,373.21,413.19,Bank Transfer,New,49.0,Male,4.1,3.0
ORD104970,2024-09-16,North,Store_12,Sports,228.95,1,20.0,228.95,183.16,107.35,75.81,Mobile Wallet,New,36.0,Female,4.3,3.0
ORD104250,2023-11-02,East,Store_04,Groceries,22.04,1,10.0,35.26,31.73,18.2,13.53,Cash,Returning,50.0,Male,2.4,3.0
ORD104753,2024-09-28,Central,Store_18,Home & Living,355.43,1,0.0,355.43,355.43,201.96,153.47,Cash,New,48.0,Male,2.9,
ORD104612,2024-07-28,South,Store_08,Sports,52.81,1,0.0,63.37,63.37,34.55,28.82,Mobile Wallet,New,44.0,Female,4.3,2.0
ORD101490,2023-07-20,Central,Store_02,Home & Living,373.95,1,0.0,448.74,448.74,328.75,119.99,Bank Transfer,New,22.0,Female,3.9,6.0
ORD104782,2023-09-08,West,Store_20,Groceries,3.28,1,0.0,3.28,3.28,2.09,1.19,Bank Transfer,New,53.0,Female,2.4,6.0
ORD104333,2024-10-14,West,Store_06,Electronics,724.16,1,0.0,724.16,724.16,540.42,183.74,Cash,New,,Female,,4.0
ORD105502,2023-01-26,West,Store_10,Clothing,48.34,1,20.0,48.34,38.67,28.55,10.12,Mobile Wallet,VIP,24.0,Female,4.1,5.0
ORD101555,2023-04-29,North,Store_10,Groceries,50.2,4,0.0,200.8,200.8,120.06,80.74,Bank Transfer,Returning,34.0,Male,3.0,4.0
ORD100985,2024-04-21,West,Store_15,Electronics,96.31,1,,96.31,86.68,49.48,37.2,Mobile Wallet,New,44.0,Male,2.7,5.0
ORD101646,2023-09-08,South,Store_09,Beauty,52.65,1,0.0,52.65,52.65,31.68,20.97,Credit Card,New,39.0,Female,5.0,2.0
ORD101729,2023-03-18,North,Store_13,Electronics,588.88,1,5.0,588.88,559.44,337.27,222.17,Credit Card,New,46.0,Male,4.1,2.0
ORD100080,2024-11-17,North,Store_12,Electronics,622.66,1,0.0,996.26,996.26,491.16,505.1,Credit Card,New,21.0,Male,4.3,3.0
ORD105482,2023-08-09,South,Store_08,Clothing,156.81,2,0.0,313.62,313.62,181.48,132.14,Mobile Wallet,Returning,39.0,Female,3.3,2.0
ORD100961,2023-10-26,West,Store_11,Sports,13.38,1,0.0,13.38,13.38,7.18,6.2,Cash,New,52.0,Female,,1.0
ORD105865,2024-02-16,North,Store_14,Home & Living,146.85,1,5.0,146.85,139.51,74.77,64.74,Debit Card,Returning,38.0,Female,4.4,2.0
ORD103377,2024-03-01,West,Store_11,Home & Living,204.97,2,0.0,409.94,409.94,209.33,200.61,Bank Transfer,Returning,48.0,Female,4.1,2.0
ORD100737,2023-09-01,West,Store_12,Beauty,63.74,1,15.0,63.74,54.18,38.22,15.96,Mobile Wallet,Returning,48.0,Other,3.9,0.0
ORD104332,2024-09-20,South,Store_01,Electronics,659.58,1,,659.58,659.58,431.66,227.92,Bank Transfer,Returning,35.0,Male,3.9,
ORD104253,2023-09-05,West,Store_06,Clothing,47.98,2,0.0,95.96,95.96,50.88,45.08,Bank Transfer,New,37.0,Male,3.9,4.0
ORD104686,2024-11-23,West,Store_20,Clothing,186.63,1,0.0,298.61,298.61,212.41,86.2,Credit Card,VIP,43.0,Female,3.5,7.0
ORD102408,2023-12-05,North,Store_09,Clothing,59.02,2,0.0,188.86,188.86,115.84,73.02,Bank Transfer,Returning,24.0,Male,3.9,1.0
ORD102830,2024-11-04,West,Store_02,Home & Living,367.67,1,0.0,588.27,588.27,367.83,220.44,Debit Card,VIP,28.0,Female,2.8,5.0
ORD103845,2023-12-15,East,Store_13,Groceries,49.33,1,0.0,78.93,78.93,43.65,35.28,Cash,Returning,26.0,Male,3.7,0.0
ORD102410,2024-01-23,North,Store_13,Electronics,821.4,1,0.0,821.4,821.4,501.36,320.04,Cash,Returning,46.0,Male,4.3,
ORD105710,2023-07-19,South,Store_03,Groceries,51.05,1,0.0,61.26,61.26,28.74,32.52,Bank Transfer,VIP,72.0,Female,2.5,8.0
ORD102101,2024-05-02,South,Store_09,Electronics,870.31,2,0.0,1740.62,1740.62,1105.37,635.25,Debit Card,Returning,57.0,Female,3.0,2.0
ORD102798,2024-05-31,Central,Store_12,Home & Living,232.06,1,10.0,232.06,208.85,105.85,103.0,Mobile Wallet,VIP,32.0,Female,4.6,4.0
ORD102562,2024-05-01,South,Store_15,Electronics,630.04,1,5.0,630.04,598.54,373.66,224.88,Mobile Wallet,Returning,27.0,Female,,1.0
ORD102411,2023-02-06,West,Store_01,Electronics,1114.5,1,0.0,1114.5,1114.5,578.91,535.59,Mobile Wallet,New,36.0,Male,4.0,2.0
ORD105969,2023-02-18,Central,Store_11,Electronics,226.21,2,0.0,452.42,452.42,254.89,197.53,Credit Card,Returning,54.0,Female,4.7,1.0
ORD105205,2023-11-30,East,Store_07,Groceries,18.13,1,0.0,29.01,29.01,14.57,14.44,Debit Card,New,60.0,Female,3.6,2.0
ORD102667,2024-12-05,North,Store_11,Sports,227.42,1,5.0,363.87,345.68,244.81,100.87,Credit Card,Returning,41.0,Male,3.9,4.0
ORD105558,2024-01-21,South,Store_06,Home & Living,483.33,1,5.0,483.33,459.16,318.79,140.37,Mobile Wallet,Returning,61.0,Female,5.0,2.0
ORD101441,2024-01-10,South,Store_02,Electronics,173.07,1,20.0,173.07,138.46,72.64,65.82,Bank Transfer,Returning,52.0,Female,4.5,5.0
ORD102948,2024-01-23,Central,Store_02,Groceries,30.06,2,0.0,60.12,60.12,41.26,18.86,Cash,New,20.0,Female,4.1,4.0
ORD102784,2024-10-27,West,Store_06,Clothing,111.33,1,0.0,111.33,111.33,82.98,28.35,Bank Transfer,VIP,44.0,Female,,3.0
ORD102457,2024-11-13,North,Store_19,Groceries,40.56,1,0.0,64.9,64.9,39.29,25.61,Credit Card,New,35.0,Female,4.5,4.0
ORD102962,2024-12-11,East,Store_15,Sports,234.81,1,5.0,375.7,356.91,183.37,173.54,Debit Card,Returning,68.0,Female,5.0,5.0
ORD104153,2024-12-13,Central,Store_15,Groceries,32.55,2,5.0,104.16,98.95,50.33,48.62,Cash,New,59.0,Female,2.7,3.0
ORD104175,2023-09-12,East,Store_10,Electronics,760.29,2,0.0,1520.58,1520.58,742.22,778.36,Cash,VIP,16.0,Male,4.6,4.0
ORD105026,2023-07-05,East,Store_16,Sports,54.54,1,5.0,65.45,62.18,37.96,24.22,Debit Card,Returning,24.0,Female,4.7,0.0
ORD103375,2024-01-04,North,Store_19,Sports,95.71,1,10.0,95.71,86.14,61.77,24.37,Bank Transfer,New,27.0,Female,5.0,3.0
ORD104675,2023-09-27,West,Store_20,Groceries,6.76,1,15.0,6.76,5.75,4.07,1.68,Debit Card,VIP,20.0,Female,3.3,
ORD101077,2023-05-02,West,Store_14,Home & Living,185.98,1,5.0,185.98,176.68,91.56,85.12,Mobile Wallet,VIP,41.0,Male,4.2,4.0
ORD100797,2023-12-01,East,Store_12,Sports,137.4,1,5.0,219.84,208.85,94.58,114.27,Cash,New,44.0,Male,3.6,1.0
ORD101690,2024-07-17,South,Store_14,Clothing,50.91,2,,122.18,122.18,55.29,66.89,Credit Card,New,44.0,Male,4.0,1.0
ORD100651,2024-04-21,South,Store_03,Groceries,10.53,2,0.0,21.06,21.06,15.77,5.29,Mobile Wallet,New,50.0,Female,2.7,7.0
ORD102588,2024-12-09,East,Store_20,Groceries,21.75,1,0.0,34.8,34.8,17.14,17.66,Credit Card,New,63.0,Female,4.1,0.0
ORD104985,2023-02-07,North,Store_18,Groceries,2.79,2,5.0,5.58,5.3,3.42,1.88,Cash,New,59.0,Female,4.3,6.0
ORD103573,2023-08-30,South,Store_01,Groceries,51.28,2,20.0,102.56,82.05,37.42,44.63,Debit Card,VIP,,Male,2.2,1.0
ORD105331,2024-08-11,West,Store_07,Groceries,59.95,5,0.0,299.75,299.75,154.45,145.3,Debit Card,Returning,24.0,Male,5.0,1.0
ORD100213,2023-11-25,South,Store_12,Beauty,52.27,1,25.0,83.63,62.72,40.96,21.76,Debit Card,Returning,17.0,Female,4.0,6.0
ORD104988,2024-11-11,South,Store_02,Beauty,120.92,2,5.0,386.94,367.59,173.16,194.43,Cash,Returning,30.0,Female,3.1,6.0
ORD100603,2023-04-09,South,Store_05,Home & Living,425.31,1,0.0,425.31,425.31,276.33,148.98,Cash,Returning,42.0,Female,3.3,0.0
ORD105686,2024-07-07,East,Store_15,Groceries,35.8,1,0.0,42.96,42.96,23.29,19.67,Cash,New,29.0,Female,3.8,1.0
ORD103018,2024-03-12,East,Store_10,Electronics,572.84,1,0.0,572.84,572.84,347.0,225.84,Debit Card,New,16.0,Female,3.3,8.0
ORD103513,2023-04-13,South,Store_01,Clothing,98.0,1,0.0,98.0,98.0,55.99,42.01,Cash,VIP,44.0,Female,3.2,6.0
ORD100368,2023-01-17,Central,Store_08,Home & Living,406.4,1,,406.4,386.08,229.58,156.5,Credit Card,New,52.0,Male,3.1,3.0
ORD100470,2024-06-22,West,Store_12,Home & Living,139.43,1,10.0,167.32,150.59,90.62,59.97,Cash,New,54.0,Male,3.9,3.0
ORD104705,2023-06-21,North,Store_02,Home & Living,174.05,1,20.0,208.86,167.09,116.95,50.14,Debit Card,VIP,150.0,Male,4.8,3.0
ORD101115,2023-12-24,West,Store_08,Sports,114.26,1,0.0,182.82,182.82,125.17,57.65,Bank Transfer,Returning,16.0,Female,2.8,3.0
ORD105263,2023-12-29,Central,Store_17,Groceries,39.88,1,10.0,63.81,57.43,37.19,20.24,Cash,Returning,35.0,Male,4.5,6.0
ORD100221,2023-11-29,East,Store_06,Beauty,94.2,2,0.0,301.44,301.44,185.31,116.13,Mobile Wallet,Returning,39.0,Female,4.3,5.0
ORD100562,2023-12-26,West,Store_06,Clothing,13.35,1,0.0,21.36,21.36,12.2,9.16,Debit Card,VIP,46.0,Female,5.0,3.0
ORD105621,2023-02-02,West,Store_12,Electronics,616.39,1,0.0,616.39,616.39,367.55,248.84,Debit Card,New,35.0,Other,2.9,2.0
ORD103738,2024-05-02,Central,Store_02,Electronics,198.15,1,0.0,198.15,198.15,125.38,72.77,Bank Transfer,New,,Male,3.1,3.0
ORD103644,2024-12-01,South,Store_12,Groceries,30.51,1,5.0,48.82,46.38,24.54,21.84,Credit Card,New,35.0,Female,3.2,3.0
ORD104268,2023-02-02,South,Store_08,Clothing,167.95,1,0.0,167.95,167.95,115.07,52.88,Mobile Wallet,New,29.0,Female,5.0,4.0
ORD104010,2023-09-15,East,Store_05,Groceries,28.86,1,,28.86,28.86,15.55,13.31,Mobile Wallet,Returning,23.0,Female,4.5,5.0
ORD101216,2024-01-06,East,Store_01,Groceries,2.33,1,25.0,2.33,1.75,1.08,0.67,Mobile Wallet,VIP,56.0,Male,4.3,6.0
ORD104644,2023-01-20,South,Store_19,Sports,252.09,1,0.0,252.09,252.09,138.25,113.84,Mobile Wallet,Returning,22.0,Male,4.3,2.0
ORD102567,2024-04-07,West,Store_20,Home & Living,102.41,1,,102.41,97.29,70.84,26.45,Debit Card,Returning,39.0,Male,3.9,0.0
ORD105284,2024-12-25,Central,Store_09,Groceries,42.42,1,5.0,67.87,64.48,37.14,27.34,Bank Transfer,Returning,39.0,Female,2.3,
ORD102519,2024-12-28,South,Store_11,Sports,167.65,2,5.0,536.48,509.66,273.44,236.22,Bank Transfer,New,38.0,Female,3.9,4.0
ORD105941,2023-12-09,West,Store_12,Beauty,123.48,2,0.0,395.14,395.14,247.57,147.57,Cash,Returning,44.0,Female,4.4,0.0
ORD103549,2024-04-11,Central,Store_20,Home & Living,57.71,1,0.0,57.71,57.71,42.96,14.75,Bank Transfer,VIP,30.0,Male,3.1,3.0
ORD101847,2024-01-31,Central,Store_08,Sports,196.9,1,0.0,196.9,196.9,125.91,70.99,Credit Card,Returning,46.0,Female,3.7,4.0
ORD104665,2024-08-26,West,Store_03,Home & Living,151.58,2,15.0,303.16,257.69,165.99,91.7,Cash,Returning,16.0,Female,4.2,2.0
ORD102215,2023-10-12,East,Store_14,Electronics,1140.44,4,20.0,4561.76,3649.41,1715.62,1933.79,Debit Card,New,45.0,Female,5.0,5.0
ORD104009,2023-03-26,Central,Store_08,Electronics,655.85,2,0.0,1311.7,1311.7,612.38,699.32,Credit Card,Returning,67.0,Female,4.4,4.0
ORD101651,2023-01-14,West,Store_01,Clothing,170.55,2,10.0,341.1,306.99,215.89,91.1,Credit Card,Returning,39.0,Female,2.7,2.0
ORD105654,2023-06-28,West,Store_20,Groceries,33.95,1,0.0,40.74,40.74,19.42,21.32,Bank Transfer,Returning,52.0,Female,5.0,5.0
ORD100100,2024-08-30,North,Store_02,Electronics,566.13,1,5.0,566.13,537.82,299.57,238.25,Mobile Wallet,New,52.0,Other,4.9,2.0
ORD100971,2023-11-02,East,Store_16,Clothing,151.57,1,0.0,242.51,242.51,163.06,79.45,Debit Card,Returning,28.0,Female,4.3,0.0
ORD100860,2024-12-07,East,Store_12,Beauty,25.04,1,5.0,40.06,38.06,19.55,18.51,Credit Card,Returning,16.0,Male,3.3,5.0
ORD104491,2023-05-24,Central,Store_11,Clothing,138.53,1,0.0,138.53,138.53,89.55,48.98,Cash,Returning,34.0,Male,2.4,6.0
ORD105055,2024-10-20,West,Store_18,Beauty,118.52,1,10.0,118.52,106.67,75.62,31.05,Mobile Wallet,VIP,28.0,Male,3.4,5.0
ORD101121,2023-03-03,East,Store_18,Electronics,1182.37,1,0.0,1182.37,1182.37,849.04,333.33,Debit Card,Returning,34.0,Male,2.7,1.0
ORD103139,2023-12-27,West,Store_16,Sports,177.56,1,5.0,284.1,269.89,137.36,132.53,Credit Card,New,26.0,Male,2.9,4.0
ORD105675,2023-07-17,South,Store_13,Clothing,57.97,1,20.0,69.56,55.65,37.61,18.04,Credit Card,Returning,35.0,Female,2.9,5.0
ORD103479,2024-07-22,West,Store_19,Groceries,34.69,1,25.0,41.63,31.22,21.79,9.43,Credit Card,VIP,45.0,Female,3.8,6.0
ORD100067,2023-09-28,South,Store_03,Home & Living,290.36,1,0.0,290.36,290.36,136.03,154.33,Mobile Wallet,VIP,46.0,Female,4.3,4.0
ORD102343,2024-06-22,North,Store_18,Beauty,60.41,1,5.0,72.49,68.87,32.04,36.83,Credit Card,New,39.0,Male,2.0,6.0
ORD103294,2023-05-21,South,Store_10,Clothing,149.8,3,,449.4,449.4,322.08,127.32,Mobile Wallet,VIP,24.0,Female,3.7,5.0
ORD102026,2024-03-24,North,Store_06,Groceries,40.14,1,0.0,40.14,40.14,26.85,13.29,Cash,New,34.0,Male,4.4,9.0
ORD103953,2023-12-05,Central,Store_20,Groceries,57.74,1,0.0,92.38,92.38,51.58,40.8,Debit Card,Returning,,Female,4.4,5.0
ORD100372,2023-10-27,North,Store_14,Clothing,149.76,4,10.0,599.04,539.14,343.14,196.0,Mobile Wallet,Returning,55.0,Female,5.0,5.0
ORD101747,2023-10-03,West,Store_17,Electronics,443.49,1,10.0,443.49,399.14,193.65,205.49,Debit Card,VIP,46.0,Male,4.3,6.0
ORD101538,2024-05-30,South,Store_19,Sports,145.37,1,0.0,145.37,145.37,86.78,58.59,Credit Card,Returning,24.0,Female,4.3,2.0
ORD102287,2024-08-22,East,Store_19,Groceries,54.84,1,0.0,54.84,54.84,28.37,26.47,Credit Card,Returning,18.0,Male,2.4,4.0
ORD102655,2024-02-17,West,Store_14,Electronics,453.1,1,0.0,453.1,453.1,306.4,146.7,Debit Card,New,29.0,Other,3.2,3.0
ORD100493,2024-03-16,West,Store_17,Groceries,11.71,1,0.0,11.71,11.71,8.48,3.23,Credit Card,New,29.0,Male,5.0,4.0
ORD104434,2024-03-02,North,Store_12,Electronics,1010.66,1,0.0,1010.66,1010.66,739.65,271.01,Cash,VIP,52.0,,5.0,3.0
ORD104659,2023-12-30,East,Store_11,Electronics,125.52,2,0.0,401.66,401.66,241.68,159.98,Cash,Returning,28.0,Male,3.7,2.0
ORD101771,2023-10-03,North,Store_08,Electronics,913.33,2,25.0,1826.66,1369.99,625.17,744.82,Debit Card,New,34.0,Female,2.4,5.0
ORD101668,2024-01-24,South,Store_14,Beauty,117.79,2,,235.58,235.58,139.75,95.83,Cash,Returning,39.0,Male,3.5,3.0
ORD104150,2023-08-29,Central,Store_15,Sports,299.18,1,0.0,299.18,299.18,168.54,130.64,Credit Card,New,27.0,Female,4.3,3.0
ORD103310,2024-01-10,North,Store_19,Electronics,1078.93,2,0.0,2157.86,2157.86,1323.03,834.83,Cash,New,29.0,Female,5.0,2.0
ORD104706,2023-12-10,Central,Store_15,Groceries,41.55,1,10.0,66.48,59.83,33.73,26.1,Cash,Returning,16.0,Female,4.0,4.0
ORD105926,2024-06-26,Central,Store_03,Electronics,258.82,2,20.0,621.17,496.94,323.37,173.57,Cash,Returning,48.0,Female,2.6,4.0
ORD102680,2023-03-27,East,Store_10,Groceries,10.5,3,0.0,31.5,31.5,16.0,15.5,Cash,New,29.0,Male,4.8,4.0
ORD102386,2024-11-26,North,Store_18,Sports,73.86,2,10.0,236.35,212.71,148.74,63.97,Bank Transfer,Returning,50.0,Female,3.4,2.0
ORD101949,2023-08-23,South,Store_01,Home & Living,438.3,1,0.0,438.3,438.3,247.27,191.03,Bank Transfer,Returning,42.0,Female,5.0,6.0
ORD101990,2024-01-23,West,Store_16,Electronics,866.14,1,0.0,866.14,866.14,553.06,313.08,Debit Card,Returning,27.0,Female,2.9,2.0
ORD104854,2023-02-10,North,Store_04,Electronics,1142.12,1,0.0,1142.12,1142.12,822.93,319.19,Cash,New,30.0,Female,4.2,3.0
ORD100663,2023-05-28,West,Store_11,Groceries,9.91,2,0.0,19.82,19.82,14.48,5.34,Credit Card,VIP,,Female,4.3,5.0
ORD103208,2023-11-03,East,Store_20,Groceries,33.57,1,0.0,53.71,53.71,38.15,15.56,Bank Transfer,Returning,,Male,3.9,3.0
ORD103372,2023-08-14,West,Store_02,Groceries,41.33,2,5.0,82.66,78.53,37.45,41.08,Credit Card,Returning,32.0,Male,4.1,3.0
ORD103514,2023-07-12,South,Store_08,Electronics,618.77,1,5.0,742.52,705.39,526.23,179.16,Cash,VIP,60.0,Female,4.1,5.0
ORD101082,2024-11-30,South,Store_06,Electronics,96.53,1,,154.45,154.45,84.34,70.11,Credit Card,New,27.0,Male,3.1,3.0
ORD102540,2023-07-31,East,Store_18,Home & Living,349.98,2,0.0,839.95,839.95,600.96,238.99,Bank Transfer,New,49.0,Female,5.0,5.0
ORD104863,2024-06-08,North,Store_18,Groceries,28.65,1,0.0,34.38,34.38,15.5,18.88,Mobile Wallet,Returning,41.0,Female,4.3,1.0
ORD101683,2024-08-04,North,Store_04,Clothing,62.9,1,10.0,62.9,56.61,26.45,30.16,Mobile Wallet,Returning,36.0,Male,4.5,6.0
ORD104380,2024-11-17,East,Store_09,Home & Living,361.37,3,5.0,1734.58,1647.85,1195.43,452.42,Credit Card,VIP,49.0,Female,3.2,6.0
ORD104936,2024-12-02,East,Store_16,Electronics,463.83,1,10.0,742.13,667.92,339.1,328.82,Mobile Wallet,Returning,63.0,Female,5.0,4.0
ORD104463,2024-04-23,East,Store_13,Sports,248.91,1,5.0,248.91,236.46,173.46,63.0,Mobile Wallet,VIP,42.0,Male,3.7,5.0
ORD105835,2024-09-15,East,Store_14,Home & Living,257.13,1,0.0,257.13,257.13,127.91,129.22,Bank Transfer,New,30.0,Female,4.4,6.0
ORD105224,2024-01-21,West,Store_02,Home & Living,426.09,1,5.0,426.09,404.79,196.54,208.25,Debit Card,VIP,42.0,Female,,0.0
ORD100531,2023-05-01,East,Store_15,Clothing,48.62,1,10.0,48.62,43.76,21.51,22.25,Debit Card,Returning,29.0,Male,4.8,6.0
ORD100078,2024-02-17,South,Store_03,Electronics,269.52,1,0.0,269.52,269.52,192.58,76.94,Cash,VIP,16.0,Other,3.0,4.0
ORD104530,2023-01-23,Central,Store_15,Groceries,49.64,1,0.0,49.64,49.64,24.58,25.06,Debit Card,Returning,35.0,Male,3.3,4.0
ORD105128,2024-05-09,East,Store_14,Electronics,830.15,3,0.0,2490.45,2490.45,1685.79,804.66,Cash,New,44.0,Female,,3.0
ORD103023,2023-05-25,North,Store_08,Groceries,33.04,2,0.0,66.08,66.08,41.84,24.24,Credit Card,Returning,35.0,Female,4.3,4.0
ORD104521,2024-05-24,South,Store_10,Beauty,95.24,5,0.0,476.2,476.2,266.11,210.09,Mobile Wallet,Returning,16.0,Female,5.0,3.0
ORD101132,2024-08-02,South,Store_04,Beauty,21.24,1,0.0,21.24,21.24,15.42,5.82,Debit Card,Returning,16.0,Male,4.1,3.0
ORD103663,2024-12-03,South,Store_04,Sports,209.67,1,0.0,335.47,335.47,155.36,180.11,Debit Card,New,32.0,Female,,6.0
ORD104299,2023-03-10,West,Store_03,Electronics,819.35,1,0.0,819.35,819.35,464.68,354.67,Credit Card,Returning,19.0,Female,,3.0
ORD101749,2024-06-09,Central,Store_14,Electronics,1000.86,1,0.0,1201.03,1201.03,828.35,372.68,Bank Transfer,New,36.0,Male,4.0,4.0
ORD101901,2024-01-23,South,Store_06,Beauty,32.7,2,15.0,65.4,55.59,39.67,15.92,Debit Card,New,55.0,Female,4.1,7.0
ORD105866,2024-06-08,South,Store_04,Clothing,41.16,2,15.0,98.78,83.96,57.8,26.16,Bank Transfer,New,43.0,Other,4.6,2.0
ORD101227,2024-12-19,North,Store_02,Beauty,38.72,1,0.0,61.95,61.95,35.32,26.63,Mobile Wallet,VIP,21.0,Male,3.6,4.0
ORD105591,2024-02-28,North,Store_07,Beauty,92.64,2,25.0,185.28,138.96,71.65,67.31,Cash,Returning,51.0,Male,5.0,3.0
ORD102234,2024-03-05,North,Store_15,Clothing,24.65,1,0.0,24.65,24.65,13.66,10.99,Debit Card,Returning,42.0,Other,3.3,4.0
ORD103797,2023-02-17,West,Store_18,Sports,290.68,1,,290.68,261.61,159.97,101.64,Debit Card,New,55.0,Female,3.7,4.0
ORD102652,2024-12-22,North,Store_20,Clothing,158.44,2,15.0,507.01,430.96,283.55,147.41,Bank Transfer,VIP,16.0,Other,4.1,8.0
ORD104154,2023-06-15,West,Store_04,Electronics,840.78,2,0.0,2017.87,2017.87,1110.61,907.26,Bank Transfer,Returning,42.0,Female,3.6,3.0
ORD105726,2024-01-18,North,Store_06,Groceries,27.75,2,5.0,55.5,52.72,32.67,20.05,Mobile Wallet,Returning,41.0,Male,2.6,3.0
ORD101953,2023-12-06,West,Store_07,Electronics,1075.23,1,0.0,1720.37,1720.37,1236.99,483.38,Debit Card,VIP,,Female,3.0,5.0
ORD102544,2024-08-10,South,Store_13,Beauty,132.9,1,0.0,132.9,132.9,74.61,58.29,Bank Transfer,New,42.0,Female,3.1,2.0
ORD103430,2023-07-02,North,Store_04,Sports,54.62,1,0.0,65.54,65.54,41.32,24.22,Credit Card,VIP,33.0,Female,3.7,5.0
ORD105552,2024-04-23,South,Store_08,Electronics,309.69,1,0.0,309.69,309.69,160.31,149.38,Debit Card,Returning,31.0,Male,,3.0
ORD102450,2024-09-05,West,Store_16,Groceries,36.57,1,0.0,36.57,36.57,16.72,19.85,Bank Transfer,VIP,44.0,Male,4.1,3.0
ORD105161,2023-01-19,South,Store_03,Home & Living,253.69,1,10.0,253.69,228.32,121.9,106.42,Credit Card,VIP,17.0,Female,3.3,5.0
ORD105886,2024-12-23,South,Store_20,Electronics,987.93,1,0.0,1580.69,1580.69,1092.71,487.98,Mobile Wallet,New,59.0,Female,3.2,4.0
ORD100228,2024-02-04,Central,Store_07,Home & Living,56.67,1,0.0,56.67,56.67,33.89,22.78,Mobile Wallet,VIP,16.0,Male,3.6,6.0
ORD104486,2024-02-01,South,Store_16,Electronics,420.64,2,20.0,841.28,673.02,377.01,296.01,Bank Transfer,Returning,46.0,Female,4.1,3.0
ORD101701,2023-05-11,South,Store_20,Beauty,25.58,1,5.0,25.58,24.3,18.02,6.28,Debit Card,VIP,,Male,,1.0
ORD101244,2024-09-30,Central,Store_14,Beauty,66.65,1,0.0,66.65,66.65,42.56,24.09,Cash,New,,Female,3.8,5.0
ORD101335,2024-12-30,North,Store_17,Groceries,50.75,2,0.0,162.4,162.4,85.21,77.19,Mobile Wallet,Returning,43.0,Other,5.0,6.0
ORD100742,2024-04-08,East,Store_16,Groceries,46.93,1,20.0,46.93,37.54,20.51,17.03,Debit Card,VIP,62.0,Female,3.3,2.0
ORD105166,2024-06-11,South,Store_19,Home & Living,25.84,1,0.0,31.01,31.01,17.45,13.56,Credit Card,VIP,39.0,Male,,2.0
ORD102206,2023-04-09,West,Store_12,Groceries,20.33,1,0.0,20.33,20.33,12.72,7.61,Credit Card,Returning,37.0,Female,3.0,6.0
ORD101246,2024-09-19,West,Store_06,Groceries,52.19,2,5.0,104.38,99.16,44.84,54.32,Credit Card,Returning,19.0,Female,3.7,7.0
ORD102600,2024-09-22,East,Store_17,Electronics,1046.83,1,10.0,1046.83,942.15,696.37,245.78,Credit Card,New,16.0,Male,3.5,6.0
ORD100722,2024-09-08,West,,Groceries,42.16,2,0.0,84.32,84.32,59.65,24.67,Bank Transfer,VIP,38.0,Female,2.6,0.0
ORD104349,2023-09-14,Central,Store_01,Home & Living,83.61,1,0.0,83.61,83.61,62.28,21.33,Mobile Wallet,Returning,30.0,Female,4.0,0.0
ORD101584,2024-04-09,South,Store_05,Electronics,920.14,1,0.0,920.14,920.14,654.97,265.17,Bank Transfer,New,49.0,Female,5.0,2.0
ORD102114,2024-06-25,West,Store_11,Home & Living,57.17,1,0.0,68.6,68.6,35.12,33.48,Bank Transfer,Returning,38.0,Male,4.1,6.0
ORD103119,2024-09-25,North,Store_02,Home & Living,242.49,1,0.0,242.49,242.49,132.25,110.24,Cash,VIP,36.0,Female,4.6,3.0
ORD102466,2023-08-08,West,Store_19,Clothing,177.64,3,5.0,532.92,506.27,233.65,272.62,Debit Card,Returning,34.0,Female,3.7,5.0
ORD103836,2023-05-24,South,Store_14,Groceries,9.92,3,15.0,29.76,25.3,15.13,10.17,Credit Card,Returning,28.0,Female,4.7,4.0
ORD101675,2024-12-18,Central,Store_01,Home & Living,449.86,1,20.0,719.78,575.82,326.47,249.35,Mobile Wallet,VIP,16.0,Male,,4.0
ORD103782,2023-03-18,West,Store_16,Beauty,38.71,1,0.0,38.71,38.71,25.4,13.31,Credit Card,Returning,19.0,Female,4.0,4.0
ORD100507,2023-06-30,Central,Store_15,Clothing,14.91,2,0.0,35.78,35.78,22.81,12.97,Debit Card,Returning,31.0,Male,3.7,2.0
ORD102510,2023-05-26,West,Store_03,Electronics,765.1,5,25.0,3825.5,2869.12,1645.54,1223.58,Credit Card,VIP,16.0,Female,2.8,5.0
ORD104124,2024-07-29,South,Store_02,Home & Living,23.17,2,5.0,55.61,52.83,39.16,13.67,Mobile Wallet,Returning,60.0,Female,3.9,0.0
ORD101235,2023-09-10,North,Store_01,Clothing,192.81,1,0.0,192.81,192.81,139.8,53.01,Bank Transfer,New,37.0,Female,3.8,2.0
ORD105516,2024-01-19,South,Store_20,Groceries,30.91,1,0.0,30.91,30.91,19.15,11.76,Cash,Returning,55.0,Female,4.0,4.0
ORD105525,2023-03-15,South,Store_02,Clothing,55.76,1,0.0,55.76,55.76,25.23,30.53,Credit Card,VIP,,Male,4.7,6.0
ORD100134,2024-08-03,East,Store_06,Clothing,94.85,1,0.0,94.85,94.85,69.39,25.46,Bank Transfer,New,35.0,Male,3.7,0.0
ORD105917,2023-07-01,South,Store_07,Clothing,157.14,1,0.0,188.57,188.57,138.22,50.35,Mobile Wallet,Returning,44.0,Male,2.6,6.0
ORD105266,2024-02-01,North,Store_11,Clothing,80.07,4,0.0,320.28,320.28,224.64,95.64,Credit Card,New,24.0,Female,2.6,5.0
ORD100987,2023-08-19,South,Store_09,Home & Living,200.9,1,0.0,200.9,200.9,130.9,70.0,Debit Card,New,26.0,Female,4.8,6.0
ORD101715,2024-10-03,North,Store_03,Clothing,192.04,1,0.0,192.04,192.04,90.08,101.96,Mobile Wallet,Returning,36.0,Male,3.4,1.0
ORD103030,2024-06-18,North,Store_14,Electronics,548.56,1,0.0,658.27,658.27,334.08,324.19,Mobile Wallet,Returning,19.0,Female,3.5,0.0
ORD104848,2023-04-22,Central,Store_01,Sports,260.47,3,10.0,781.41,703.27,390.46,312.81,Debit Card,New,46.0,Female,3.8,6.0
ORD105906,2023-12-09,Central,Store_08,Clothing,78.4,1,10.0,125.44,112.9,79.79,33.11,Credit Card,Returning,51.0,Male,5.0,2.0
ORD105553,2024-04-18,East,Store_01,Sports,243.88,1,0.0,243.88,243.88,125.69,118.19,Mobile Wallet,New,44.0,Male,2.4,3.0
ORD101723,2024-06-17,South,Store_17,Home & Living,301.69,1,0.0,362.03,362.03,167.81,194.22,Debit Card,New,30.0,Male,4.4,4.0
ORD105165,2023-02-26,Central,Store_20,Groceries,48.31,2,5.0,96.62,91.79,42.19,49.6,Cash,Returning,53.0,Female,4.4,1.0
ORD101547,2024-09-12,South,Store_09,Clothing,164.89,2,0.0,329.78,329.78,220.85,108.93,Credit Card,Returning,16.0,Female,4.9,2.0
ORD102589,2023-09-10,West,Store_19,Clothing,180.69,5,0.0,903.45,903.45,622.29,281.16,Credit Card,VIP,44.0,Male,2.8,2.0
ORD105221,2024-10-09,Central,Store_14,Beauty,33.51,1,0.0,33.51,33.51,23.29,10.22,Bank Transfer,Returning,45.0,Female,3.6,4.0
ORD104292,2023-12-26,Central,Store_07,Clothing,117.45,2,0.0,375.84,375.84,201.61,174.23,Debit Card,Returning,41.0,Female,4.6,3.0
ORD100740,2024-08-19,Central,Store_06,Clothing,36.99,1,0.0,36.99,36.99,21.51,15.48,Bank Transfer,Returning,48.0,Female,5.0,6.0
ORD100713,2024-07-11,North,Store_19,Groceries,15.87,2,0.0,38.09,38.09,22.8,15.29,Bank Transfer,New,46.0,Female,4.6,2.0
ORD103213,2024-12-05,South,Store_12,Groceries,4.97,1,0.0,7.95,7.95,5.71,2.24,Credit Card,VIP,33.0,Female,,5.0
ORD105644,2024-03-21,Central,Store_06,Electronics,901.35,1,0.0,901.35,901.35,418.73,482.62,Debit Card,New,32.0,Female,3.6,6.0
ORD100195,2023-03-05,Central,Store_10,Sports,182.73,1,0.0,182.73,182.73,127.13,55.6,Bank Transfer,VIP,34.0,Male,3.2,4.0
ORD105958,2024-03-22,South,Store_08,Clothing,118.5,2,10.0,237.0,213.3,146.84,66.46,Cash,VIP,40.0,Female,1.8,8.0
ORD105231,2023-12-27,North,Store_08,Beauty,23.01,2,0.0,73.63,73.63,53.51,20.12,Bank Transfer,Returning,17.0,Female,5.0,6.0
ORD102633,2024-02-15,East,Store_16,Electronics,711.76,1,5.0,711.76,676.17,495.94,180.23,Mobile Wallet,New,16.0,Female,3.9,2.0
ORD102425,2024-02-14,South,Store_18,Electronics,281.34,2,0.0,562.68,562.68,405.33,157.35,Credit Card,New,27.0,Female,3.7,7.0
ORD103006,2024-03-13,South,Store_09,Home & Living,61.98,2,20.0,123.96,99.17,69.94,29.23,Cash,Returning,39.0,,3.5,2.0
ORD105509,2024-10-05,East,Store_18,Home & Living,313.68,2,10.0,627.36,564.62,277.1,287.52,Cash,VIP,16.0,Female,4.3,9.0
ORD102534,2024-08-07,East,Store_06,Clothing,158.17,3,0.0,474.51,474.51,307.99,166.52,Debit Card,Returning,51.0,Female,3.8,5.0
ORD104432,2024-10-17,North,Store_09,Groceries,15.58,1,0.0,15.58,15.58,10.83,4.75,Credit Card,New,34.0,Female,4.3,2.0
ORD100904,2023-12-02,East,Store_12,Clothing,85.61,1,5.0,136.98,130.13,81.51,48.62,Mobile Wallet,Returning,28.0,Female,5.0,5.0
ORD101765,2024-11-13,North,Store_12,Home & Living,88.72,2,0.0,283.9,283.9,177.66,106.24,Mobile Wallet,Returning,,Male,5.0,4.0
ORD102593,2023-03-11,North,Store_02,Groceries,53.56,1,,53.56,53.56,28.03,25.53,Bank Transfer,New,49.0,Male,5.0,7.0
ORD101935,2023-04-30,East,Store_11,Home & Living,454.15,2,0.0,908.3,908.3,531.31,376.99,Debit Card,Returning,39.0,Female,3.3,1.0
ORD103900,2024-01-14,South,Store_06,Electronics,56.71,1,0.0,56.71,56.71,35.5,21.21,Cash,Returning,51.0,Male,3.3,2.0
ORD105186,2024-09-22,East,Store_13,Electronics,1078.67,1,0.0,1078.67,1078.67,512.45,566.22,Mobile Wallet,Returning,37.0,Male,5.0,4.0
ORD104541,2024-04-04,South,Store_01,Groceries,33.54,1,0.0,33.54,33.54,16.07,17.47,Cash,VIP,37.0,Female,3.0,0.0
ORD100953,2023-11-09,South,Store_12,Clothing,114.97,1,5.0,183.95,174.75,80.86,93.89,Credit Card,VIP,54.0,Other,3.1,6.0
ORD101342,2023-03-29,South,Store_01,Clothing,182.81,3,5.0,548.43,521.01,387.39,133.62,Mobile Wallet,New,28.0,Female,2.7,5.0
ORD105124,2023-03-26,East,Store_04,Home & Living,444.22,1,25.0,444.22,333.16,237.08,96.08,Cash,Returning,39.0,Female,5.0,5.0
ORD103853,2023-09-15,East,Store_11,Electronics,603.0,1,0.0,603.0,603.0,418.31,184.69,Debit Card,Returning,53.0,Male,4.2,2.0
ORD105473,2023-05-13,North,Store_15,Home & Living,386.48,1,5.0,386.48,367.16,237.64,129.52,Credit Card,Returning,42.0,Female,5.0,1.0
ORD101876,2023-06-20,West,Store_02,Home & Living,84.62,2,5.0,203.09,192.94,135.61,57.33,Bank Transfer,Returning,44.0,Male,3.3,1.0
ORD102035,2024-09-09,Central,Store_02,Groceries,18.31,1,5.0,18.31,17.39,13.0,4.39,Mobile Wallet,New,62.0,Male,4.7,3.0
ORD104094,2024-12-01,West,Store_12,Clothing,111.51,1,0.0,178.42,178.42,92.34,86.08,Credit Card,New,50.0,Male,,4.0
ORD105484,2024-01-25,South,Store_19,Home & Living,20.12,1,0.0,20.12,20.12,11.85,8.27,Debit Card,VIP,57.0,Male,2.9,3.0
ORD100831,2023-06-25,South,Store_13,Home & Living,317.74,1,25.0,381.29,285.97,134.96,151.01,Debit Card,New,33.0,Male,3.2,3.0
ORD101818,2023-04-09,East,Store_03,Home & Living,262.15,2,5.0,524.3,498.09,228.78,269.31,Debit Card,VIP,43.0,Male,5.0,4.0
ORD100377,2024-06-29,North,Store_05,Groceries,53.26,1,5.0,63.91,60.71,43.82,16.89,Debit Card,New,,Other,3.9,5.0
ORD100474,2024-04-08,North,Store_15,Home & Living,147.9,1,,147.9,147.9,101.38,46.52,Mobile Wallet,Returning,40.0,Male,,2.0
ORD105810,2024-05-01,Central,Store_08,Clothing,39.37,1,5.0,39.37,37.4,23.56,13.84,Cash,Returning,39.0,Male,3.9,9.0
ORD102991,2024-04-10,South,Store_04,Electronics,359.53,1,5.0,359.53,341.55,232.42,109.13,Mobile Wallet,VIP,43.0,Male,5.0,4.0
ORD103305,2023-07-05,East,Store_16,Sports,103.42,3,0.0,372.31,372.31,224.23,148.08,Cash,Returning,45.0,Male,3.7,7.0
ORD100933,2024-04-18,North,Store_14,Sports,127.02,2,5.0,254.04,241.34,121.21,120.13,Mobile Wallet,Returning,36.0,Female,5.0,5.0
ORD103354,2024-12-12,Central,Store_10,Groceries,45.19,1,15.0,72.3,61.46,36.26,25.2,Cash,New,31.0,Other,4.5,6.0
ORD103541,2024-02-28,South,Store_05,Beauty,103.46,1,0.0,103.46,103.46,53.61,49.85,Bank Transfer,Returning,19.0,Female,3.5,4.0
ORD103807,2023-04-24,South,Store_02,Sports,57.26,1,0.0,57.26,57.26,29.76,27.5,Credit Card,Returning,26.0,Male,4.3,3.0
ORD101282,2023-10-15,East,Store_07,Beauty,6.68,3,0.0,20.04,20.04,13.2,6.84,Debit Card,Returning,58.0,Female,3.8,3.0
ORD101090,2024-01-03,North,Store_05,Electronics,747.07,2,0.0,1494.14,1494.14,1090.81,403.33,Bank Transfer,Returning,43.0,Female,5.0,5.0
ORD105369,2023-07-28,North,Store_17,Home & Living,16.71,5,10.0,100.26,90.23,66.21,24.02,Credit Card,New,76.0,Male,5.0,2.0
ORD100188,2023-06-24,West,Store_16,Beauty,124.66,2,0.0,299.18,299.18,202.53,96.65,Bank Transfer,New,55.0,Other,4.6,2.0
ORD100079,2024-05-03,North,Store_03,Home & Living,48.44,1,25.0,48.44,36.33,26.67,9.66,Mobile Wallet,New,59.0,Male,4.3,5.0
ORD100063,2024-12-07,East,Store_14,Groceries,7.13,1,0.0,11.41,11.41,7.84,3.57,Bank Transfer,VIP,39.0,Female,,5.0
ORD101673,2024-07-07,Central,Store_06,Groceries,27.25,2,0.0,65.4,65.4,46.88,18.52,Credit Card,Returning,55.0,Male,,0.0
ORD102208,2023-06-21,West,Store_12,Groceries,44.06,2,15.0,105.74,89.88,59.74,30.14,Bank Transfer,Returning,28.0,Female,3.3,3.0
ORD103408,2024-04-26,South,Store_01,Home & Living,248.8,2,20.0,497.6,398.08,221.86,176.22,Debit Card,VIP,29.0,Male,3.4,3.0
ORD104446,2023-08-13,East,Store_06,Electronics,725.99,1,0.0,725.99,725.99,430.76,295.23,Cash,VIP,31.0,Male,2.9,7.0
ORD105667,2024-08-26,East,Store_13,Home & Living,143.93,1,5.0,143.93,136.73,93.34,43.39,Bank Transfer,Returning,20.0,Female,1.1,2.0
ORD103897,2023-01-14,East,Store_19,Electronics,622.2,4,0.0,2488.8,2488.8,1159.44,1329.36,Bank Transfer,New,32.0,Male,5.0,5.0
ORD100332,2023-08-15,South,Store_14,Electronics,80.98,1,25.0,80.98,60.73,45.18,15.55,Mobile Wallet,VIP,54.0,,,7.0
ORD101836,2024-11-18,North,Store_18,Groceries,26.53,1,0.0,42.45,42.45,19.54,22.91,Mobile Wallet,VIP,44.0,Male,,2.0
ORD100741,2024-07-10,North,Store_19,Electronics,930.8,1,0.0,1116.96,1116.96,562.27,554.69,Mobile Wallet,New,37.0,Female,2.9,4.0
ORD100716,2024-01-13,South,Store_18,Groceries,36.77,1,5.0,36.77,34.93,17.25,17.68,Debit Card,Returning,19.0,Female,3.5,2.0
ORD102864,2023-03-05,North,Store_17,Sports,246.81,2,5.0,493.62,468.94,216.59,252.35,Cash,Returning,21.0,Male,3.1,3.0
ORD104539,2024-09-26,Central,Store_14,Clothing,39.99,1,0.0,39.99,39.99,21.83,18.16,Bank Transfer,Returning,45.0,Male,4.2,4.0
ORD100328,2023-04-14,North,Store_16,Clothing,156.99,1,0.0,156.99,156.99,115.45,41.54,Mobile Wallet,Returning,51.0,Other,3.9,5.0
ORD101059,2023-08-16,West,Store_14,Sports,64.86,1,5.0,64.86,61.62,28.56,33.06,Cash,Returning,25.0,Other,4.0,5.0
ORD102443,2023-06-04,South,Store_13,Sports,262.95,2,0.0,631.08,631.08,437.08,194.0,Mobile Wallet,VIP,25.0,Male,4.0,6.0
ORD100172,2024-07-17,West,Store_20,Groceries,43.6,1,0.0,52.32,52.32,30.08,22.24,Cash,VIP,41.0,Male,3.6,2.0
ORD105592,2024-01-21,North,Store_01,Home & Living,182.68,1,5.0,182.68,173.55,96.75,76.8,Credit Card,VIP,33.0,Male,3.7,6.0
ORD100665,2024-05-22,South,Store_14,Groceries,44.84,1,5.0,44.84,42.6,29.46,13.14,Credit Card,Returning,39.0,Female,,0.0
ORD101218,2024-08-13,South,Store_03,Home & Living,252.54,1,0.0,252.54,252.54,141.1,111.44,Debit Card,Returning,55.0,Male,3.8,4.0
ORD101402,2023-08-07,South,Store_12,Sports,209.11,1,0.0,209.11,209.11,97.15,111.96,Bank Transfer,VIP,47.0,Female,,2.0
ORD102844,2023-11-30,East,Store_01,Electronics,117.62,1,0.0,188.19,188.19,106.97,81.22,Bank Transfer,VIP,21.0,Male,3.6,3.0
ORD102173,2024-07-12,South,Store_06,Electronics,145.79,2,0.0,349.9,349.9,240.73,109.17,Cash,Returning,16.0,Female,4.1,
ORD100701,2024-03-25,North,Store_19,Electronics,78.08,1,15.0,78.08,66.37,45.76,20.61,Mobile Wallet,New,24.0,Female,2.6,7.0
ORD102711,2023-01-18,West,Store_04,Beauty,57.77,1,5.0,57.77,54.88,37.0,17.88,Cash,Returning,50.0,Female,4.7,4.0
ORD100162,2023-10-26,South,Store_01,Groceries,43.45,1,0.0,43.45,43.45,25.89,17.56,Debit Card,New,18.0,Female,,3.0
ORD104754,2023-06-04,East,Store_19,Clothing,17.26,2,0.0,41.42,41.42,26.21,15.21,Cash,Returning,41.0,Male,4.0,5.0
ORD100991,2024-02-05,Central,Store_09,Sports,225.11,2,0.0,450.22,450.22,316.23,133.99,Mobile Wallet,New,19.0,Female,5.0,1.0
ORD102199,2023-05-03,South,Store_20,Groceries,52.55,1,0.0,52.55,52.55,38.67,13.88,Credit Card,VIP,43.0,Female,5.0,6.0
ORD102631,2024-05-11,South,Store_07,Groceries,39.22,1,25.0,39.22,29.42,20.55,8.87,Mobile Wallet,VIP,29.0,Other,3.9,8.0
ORD103619,2023-03-05,East,Store_19,Groceries,21.38,1,0.0,21.38,21.38,10.56,10.82,Mobile Wallet,Returning,19.0,Female,2.8,6.0
ORD104529,2024-02-15,North,Store_10,Groceries,42.24,2,10.0,84.48,76.03,43.63,32.4,Bank Transfer,New,21.0,,2.7,0.0
ORD104661,2024-02-28,West,Store_03,Electronics,300.65,1,0.0,300.65,300.65,189.12,111.53,Credit Card,Returning,47.0,Male,4.6,3.0
ORD101576,2024-02-05,West,Store_04,Groceries,20.83,1,0.0,20.83,20.83,14.68,6.15,Bank Transfer,VIP,45.0,Male,4.9,3.0
ORD103398,2023-01-06,West,Store_08,Groceries,16.39,1,0.0,16.39,16.39,11.36,5.03,Cash,Returning,16.0,Female,2.0,3.0
ORD105451,2024-06-24,Central,Store_04,Sports,57.73,1,0.0,69.28,69.28,36.79,32.49,Credit Card,Returning,49.0,Female,5.0,2.0
ORD101130,2023-10-24,West,Store_01,Groceries,50.46,4,0.0,201.84,201.84,138.34,63.5,Cash,New,51.0,Female,5.0,
ORD100979,2024-02-18,South,Store_09,Home & Living,426.38,1,0.0,426.38,426.38,306.19,120.19,Bank Transfer,Returning,42.0,Female,5.0,5.0
ORD104053,2024-08-14,Central,Store_03,Groceries,45.54,2,10.0,91.08,81.97,58.38,23.59,Mobile Wallet,VIP,35.0,Female,2.9,5.0
ORD102735,2023-04-12,South,Store_13,Groceries,38.06,1,0.0,38.06,38.06,21.4,16.66,Debit Card,New,28.0,Male,4.0,3.0
ORD101498,2023-12-08,East,Store_14,Electronics,529.61,1,0.0,847.38,847.38,563.11,284.27,Debit Card,New,,Female,3.5,5.0
ORD103262,2024-06-24,East,Store_13,Groceries,49.31,1,5.0,59.17,56.21,31.4,24.81,Credit Card,Returning,29.0,Male,4.4,7.0
ORD102388,2024-11-28,North,Store_08,Clothing,109.38,1,0.0,175.01,175.01,125.18,49.83,Mobile Wallet,Returning,50.0,Male,,6.0
ORD100243,2024-04-19,East,Store_16,Groceries,17.52,1,0.0,17.52,17.52,9.95,7.57,Credit Card,VIP,31.0,Male,,5.0
ORD103828,2024-05-12,North,Store_09,Home & Living,437.27,2,0.0,874.54,874.54,463.69,410.85,Credit Card,New,21.0,Female,4.7,1.0
ORD101707,2024-10-28,Central,Store_14,Groceries,53.48,1,0.0,53.48,53.48,29.29,24.19,Debit Card,New,41.0,Female,4.1,1.0
ORD101434,2023-08-22,North,Store_03,Electronics,746.82,2,10.0,1493.64,1344.28,641.76,702.52,Mobile Wallet,Returning,16.0,Male,4.5,3.0
ORD103222,2024-07-20,North,Store_20,Electronics,775.33,1,0.0,930.4,930.4,539.69,390.71,Mobile Wallet,New,64.0,Female,4.6,3.0
ORD102790,2024-11-14,South,Store_12,Home & Living,199.43,3,20.0,957.26,765.81,403.87,361.94,Bank Transfer,Returning,39.0,Other,4.4,5.0
ORD104220,2023-03-23,Central,Store_15,Clothing,65.22,4,0.0,260.88,260.88,122.95,137.93,Mobile Wallet,New,23.0,Female,4.0,4.0
ORD104592,2023-02-23,South,Store_09,Clothing,51.68,1,10.0,51.68,46.51,30.99,15.52,Cash,Returning,60.0,Male,4.1,6.0
ORD103283,2023-03-13,South,Store_01,Home & Living,324.77,1,0.0,324.77,324.77,221.37,103.4,Debit Card,VIP,29.0,Female,,2.0
ORD105075,2023-10-03,Central,Store_02,Clothing,117.34,1,0.0,117.34,117.34,58.96,58.38,Debit Card,New,55.0,Male,4.2,3.0
ORD102050,2023-05-06,West,Store_20,Groceries,57.51,1,10.0,57.51,51.76,24.91,26.85,Cash,New,48.0,Female,4.0,3.0
ORD101872,2024-03-16,South,Store_03,Groceries,52.23,1,20.0,52.23,41.78,31.3,10.48,Credit Card,Returning,51.0,Male,,2.0
ORD102838,2023-06-07,South,Store_15,Groceries,9.53,1,0.0,11.44,11.44,5.83,5.61,Bank Transfer,New,27.0,Male,3.7,9.0
ORD104283,2023-11-14,South,Store_18,Beauty,137.77,1,20.0,220.43,176.34,97.34,79.0,Bank Transfer,VIP,41.0,Female,3.1,6.0
ORD102794,2023-02-20,Central,Store_18,Groceries,49.66,1,0.0,49.66,49.66,32.43,17.23,Bank Transfer,Returning,48.0,Male,4.9,0.0
ORD100788,2024-02-02,South,Store_02,Home & Living,88.98,2,0.0,177.96,177.96,115.1,62.86,Cash,New,44.0,Other,3.5,6.0
ORD101641,2023-02-06,Central,Store_08,Electronics,590.22,1,10.0,590.22,531.2,356.09,175.11,Credit Card,New,39.0,Female,3.4,
ORD104073,2024-11-18,South,Store_11,Clothing,92.98,1,0.0,148.77,148.77,106.09,42.68,Debit Card,Returning,30.0,Male,3.7,7.0
ORD104869,2024-05-24,East,Store_09,Sports,97.76,1,,97.76,92.87,67.64,25.23,Mobile Wallet,New,40.0,Female,2.8,4.0
ORD100019,2023-11-25,South,Store_14,Electronics,646.05,1,0.0,1033.68,1033.68,506.26,527.42,Bank Transfer,Returning,45.0,Female,4.5,5.0
ORD100746,2024-01-24,East,Store_15,Beauty,89.8,1,0.0,89.8,89.8,52.52,37.28,Bank Transfer,Returning,,Male,4.1,4.0
ORD105753,2023-07-20,North,,Groceries,47.86,2,0.0,114.86,114.86,53.24,61.62,Debit Card,Returning,33.0,Male,5.0,3.0
ORD104993,2024-02-08,Central,Store_07,Clothing,49.43,1,0.0,49.43,49.43,32.08,17.35,Bank Transfer,New,29.0,Male,3.9,1.0
ORD105112,2024-12-25,West,Store_14,Clothing,51.7,4,5.0,330.88,314.34,198.7,115.64,Cash,Returning,40.0,Female,,0.0
ORD103044,2023-05-19,Central,Store_14,Groceries,24.88,1,0.0,24.88,24.88,16.75,8.13,Credit Card,Returning,47.0,Male,4.8,3.0
ORD102269,2024-12-13,North,Store_06,Electronics,241.0,1,0.0,385.6,385.6,266.2,119.4,Credit Card,VIP,,Female,5.0,8.0
ORD105018,2024-07-23,North,Store_18,Electronics,892.31,1,0.0,1070.77,1070.77,535.71,535.06,Credit Card,Returning,46.0,Male,2.6,2.0
ORD105625,2024-05-21,Central,Store_17,Electronics,1115.0,2,0.0,2230.0,2230.0,1411.28,818.72,Cash,Returning,25.0,Female,3.0,3.0
ORD103173,2023-09-09,West,Store_05,Home & Living,446.75,1,0.0,446.75,446.75,317.86,128.89,Credit Card,Returning,39.0,Male,,1.0
ORD103028,2023-06-13,South,Store_08,Clothing,165.14,2,5.0,396.34,376.52,263.04,113.48,Cash,New,47.0,,4.1,5.0
ORD103914,2024-07-30,West,Store_05,Beauty,85.78,1,0.0,102.94,102.94,58.35,44.59,Bank Transfer,New,32.0,Female,5.0,3.0
ORD102346,2023-08-27,North,Store_02,Sports,224.79,1,0.0,224.79,224.79,157.09,67.7,Mobile Wallet,Returning,44.0,Female,3.5,1.0
ORD101863,2023-09-29,Central,Store_11,Groceries,52.8,1,0.0,52.8,52.8,32.44,20.36,Cash,Returning,33.0,Male,3.7,3.0
ORD102118,2024-02-03,South,Store_04,Beauty,56.94,2,0.0,113.88,113.88,71.4,42.48,Credit Card,Returning,31.0,Female,2.8,3.0
ORD103956,2024-01-16,West,Store_17,Groceries,26.68,3,0.0,80.04,80.04,45.73,34.31,Debit Card,New,34.0,Female,4.4,3.0
ORD102817,2024-09-25,East,Store_08,Home & Living,273.42,2,0.0,546.84,546.84,261.81,285.03,Bank Transfer,New,39.0,Female,4.3,8.0
ORD100444,2024-01-07,East,Store_03,Groceries,25.51,1,0.0,25.51,25.51,17.01,8.5,Cash,New,29.0,Male,3.9,3.0
ORD100640,2024-05-04,East,Store_07,Home & Living,198.53,4,10.0,794.12,714.71,327.55,387.16,Bank Transfer,Returning,31.0,Male,3.7,3.0
ORD103746,2023-11-24,South,Store_13,Clothing,108.75,1,0.0,174.0,174.0,89.09,84.91,Mobile Wallet,Returning,25.0,Female,3.0,7.0
ORD101592,2023-10-07,East,Store_13,Clothing,118.34,1,5.0,118.34,112.42,55.3,57.12,Credit Card,New,41.0,Female,3.4,5.0
ORD100459,2023-03-19,South,Store_20,Home & Living,359.44,2,0.0,718.88,718.88,469.65,249.23,Bank Transfer,New,21.0,Male,3.3,0.0
ORD104269,2024-01-04,West,Store_11,Groceries,17.33,2,0.0,34.66,34.66,24.16,10.5,Credit Card,Returning,19.0,Female,4.9,4.0
ORD105425,2023-07-02,Central,Store_04,Sports,179.08,1,0.0,214.9,214.9,152.25,62.65,Debit Card,Returning,43.0,,3.4,4.0
ORD103742,2024-11-16,West,Store_19,Groceries,48.98,1,0.0,78.37,78.37,37.78,40.59,Cash,Returning,26.0,Male,4.6,2.0
ORD105817,2024-11-04,South,Store_08,Groceries,35.44,1,0.0,56.7,56.7,36.77,19.93,Cash,VIP,65.0,Female,3.8,3.0
ORD100587,2023-03-14,South,Store_16,Sports,50.46,1,25.0,50.46,37.84,25.78,12.06,Debit Card,VIP,22.0,Female,3.3,4.0
ORD100625,2023-06-19,North,Store_15,Beauty,127.22,1,0.0,152.66,152.66,105.77,46.89,Bank Transfer,New,,Female,4.0,3.0
ORD101506,2024-10-29,Central,Store_12,Groceries,48.82,1,5.0,48.82,46.38,22.41,23.97,Cash,New,37.0,Female,3.9,4.0
ORD102293,2024-06-30,West,Store_19,Sports,141.77,2,0.0,340.25,340.25,168.52,171.73,Debit Card,Returning,34.0,Female,,6.0
ORD101086,2024-08-08,West,Store_18,Sports,279.57,2,,559.14,559.14,411.32,147.82,Bank Transfer,New,40.0,Male,3.8,2.0
ORD101591,2023-09-10,Central,Store_17,Clothing,18.47,1,0.0,18.47,18.47,9.85,8.62,Mobile Wallet,Returning,,Female,4.8,3.0
ORD100735,2024-05-04,North,Store_07,Sports,101.17,1,25.0,101.17,75.88,36.59,39.29,Cash,Returning,43.0,Male,4.1,6.0
ORD103421,2024-07-29,North,Store_04,Electronics,121.05,1,0.0,145.26,145.26,99.56,45.7,Cash,Returning,43.0,Male,4.5,2.0
ORD101329,2023-09-07,East,Store_17,Groceries,20.42,1,10.0,20.42,18.38,10.86,7.52,Mobile Wallet,VIP,53.0,Female,4.0,5.0
ORD104138,2024-10-05,North,Store_15,Sports,38.04,1,5.0,38.04,36.14,23.02,13.12,Mobile Wallet,VIP,38.0,Female,4.9,2.0
ORD105661,2023-06-12,Central,Store_06,Home & Living,22.32,2,5.0,53.57,50.89,36.78,14.11,Bank Transfer,Returning,47.0,Male,4.9,6.0
ORD105986,2024-10-29,South,Store_11,Beauty,83.82,1,5.0,83.82,79.63,46.83,32.8,Bank Transfer,New,30.0,Male,1.8,8.0
ORD102896,2024-04-26,North,Store_13,Electronics,271.23,1,0.0,271.23,271.23,153.65,117.58,Credit Card,New,37.0,Other,5.0,3.0
ORD103672,2024-03-04,East,Store_05,Sports,117.08,1,20.0,117.08,93.66,53.29,40.37,Bank Transfer,New,17.0,Female,4.7,5.0
ORD102698,2023-04-04,Central,Store_16,Beauty,44.95,2,0.0,89.9,89.9,43.83,46.07,Cash,Returning,40.0,Male,2.5,2.0
ORD100336,2024-12-04,South,Store_10,Sports,133.83,2,5.0,428.26,406.85,209.57,197.28,Bank Transfer,New,39.0,Other,2.9,1.0
ORD103288,2023-05-07,West,Store_16,Groceries,44.06,1,0.0,44.06,44.06,32.95,11.11,Cash,Returning,21.0,Female,3.1,6.0
ORD101263,2024-08-23,West,Store_05,Home & Living,308.87,1,0.0,308.87,308.87,205.39,103.48,Credit Card,VIP,38.0,Male,3.4,5.0
ORD102374,2024-05-25,East,Store_14,Groceries,18.85,3,10.0,56.55,50.89,36.41,14.48,Debit Card,Returning,23.0,Male,,3.0
ORD100279,2023-03-02,North,Store_04,Groceries,52.79,1,0.0,52.79,52.79,34.93,17.86,Bank Transfer,New,57.0,Male,3.7,4.0
ORD101222,2024-12-02,South,Store_11,Groceries,9.86,1,0.0,15.78,15.78,9.86,5.92,Mobile Wallet,New,34.0,Female,4.6,4.0
ORD105370,2024-07-26,Central,Store_09,Electronics,471.58,1,0.0,565.9,565.9,363.42,202.48,Debit Card,VIP,16.0,Male,4.4,3.0
ORD104813,2024-02-10,Central,Store_07,Electronics,694.59,1,5.0,694.59,659.86,438.24,221.62,Debit Card,Returning,,Male,3.4,3.0
ORD100876,2024-01-30,West,Store_09,Clothing,18.0,2,5.0,36.0,34.2,16.67,17.53,Debit Card,Returning,34.0,Female,5.0,6.0
ORD104548,2024-01-19,West,Store_07,Electronics,1127.09,1,0.0,1127.09,1127.09,582.2,544.89,Mobile Wallet,Returning,20.0,Female,4.0,4.0
ORD103872,2024-09-23,South,Store_12,Beauty,132.78,1,5.0,132.78,126.14,80.37,45.77,Cash,VIP,47.0,Male,2.7,2.0
ORD105865,2024-02-16,North,Store_14,Home & Living,146.85,1,5.0,146.85,139.51,74.77,64.74,Debit Card,Returning,38.0,Female,4.4,2.0
ORD103032,2024-02-16,South,Store_03,Clothing,111.31,1,0.0,111.31,111.31,82.44,28.87,Bank Transfer,New,38.0,Male,3.8,4.0
ORD100138,2023-09-11,South,Store_01,Groceries,49.03,1,15.0,49.03,41.68,22.18,19.5,Mobile Wallet,New,46.0,Male,,4.0
ORD104391,2024-08-18,South,Store_14,Clothing,132.23,1,15.0,132.23,112.4,68.4,44.0,Bank Transfer,Returning,40.0,Male,4.0,5.0
ORD100504,2023-07-20,West,Store_07,Groceries,34.29,4,0.0,164.59,164.59,99.75,64.84,Debit Card,Returning,47.0,Female,2.9,5.0
ORD105050,2023-11-13,North,Store_09,Electronics,284.97,1,0.0,455.95,455.95,275.63,180.32,Mobile Wallet,New,42.0,Female,3.3,1.0
ORD105045,2023-09-26,Central,Store_14,Clothing,121.68,2,0.0,243.36,243.36,174.82,68.54,Credit Card,Returning,33.0,Other,4.7,
ORD103135,2023-01-12,North,Store_12,Clothing,170.68,1,5.0,170.68,162.15,81.74,80.41,Mobile Wallet,Returning,40.0,Female,4.6,1.0
ORD104957,2023-09-30,East,Store_08,Electronics,351.97,1,0.0,351.97,351.97,193.11,158.86,Bank Transfer,VIP,16.0,Male,4.9,5.0
ORD100913,2024-12-16,West,Store_15,Groceries,35.82,2,15.0,114.62,97.43,52.75,44.68,Mobile Wallet,VIP,65.0,Female,3.3,4.0
ORD102502,2024-07-03,East,Store_11,Electronics,749.08,2,0.0,1797.79,1797.79,1068.17,729.62,Bank Transfer,VIP,52.0,Other,2.0,6.0
ORD101524,2024-03-16,South,Store_01,Beauty,89.27,2,10.0,178.54,160.69,91.91,68.78,Mobile Wallet,New,48.0,Female,4.9,6.0
ORD100120,2023-11-17,North,Store_14,Clothing,13.85,2,25.0,44.32,33.24,21.47,11.77,Cash,New,44.0,Female,3.8,1.0
ORD100387,2024-08-29,South,Store_08,Electronics,1009.56,1,5.0,1009.56,959.08,539.21,419.87,Debit Card,Returning,30.0,Male,4.0,4.0
ORD102924,2023-11-05,West,Store_12,Clothing,170.68,2,0.0,546.18,546.18,293.15,253.03,Cash,Returning,31.0,Female,2.5,4.0
ORD105833,2023-06-28,West,Store_03,Beauty,77.63,1,5.0,93.16,88.5,61.89,26.61,Cash,Returning,43.0,Female,3.1,3.0
ORD104681,2023-05-05,South,Store_06,Groceries,25.33,2,0.0,50.66,50.66,28.42,22.24,Debit Card,VIP,31.0,Female,3.7,5.0
ORD105362,2024-03-01,West,Store_04,Electronics,664.29,1,0.0,664.29,664.29,406.17,258.12,Mobile Wallet,New,47.0,Male,2.4,2.0
ORD104379,2024-11-09,Central,Store_18,Electronics,908.28,2,15.0,2906.5,2470.53,1252.75,1217.78,Credit Card,New,47.0,Male,5.0,3.0
ORD104669,2023-11-09,East,Store_16,Groceries,49.86,1,0.0,79.78,79.78,38.21,41.57,Mobile Wallet,New,32.0,Female,3.0,6.0
ORD104068,2024-06-22,South,Store_17,Groceries,28.12,3,10.0,101.23,91.11,63.07,28.04,Bank Transfer,New,32.0,Male,4.4,3.0
ORD101820,2023-08-17,North,Store_16,Clothing,160.78,1,0.0,160.78,160.78,119.28,41.5,Credit Card,Returning,21.0,Female,4.1,3.0
ORD102622,2023-03-17,Central,Store_04,Electronics,486.95,3,0.0,1460.85,1460.85,926.71,534.14,Cash,Returning,39.0,Male,4.1,8.0
ORD103997,2024-09-09,West,Store_04,Clothing,114.08,2,5.0,228.16,216.75,148.42,68.33,Bank Transfer,Returning,22.0,Female,2.8,4.0
ORD105598,2024-07-03,South,Store_16,Home & Living,233.76,5,0.0,1402.56,1402.56,766.62,635.94,Cash,VIP,,Female,3.7,3.0
ORD105150,2023-04-26,Central,Store_02,Groceries,57.88,1,0.0,57.88,57.88,28.08,29.8,Bank Transfer,VIP,40.0,Male,4.0,3.0
ORD102990,2023-11-29,Central,Store_10,Beauty,55.56,1,0.0,88.9,88.9,46.6,42.3,Cash,VIP,16.0,Female,4.3,3.0
ORD102333,2024-08-23,North,Store_04,Electronics,349.86,1,10.0,349.86,314.87,178.11,136.76,Cash,Returning,56.0,Female,5.0,8.0
ORD102547,2024-03-02,West,Store_11,Beauty,116.47,2,10.0,232.94,209.65,132.87,76.78,Debit Card,Returning,71.0,Female,4.6,4.0
ORD100147,2023-06-20,Central,Store_04,Electronics,367.02,2,0.0,880.85,880.85,660.02,220.83,Debit Card,Returning,49.0,Male,5.0,5.0
ORD101390,2023-08-12,North,Store_19,Home & Living,104.17,1,0.0,104.17,104.17,63.81,40.36,Mobile Wallet,New,16.0,Female,4.9,2.0
ORD103802,2024-08-10,East,Store_03,Clothing,101.35,1,15.0,101.35,86.15,43.18,42.97,Bank Transfer,Returning,40.0,Other,4.5,6.0
ORD102120,2024-07-15,East,Store_03,Groceries,29.56,1,0.0,35.47,35.47,23.86,11.61,Cash,Returning,53.0,Female,3.9,3.0
ORD103805,2024-09-11,North,Store_16,Electronics,612.98,2,0.0,1225.96,1225.96,742.26,483.7,Cash,Returning,16.0,Female,3.1,2.0
ORD102414,2023-09-29,West,Store_14,Beauty,43.6,1,15.0,43.6,37.06,24.88,12.18,Mobile Wallet,New,55.0,Male,,6.0
ORD104316,2024-12-15,West,Store_01,Electronics,490.54,4,0.0,3139.46,3139.46,2159.6,979.86,Mobile Wallet,Returning,17.0,Female,5.0,8.0
ORD100035,2023-02-16,East,Store_19,Groceries,10.94,1,0.0,10.94,10.94,7.81,3.13,Bank Transfer,New,43.0,Male,4.7,2.0
ORD100631,2023-08-28,East,Store_19,Electronics,392.76,5,5.0,1963.8,1865.61,1195.55,670.06,Debit Card,Returning,48.0,Female,4.8,3.0
ORD105677,2023-09-29,East,Store_05,Groceries,46.33,3,0.0,138.99,138.99,69.1,69.89,Cash,New,47.0,Male,5.0,5.0
ORD104543,2024-03-23,West,Store_11,Groceries,24.96,1,0.0,24.96,24.96,11.87,13.09,Mobile Wallet,Returning,,Female,4.5,5.0
ORD105335,2023-02-21,North,Store_15,Groceries,19.83,2,5.0,39.66,37.68,23.52,14.16,Debit Card,Returning,24.0,Female,4.3,6.0
ORD100728,2023-12-23,East,Store_03,Electronics,383.45,2,0.0,1227.04,1227.04,810.85,416.19,Cash,New,55.0,Female,4.5,2.0
ORD104470,2023-10-21,East,Store_09,Sports,173.27,1,0.0,173.27,173.27,113.87,59.4,Bank Transfer,New,29.0,Female,4.6,6.0
ORD102153,2024-02-02,West,Store_07,Groceries,10.09,3,15.0,30.27,25.73,18.4,7.33,Credit Card,Returning,16.0,Female,3.7,3.0
ORD101757,2024-03-20,Central,Store_05,Home & Living,26.97,1,0.0,26.97,26.97,17.4,9.57,Mobile Wallet,New,21.0,Female,3.3,0.0
ORD104879,2024-07-05,Central,Store_20,Beauty,75.55,2,0.0,181.32,181.32,89.65,91.67,Debit Card,New,43.0,Female,5.0,3.0
ORD105034,2023-01-16,West,Store_04,Electronics,324.13,1,5.0,324.13,307.92,207.99,99.93,Debit Card,Returning,48.0,Female,4.6,0.0
ORD100453,2023-01-19,West,Store_03,Electronics,250.39,2,0.0,500.78,500.78,341.58,159.2,Mobile Wallet,New,33.0,Female,3.8,5.0
ORD104025,2023-04-13,North,Store_05,Electronics,1003.91,1,0.0,1003.91,1003.91,500.93,502.98,Credit Card,New,30.0,Female,5.0,6.0
ORD102057,2024-06-23,West,Store_17,Beauty,83.74,5,0.0,502.44,502.44,368.1,134.34,Debit Card,VIP,39.0,Female,,3.0
ORD105162,2023-07-29,South,Store_12,Home & Living,278.51,1,25.0,334.21,250.66,127.55,123.11,Cash,Returning,16.0,Female,4.6,4.0
ORD105343,2023-11-23,West,Store_05,Electronics,239.77,1,0.0,383.63,383.63,273.1,110.53,Credit Card,New,43.0,Male,4.1,5.0
ORD101058,2023-11-06,East,Store_08,Groceries,3.13,1,0.0,5.01,5.01,2.58,2.43,Mobile Wallet,Returning,24.0,Female,4.2,1.0
ORD104276,2023-02-19,North,Store_03,Electronics,863.52,2,0.0,1727.04,1727.04,1132.53,594.51,Debit Card,Returning,,Female,3.3,3.0
ORD103389,2024-05-09,South,Store_18,Groceries,5.71,1,5.0,5.71,5.42,3.52,1.9,Credit Card,New,57.0,Female,4.1,3.0
ORD101489,2024-01-06,South,Store_08,Beauty,25.99,2,0.0,51.98,51.98,33.74,18.24,Debit Card,Returning,47.0,Female,4.1,4.0
ORD102982,2024-08-07,North,Store_01,Home & Living,266.54,1,10.0,266.54,239.89,159.35,80.54,Mobile Wallet,New,28.0,Female,4.5,3.0
ORD101873,2024-11-18,Central,Store_13,Groceries,34.03,1,0.0,54.45,54.45,37.56,16.89,Debit Card,VIP,40.0,Female,3.0,3.0
ORD104238,2024-07-08,North,Store_03,Groceries,23.25,3,0.0,83.7,83.7,58.9,24.8,Credit Card,New,44.0,Male,5.0,0.0
ORD104003,2023-11-22,South,Store_14,Groceries,5.58,1,25.0,8.93,6.7,4.81,1.89,Mobile Wallet,VIP,26.0,Male,4.4,3.0
ORD101144,2023-08-30,East,Store_12,Clothing,176.27,1,15.0,176.27,149.83,97.16,52.67,Mobile Wallet,New,29.0,Female,3.6,4.0
ORD103462,2024-09-25,East,Store_03,Clothing,160.65,1,0.0,160.65,160.65,117.42,43.23,Cash,New,28.0,Male,3.1,4.0
ORD105102,2023-06-26,South,Store_20,Electronics,604.73,1,15.0,725.68,616.83,326.1,290.73,Bank Transfer,Returning,46.0,Male,2.9,0.0
ORD105296,2023-01-04,West,Store_01,Clothing,45.55,2,5.0,91.1,86.55,56.55,30.0,Debit Card,Returning,30.0,Male,3.5,2.0
ORD101767,2023-12-08,East,Store_20,Groceries,48.28,1,5.0,77.25,73.39,45.36,28.03,Bank Transfer,New,53.0,Female,4.2,3.0
ORD100448,2024-01-16,Central,Store_12,Groceries,50.88,2,20.0,101.76,81.41,45.0,36.41,Cash,New,49.0,Male,3.6,5.0
ORD100207,2024-12-08,East,Store_10,Groceries,11.93,1,0.0,19.09,19.09,12.18,6.91,Credit Card,Returning,33.0,Male,3.8,5.0
ORD102143,2024-03-21,South,Store_02,Beauty,98.38,1,5.0,98.38,93.46,51.02,42.44,Credit Card,Returning,23.0,,3.7,5.0
ORD101930,2023-03-07,Central,Store_11,Groceries,2.44,1,5.0,2.44,2.32,1.59,0.73,Debit Card,Returning,16.0,Male,5.0,2.0
ORD105191,2024-10-28,East,Store_08,Beauty,92.71,2,0.0,185.42,185.42,138.36,47.06,Mobile Wallet,VIP,16.0,Female,2.7,5.0
ORD100981,2024-05-27,North,Store_16,Electronics,737.21,2,5.0,1474.42,1400.7,746.37,654.33,Debit Card,Returning,25.0,Male,2.6,8.0
ORD101406,2023-09-11,East,Store_17,Clothing,92.72,1,0.0,92.72,92.72,60.27,32.45,Bank Transfer,Returning,49.0,Male,2.8,3.0
ORD103753,2023-07-16,West,Store_10,Electronics,1115.64,1,15.0,1338.77,1137.95,788.33,349.62,Cash,Returning,43.0,Male,3.8,0.0
ORD101463,2023-02-07,North,Store_18,Clothing,137.05,3,5.0,411.15,390.59,245.72,144.87,Debit Card,VIP,32.0,Male,,3.0
ORD100932,2023-07-07,East,Store_14,Clothing,48.48,1,5.0,58.18,55.27,35.16,20.11,Bank Transfer,VIP,42.0,Female,5.0,3.0
ORD101306,2023-07-05,North,Store_01,Groceries,35.68,4,0.0,171.26,171.26,79.92,91.34,Bank Transfer,VIP,24.0,Female,4.5,6.0
ORD100085,2024-05-26,East,Store_17,Sports,199.07,2,0.0,398.14,398.14,287.28,110.86,Credit Card,Returning,38.0,Male,5.0,4.0
ORD105291,2024-10-05,North,Store_03,Groceries,15.41,1,5.0,15.41,14.64,10.57,4.07,Debit Card,Returning,59.0,Other,4.1,2.0
ORD103715,2023-07-29,East,Store_10,Clothing,44.45,1,0.0,53.34,53.34,25.89,27.45,Debit Card,Returning,43.0,Male,,4.0
ORD104325,2023-10-14,North,Store_08,Electronics,356.64,2,0.0,713.28,713.28,517.53,195.75,Credit Card,New,54.0,Female,2.0,3.0
ORD103449,2023-12-28,West,Store_06,Clothing,91.06,1,5.0,145.7,138.41,79.61,58.8,Cash,Returning,25.0,Male,3.6,3.0
ORD101554,2023-12-01,West,Store_04,Electronics,50.64,-1,5.0,81.02,76.97,44.73,32.24,Bank Transfer,VIP,39.0,Male,4.4,3.0
ORD103564,2024-07-24,West,Store_06,Home & Living,277.85,1,0.0,333.42,333.42,234.82,98.6,Credit Card,New,46.0,Male,4.3,3.0
ORD101523,2023-04-20,Central,Store_05,Clothing,106.05,1,0.0,106.05,106.05,63.99,42.06,Mobile Wallet,Returning,27.0,Female,3.8,2.0
ORD100800,2023-01-09,North,Store_01,Groceries,53.72,1,15.0,53.72,45.66,22.48,23.18,Mobile Wallet,New,31.0,Female,,5.0
ORD103451,2023-02-10,South,Store_08,Clothing,68.88,2,15.0,137.76,117.1,70.44,46.66,Bank Transfer,New,22.0,Other,4.7,
ORD102777,2024-10-21,West,Store_09,Sports,72.39,1,0.0,72.39,72.39,44.33,28.06,Credit Card,Returning,63.0,Male,4.3,2.0
ORD105541,2023-04-29,East,Store_06,Beauty,117.97,2,0.0,235.94,235.94,174.98,60.96,Cash,VIP,38.0,Male,3.6,3.0
ORD103178,2023-06-07,West,Store_11,Beauty,86.96,2,0.0,208.7,208.7,133.42,75.28,Debit Card,VIP,49.0,Female,3.7,5.0
ORD101971,2024-11-03,North,Store_04,Electronics,575.1,1,0.0,920.16,920.16,594.43,325.73,Bank Transfer,New,46.0,Male,4.5,4.0
ORD105424,2023-08-08,North,Store_15,Groceries,38.69,2,0.0,77.38,77.38,57.88,19.5,Credit Card,Returning,32.0,Female,4.8,0.0
ORD103830,2024-10-17,South,Store_10,Home & Living,478.64,2,0.0,957.28,957.28,470.82,486.46,Cash,New,33.0,Male,5.0,6.0
ORD103417,2024-10-01,South,Store_18,Beauty,46.28,2,15.0,92.56,78.68,48.44,30.24,Credit Card,New,34.0,Female,3.8,3.0
ORD103804,2023-01-17,North,Store_19,Home & Living,309.63,2,10.0,619.26,557.33,317.67,239.66,Mobile Wallet,VIP,62.0,Female,4.1,4.0
ORD101746,2024-12-22,East,Store_06,Groceries,45.66,3,0.0,219.17,219.17,120.24,98.93,Debit Card,Returning,31.0,Female,3.5,4.0
ORD103593,2024-02-20,East,Store_20,Clothing,126.42,1,0.0,126.42,126.42,93.27,33.15,Bank Transfer,Returning,47.0,Male,3.2,4.0
ORD101542,2023-03-06,East,Store_14,Electronics,947.88,1,,947.88,947.88,472.63,475.25,Mobile Wallet,New,50.0,Female,3.3,4.0
ORD104320,2024-04-26,South,Store_10,Electronics,745.1,1,5.0,745.1,707.84,484.62,223.22,Bank Transfer,VIP,48.0,Male,5.0,6.0
ORD103423,2023-10-07,Central,Store_08,Clothing,183.25,2,10.0,366.5,329.85,246.54,83.31,Cash,New,46.0,Male,4.0,4.0
ORD102651,2024-10-03,North,Store_10,Groceries,51.85,4,0.0,207.4,207.4,137.56,69.84,Mobile Wallet,Returning,30.0,Female,3.2,3.0
ORD104745,2023-08-12,West,Store_17,Groceries,47.85,4,0.0,191.4,191.4,106.91,84.49,Debit Card,New,45.0,Female,,5.0
ORD102565,2023-11-12,East,Store_07,Clothing,105.46,1,0.0,168.74,168.74,111.18,57.56,Mobile Wallet,Returning,,Male,3.8,1.0
ORD100723,2023-03-29,South,Store_04,Groceries,43.37,1,0.0,43.37,43.37,32.44,10.93,Credit Card,New,34.0,Female,3.8,5.0
ORD102261,2024-12-30,North,,Home & Living,285.08,1,0.0,456.13,456.13,208.14,247.99,Debit Card,Returning,45.0,Female,3.9,4.0
ORD103277,2023-06-29,West,Store_14,Groceries,38.5,4,5.0,184.8,175.56,126.7,48.86,Bank Transfer,VIP,56.0,Male,4.8,3.0
ORD103640,2024-06-10,South,Store_16,Groceries,45.94,3,0.0,165.38,165.38,80.54,84.84,Credit Card,New,27.0,Female,,4.0
ORD101989,2024-11-05,East,Store_03,Beauty,134.21,3,5.0,644.21,612.0,312.18,299.82,Cash,VIP,32.0,Male,5.0,4.0
ORD103827,2024-02-06,North,Store_01,Groceries,42.68,1,0.0,42.68,42.68,22.38,20.3,Debit Card,Returning,36.0,Female,3.4,2.0
ORD105249,2024-02-21,East,Store_13,Electronics,577.82,3,0.0,1733.46,1733.46,1084.27,649.19,Credit Card,Returning,37.0,Male,4.3,2.0
ORD105058,2023-07-06,East,Store_07,Clothing,85.86,5,0.0,515.16,515.16,277.49,237.67,Bank Transfer,New,41.0,Male,5.0,2.0
ORD103065,2024-02-06,Central,Store_03,Sports,241.86,1,5.0,241.86,229.77,123.48,106.29,Mobile Wallet,New,16.0,Female,4.8,3.0
ORD102857,2024-07-23,West,Store_15,Clothing,80.53,2,0.0,193.27,193.27,138.81,54.46,Debit Card,Returning,43.0,Male,,3.0
ORD100314,2023-06-28,Central,Store_14,Electronics,518.34,2,0.0,1244.02,1244.02,701.47,542.55,Cash,Returning,35.0,Male,3.7,4.0
ORD102152,2024-09-17,East,Store_12,Groceries,19.31,1,5.0,19.31,18.34,8.92,9.42,Bank Transfer,Returning,43.0,Female,5.0,0.0
ORD103658,2023-09-02,North,Store_09,Electronics,453.6,2,,907.2,725.76,368.52,357.24,Credit Card,Returning,30.0,Female,4.1,2.0
ORD101677,2023-11-03,Central,Store_19,Home & Living,221.88,1,0.0,355.01,355.01,166.49,188.52,Credit Card,VIP,34.0,Female,3.3,6.0
ORD105563,2023-03-17,East,Store_16,Groceries,26.51,1,0.0,26.51,26.51,19.04,7.47,Bank Transfer,New,16.0,Female,4.3,0.0
ORD103848,2024-06-24,Central,Store_14,Sports,141.93,1,5.0,170.32,161.8,74.41,87.39,Mobile Wallet,New,49.0,Female,4.9,2.0
ORD100004,2023-11-13,South,Store_05,Electronics,795.72,2,5.0,2546.3,2418.98,1448.15,970.83,Cash,Returning,56.0,Male,4.2,7.0
ORD100766,2024-03-23,North,Store_04,Electronics,408.85,2,0.0,817.7,817.7,482.97,334.73,Cash,New,16.0,Male,4.8,7.0
ORD103814,2023-10-07,North,Store_13,Home & Living,259.62,1,0.0,259.62,259.62,173.3,86.32,Debit Card,Returning,35.0,Female,4.0,3.0
ORD101787,2023-03-14,West,Store_20,Groceries,30.88,1,0.0,30.88,30.88,22.24,8.64,Cash,Returning,23.0,Male,,4.0
ORD101283,2024-08-07,East,Store_02,Electronics,815.56,2,10.0,1631.12,1468.01,799.91,668.1,Bank Transfer,New,35.0,Male,5.0,5.0
ORD101879,2023-03-15,South,Store_12,Groceries,57.71,2,10.0,115.42,103.88,69.82,34.06,Credit Card,VIP,48.0,Male,3.6,4.0
ORD100622,2023-05-01,West,Store_19,Electronics,602.45,3,0.0,1807.35,1807.35,1334.99,472.36,Credit Card,New,32.0,Female,5.0,4.0
ORD100026,2023-10-21,West,Store_12,Electronics,898.08,1,0.0,898.08,898.08,487.99,410.09,Mobile Wallet,VIP,41.0,Male,4.4,4.0
ORD105472,2024-08-06,South,Store_03,Sports,147.71,1,10.0,147.71,132.94,66.73,66.21,Debit Card,Returning,35.0,Female,4.3,4.0
ORD101341,2023-04-10,West,Store_02,Groceries,38.51,1,10.0,38.51,34.66,15.63,19.03,Debit Card,VIP,45.0,Female,4.4,7.0
ORD105819,2024-02-19,West,Store_11,Home & Living,280.09,1,15.0,280.09,238.08,164.98,73.1,Mobile Wallet,New,44.0,Male,3.8,6.0
ORD102141,2024-09-30,South,Store_08,Groceries,19.48,1,0.0,19.48,19.48,12.79,6.69,Bank Transfer,VIP,24.0,Female,3.9,3.0
ORD103623,2023-11-18,West,Store_16,Electronics,218.1,1,15.0,348.96,296.62,215.98,80.64,Credit Card,Returning,22.0,Female,4.0,1.0
ORD105527,2023-08-19,East,Store_07,Sports,180.36,1,0.0,180.36,180.36,85.42,94.94,Mobile Wallet,VIP,44.0,,3.6,6.0
ORD102536,2023-08-27,East,Store_16,Clothing,91.81,1,5.0,91.81,87.22,57.54,29.68,Bank Transfer,Returning,16.0,Male,3.5,4.0
ORD104564,2024-10-16,West,Store_05,Clothing,50.68,2,5.0,101.36,96.29,55.52,40.77,Mobile Wallet,New,58.0,Male,4.4,6.0
ORD103955,2024-11-19,East,Store_19,Home & Living,443.37,2,5.0,1418.78,1347.84,724.73,623.11,Debit Card,Returning,45.0,Male,3.2,5.0
ORD105069,2024-11-30,South,Store_14,Sports,208.49,1,0.0,333.58,333.58,170.27,163.31,Credit Card,Returning,30.0,Male,3.3,7.0
ORD102933,2023-11-14,South,Store_06,Home & Living,419.35,1,0.0,670.96,670.96,480.61,190.35,Mobile Wallet,New,39.0,Female,5.0,4.0
ORD102193,2023-06-09,North,Store_09,Beauty,131.63,2,0.0,315.91,315.91,229.07,86.84,Mobile Wallet,VIP,43.0,Female,2.3,6.0
ORD104056,2024-09-10,West,Store_14,Clothing,88.42,1,0.0,88.42,88.42,52.95,35.47,Credit Card,New,60.0,Female,2.6,3.0
ORD100130,2024-02-17,North,Store_17,Clothing,67.65,2,0.0,135.3,135.3,75.67,59.63,Cash,New,27.0,Female,4.3,2.0
ORD104589,2023-08-07,South,Store_18,Home & Living,155.12,2,5.0,310.24,294.73,174.12,120.61,Cash,New,34.0,Female,2.7,3.0
ORD104473,2023-04-10,North,,Groceries,46.49,1,5.0,46.49,44.17,29.56,14.61,Cash,Returning,29.0,Other,,2.0
ORD101966,2023-09-28,South,Store_18,Electronics,510.94,2,0.0,1021.88,1021.88,501.19,520.69,Credit Card,VIP,28.0,Male,4.6,4.0
ORD101883,2024-09-09,South,Store_19,Groceries,18.28,2,10.0,36.56,32.9,23.93,8.97,Mobile Wallet,Returning,44.0,Female,4.0,3.0
ORD105236,2024-02-12,South,Store_03,Electronics,1040.27,1,5.0,1040.27,988.26,709.21,279.05,Cash,Returning,39.0,Female,5.0,4.0
ORD105733,2023-10-27,Central,Store_13,Clothing,145.65,1,20.0,145.65,116.52,67.29,49.23,Mobile Wallet,New,25.0,Male,4.1,3.0
ORD102276,2023-06-03,West,Store_18,Home & Living,157.68,1,0.0,189.22,189.22,140.79,48.43,Bank Transfer,VIP,50.0,Female,4.0,1.0
ORD105378,2023-12-21,North,Store_08,Electronics,129.16,1,0.0,206.66,206.66,103.24,103.42,Debit Card,New,49.0,Male,5.0,4.0
ORD105905,2023-04-19,Central,Store_05,Groceries,46.21,2,5.0,92.42,87.8,55.47,32.33,Mobile Wallet,New,16.0,Female,5.0,1.0
ORD101637,2024-03-29,South,Store_04,Home & Living,105.89,1,25.0,105.89,79.42,36.38,43.04,Mobile Wallet,Returning,32.0,Female,,7.0
ORD105820,2024-03-23,Central,Store_13,Home & Living,150.92,3,0.0,452.76,452.76,222.57,230.19,Mobile Wallet,Returning,40.0,Female,1.9,4.0
ORD101447,2024-12-01,North,Store_07,Electronics,484.71,2,20.0,1551.07,1240.86,921.4,319.46,Cash,Returning,60.0,Other,3.3,5.0
ORD103223,2024-07-20,North,Store_05,Sports,134.56,4,5.0,645.89,613.6,385.73,227.87,Credit Card,Returning,44.0,Male,5.0,2.0
ORD100383,2023-06-25,West,Store_02,Clothing,190.35,1,0.0,228.42,228.42,104.91,123.51,Debit Card,New,42.0,Male,5.0,2.0
ORD100512,2024-09-05,Central,Store_15,Groceries,30.23,1,0.0,30.23,30.23,15.83,14.4,Cash,Returning,29.0,Male,2.0,2.0
ORD102481,2024-09-20,South,Store_20,Groceries,59.67,1,0.0,59.67,59.67,34.18,25.49,Mobile Wallet,New,21.0,Female,4.8,6.0
ORD101085,2024-09-04,Central,Store_07,Groceries,10.81,2,15.0,21.62,18.38,13.24,5.14,Credit Card,Returning,50.0,Male,4.4,5.0
ORD100699,2023-03-11,Central,Store_14,Clothing,169.12,4,0.0,676.48,676.48,322.34,354.14,Credit Card,Returning,23.0,Male,5.0,3.0
ORD104459,2024-04-22,Central,Store_16,Clothing,181.86,1,0.0,181.86,181.86,133.29,48.57,Bank Transfer,VIP,29.0,Male,4.8,7.0
ORD104817,2023-08-29,South,Store_09,Groceries,46.35,2,10.0,92.7,83.43,60.5,22.93,Bank Transfer,Returning,29.0,Male,4.2,3.0
ORD103882,2024-02-24,Central,Store_06,Clothing,150.06,1,0.0,150.06,150.06,99.13,50.93,Mobile Wallet,Returning,34.0,Male,3.4,4.0
ORD103577,2024-09-17,East,Store_16,Home & Living,418.06,2,0.0,836.12,836.12,435.81,400.31,Mobile Wallet,New,20.0,Female,5.0,4.0
ORD105874,2024-06-03,North,Store_06,Clothing,94.27,2,0.0,226.25,226.25,163.34,62.91,Debit Card,Returning,56.0,Male,4.6,1.0
ORD102013,2024-11-03,West,Store_11,Beauty,142.38,4,0.0,911.23,911.23,545.41,365.82,Cash,Returning,40.0,Other,3.1,2.0
ORD103700,2023-04-22,North,Store_14,Home & Living,290.64,2,0.0,581.28,581.28,393.86,187.42,Cash,Returning,20.0,Female,3.7,5.0
ORD105422,2023-02-23,East,Store_06,Electronics,489.14,2,0.0,978.28,978.28,690.35,287.93,Bank Transfer,VIP,55.0,Male,4.1,6.0
ORD100916,2024-02-01,South,Store_15,Home & Living,363.86,2,0.0,727.72,727.72,451.23,276.49,Cash,Returning,46.0,Female,4.2,3.0
ORD102043,2024-07-01,North,Store_08,Clothing,144.71,1,0.0,173.65,173.65,121.87,51.78,Credit Card,VIP,32.0,Male,,3.0
ORD105555,2024-01-11,West,Store_07,Electronics,1051.75,1,10.0,1051.75,946.57,645.76,300.81,Credit Card,Returning,29.0,Male,4.9,4.0
ORD100760,2023-05-09,South,Store_09,Groceries,2.72,1,0.0,2.72,2.72,1.32,1.4,Debit Card,New,34.0,Male,3.8,0.0
ORD100770,2024-04-20,West,Store_17,Groceries,20.54,2,5.0,41.08,39.03,21.67,17.36,Debit Card,VIP,33.0,Female,5.0,1.0
ORD101974,2024-02-13,South,Store_15,Groceries,48.26,2,0.0,96.52,96.52,54.93,41.59,Cash,New,25.0,Male,5.0,3.0
ORD102697,2023-11-01,West,Store_18,Clothing,81.99,2,0.0,262.37,262.37,135.12,127.25,Bank Transfer,VIP,43.0,Female,4.7,6.0
ORD104121,2024-11-21,North,Store_01,Electronics,1109.33,1,5.0,1774.93,1686.18,832.44,853.74,Debit Card,Returning,48.0,Female,3.0,3.0
ORD103406,2023-09-17,North,Store_12,Electronics,208.17,2,0.0,416.34,416.34,268.25,148.09,Credit Card,New,35.0,Female,4.3,0.0
ORD102091,2023-08-27,North,Store_14,Electronics,354.67,2,0.0,709.34,709.34,366.05,343.29,Debit Card,New,16.0,Male,3.5,1.0
ORD101114,2023-05-22,North,Store_13,Home & Living,399.75,3,15.0,1199.25,1019.36,562.04,457.32,Debit Card,Returning,,Female,4.5,3.0
ORD101260,2023-07-14,West,Store_10,Home & Living,40.04,1,0.0,48.05,48.05,31.98,16.07,Mobile Wallet,Returning,32.0,Female,2.8,4.0
ORD100798,2023-08-19,North,Store_08,Groceries,53.9,1,0.0,53.9,53.9,27.36,26.54,Mobile Wallet,New,33.0,Female,4.2,4.0
ORD102406,2023-09-28,East,Store_20,Sports,60.85,1,25.0,60.85,45.64,20.73,24.91,Cash,Returning,29.0,Male,4.2,0.0
ORD105922,2024-04-23,Central,Store_05,Beauty,47.73,1,0.0,47.73,47.73,31.85,15.88,Mobile Wallet,VIP,42.0,Female,,5.0
ORD104607,2023-12-21,South,Store_17,Electronics,901.86,1,10.0,1442.98,1298.68,953.09,345.59,Bank Transfer,VIP,34.0,Male,4.0,
ORD104206,2024-10-23,South,Store_04,Home & Living,452.42,1,0.0,452.42,452.42,322.86,129.56,Mobile Wallet,New,16.0,Male,2.6,6.0
ORD100680,2024-06-12,West,Store_05,Clothing,24.57,1,0.0,29.48,29.48,15.46,14.02,Credit Card,VIP,34.0,Male,3.1,2.0
ORD102271,2023-08-21,South,Store_12,Beauty,115.69,1,0.0,115.69,115.69,59.89,55.8,Cash,Returning,51.0,Female,3.8,5.0
ORD103271,2023-10-28,North,Store_11,Home & Living,489.08,1,5.0,489.08,464.63,280.96,183.67,Bank Transfer,New,54.0,Female,4.3,2.0
ORD101640,2024-06-10,Central,Store_16,Clothing,44.54,1,5.0,53.45,50.78,30.35,20.43,Debit Card,Returning,51.0,Female,4.3,2.0
ORD100342,2024-03-29,West,Store_07,Groceries,43.35,2,0.0,86.7,86.7,61.18,25.52,Mobile Wallet,Returning,,Female,5.0,4.0
ORD105170,2024-03-15,South,Store_01,Clothing,82.94,1,5.0,82.94,78.79,45.2,33.59,Bank Transfer,VIP,36.0,Male,,0.0
ORD104693,2024-09-21,West,Store_05,Electronics,87.42,2,0.0,174.84,174.84,103.84,71.0,Cash,Returning,52.0,Female,1.7,3.0
ORD104008,2023-05-19,South,Store_20,Groceries,40.22,1,0.0,40.22,40.22,21.28,18.94,Credit Card,Returning,39.0,Male,3.5,4.0
ORD103130,2023-09-19,South,Store_04,Home & Living,351.68,1,15.0,351.68,298.93,172.97,125.96,Bank Transfer,Returning,34.0,Male,4.1,
ORD100140,2024-12-18,West,Store_10,Groceries,44.17,2,0.0,141.34,141.34,91.95,49.39,Bank Transfer,Returning,39.0,Male,5.0,3.0
ORD102379,2024-04-22,East,Store_07,Clothing,59.5,2,0.0,119.0,119.0,61.65,57.35,Credit Card,Returning,24.0,Male,4.8,4.0
ORD102069,2023-11-03,Central,Store_16,Sports,200.38,2,10.0,641.22,577.1,386.76,190.34,Bank Transfer,Returning,35.0,Male,3.8,3.0
ORD104168,2024-01-06,West,Store_19,Electronics,1129.5,1,0.0,1129.5,1129.5,619.74,509.76,Debit Card,Returning,40.0,Male,4.0,2.0
ORD100227,2024-02-27,Central,Store_05,Clothing,159.67,3,5.0,479.01,455.06,214.01,241.05,Credit Card,Returning,29.0,Female,3.4,6.0
ORD103856,2023-09-20,Central,Store_19,Clothing,91.43,1,5.0,91.43,86.86,56.29,30.57,Debit Card,Returning,60.0,Male,4.4,4.0
ORD105778,2024-05-31,Central,Store_20,Clothing,151.59,1,0.0,151.59,151.59,111.03,40.56,Credit Card,VIP,37.0,Female,4.0,4.0
ORD102449,2023-05-06,East,Store_04,Sports,59.33,2,0.0,118.66,118.66,54.64,64.02,Bank Transfer,Returning,,Male,4.0,1.0
ORD105512,2024-10-23,South,Store_20,Clothing,58.46,1,0.0,58.46,58.46,39.04,19.42,Mobile Wallet,New,19.0,Other,3.4,3.0
ORD102584,2023-09-13,South,Store_04,Electronics,743.91,1,0.0,743.91,743.91,497.46,246.45,Debit Card,Returning,29.0,Male,3.0,4.0
ORD100163,2023-10-24,West,Store_07,Clothing,23.45,1,15.0,23.45,19.93,12.45,7.48,Bank Transfer,VIP,34.0,Male,5.0,1.0
ORD103166,2024-06-30,East,Store_09,Clothing,111.13,2,0.0,266.71,266.71,128.17,138.54,Credit Card,New,36.0,Female,3.9,5.0
ORD104093,2023-11-21,Central,Store_11,Electronics,889.6,1,5.0,1423.36,1352.19,816.79,535.4,Bank Transfer,Returning,36.0,Female,4.4,6.0
ORD105322,2024-05-18,North,Store_06,Groceries,57.76,1,0.0,57.76,57.76,27.29,30.47,Credit Card,Returning,29.0,Female,3.8,1.0
ORD102916,2024-03-29,South,Store_12,Clothing,170.34,1,0.0,170.34,170.34,107.52,62.82,Bank Transfer,New,48.0,Female,4.5,3.0
ORD103481,2023-06-29,East,Store_08,Beauty,138.99,1,15.0,166.79,141.77,93.8,47.97,Credit Card,VIP,36.0,Other,3.3,5.0
ORD104361,2024-07-26,North,Store_07,Electronics,630.28,1,0.0,756.34,756.34,519.72,236.62,Mobile Wallet,New,16.0,,2.8,0.0
ORD102284,2024-05-12,Central,Store_07,Clothing,59.6,1,25.0,59.6,44.7,22.48,22.22,Bank Transfer,Returning,35.0,Male,4.0,1.0
ORD102805,2024-12-08,North,Store_14,Clothing,34.14,4,5.0,218.5,207.57,107.35,100.22,Debit Card,Returning,49.0,Male,3.9,4.0
ORD102756,2024-10-07,North,Store_13,Sports,71.31,1,15.0,71.31,60.61,37.63,22.98,Mobile Wallet,New,43.0,Male,4.7,4.0
ORD105694,2024-03-04,North,Store_17,Beauty,102.35,2,0.0,204.7,204.7,125.73,78.97,Credit Card,VIP,,Female,5.0,5.0
ORD100427,2024-08-10,East,Store_04,Home & Living,348.74,4,0.0,1394.96,1394.96,792.14,602.82,Credit Card,VIP,60.0,Female,3.4,5.0
ORD103579,2023-02-26,West,Store_14,Home & Living,314.62,1,0.0,314.62,314.62,198.12,116.5,Bank Transfer,Returning,21.0,Other,4.8,3.0
ORD100449,2023-07-29,West,Store_14,Beauty,98.57,2,10.0,236.57,212.91,122.67,90.24,Debit Card,New,32.0,Male,4.2,4.0
ORD102610,2024-12-09,North,Store_09,Clothing,64.39,4,,412.1,412.1,202.86,209.24,Debit Card,VIP,25.0,Male,3.5,4.0
ORD103698,2023-07-31,Central,Store_14,Home & Living,165.6,1,0.0,198.72,198.72,113.11,85.61,Credit Card,New,44.0,Female,4.1,4.0
ORD101684,2023-09-19,North,Store_08,Beauty,24.17,4,0.0,96.68,96.68,50.41,46.27,Bank Transfer,New,25.0,Female,4.2,5.0
ORD104142,2023-04-30,West,Store_19,Groceries,57.35,1,0.0,57.35,57.35,38.48,18.87,Bank Transfer,Returning,38.0,Female,4.3,7.0
ORD100313,2023-07-25,East,Store_11,Home & Living,382.75,2,0.0,918.6,918.6,503.5,415.1,Mobile Wallet,New,43.0,Female,3.4,3.0
ORD104097,2023-04-18,West,Store_09,Clothing,150.86,5,,754.3,716.59,382.41,334.18,Cash,New,40.0,Female,2.7,5.0
ORD105033,2023-04-17,North,Store_20,Sports,23.31,1,5.0,23.31,22.14,13.42,8.72,Debit Card,Returning,35.0,Male,4.0,0.0
ORD100369,2024-07-17,East,Store_09,Home & Living,305.07,1,10.0,366.08,329.47,183.2,146.27,Debit Card,Returning,26.0,Female,3.8,4.0
ORD103840,2024-09-28,South,Store_02,Sports,31.58,2,0.0,63.16,656.8590751387823,35.13,297.28155315038725,Credit Card,New,19.0,Male,,4.0
ORD101430,2023-12-10,West,Store_16,Electronics,1012.12,1,0.0,1619.39,1619.39,1065.24,554.15,Mobile Wallet,Returning,45.0,Male,4.2,6.0
ORD103909,2024-10-23,North,Store_02,Electronics,1115.5,3,0.0,3346.5,3346.5,1623.75,1722.75,Credit Card,New,30.0,Male,3.0,3.0
ORD100664,2024-03-12,South,Store_04,Sports,119.55,1,25.0,119.55,89.66,54.62,35.04,Cash,VIP,20.0,Other,4.4,3.0
ORD104086,2023-07-16,West,Store_14,Groceries,8.48,1,0.0,10.18,10.18,5.35,4.83,Cash,Returning,32.0,Female,3.7,5.0
ORD103906,2024-06-06,North,Store_16,Groceries,42.25,1,15.0,50.7,43.09,29.55,13.54,Mobile Wallet,New,57.0,Female,3.6,2.0
ORD102027,2024-11-24,North,Store_09,Beauty,104.49,1,0.0,167.18,167.18,89.97,77.21,Bank Transfer,VIP,41.0,Male,5.0,8.0
ORD103858,2023-08-26,South,Store_12,Sports,298.79,1,15.0,298.79,253.97,173.89,80.08,Mobile Wallet,New,21.0,Female,5.0,5.0
ORD102383,2023-10-14,West,Store_20,Clothing,56.53,3,0.0,169.59,169.59,111.95,57.64,Cash,Returning,45.0,Female,2.7,0.0
ORD102142,2024-12-03,North,Store_01,Sports,118.79,1,0.0,190.06,190.06,133.05,57.01,Cash,Returning,38.0,Male,2.8,6.0
ORD105720,2024-12-16,South,Store_20,Groceries,17.39,1,15.0,27.82,23.65,11.95,11.7,Cash,Returning,33.0,Male,3.8,2.0
ORD104249,2023-10-04,North,Store_03,Groceries,27.46,1,0.0,27.46,27.46,15.62,11.84,Bank Transfer,Returning,38.0,Male,4.7,2.0
ORD104707,2024-02-05,South,Store_13,Electronics,342.11,1,15.0,342.11,290.79,164.65,126.14,Credit Card,Returning,19.0,Female,3.5,3.0
ORD105365,2023-04-23,Central,Store_20,Home & Living,146.15,1,0.0,146.15,146.15,108.04,38.11,Bank Transfer,Returning,57.0,Female,4.8,5.0
ORD100678,2024-01-17,North,Store_01,Electronics,240.41,1,5.0,240.41,228.39,111.01,117.38,Cash,Returning,34.0,Female,4.3,1.0
ORD100126,2023-02-27,South,Store_20,Electronics,525.87,2,15.0,1051.74,893.98,598.97,295.01,Cash,Returning,47.0,Male,2.7,2.0
ORD105510,2023-10-24,East,Store_07,Electronics,771.55,1,0.0,771.55,771.55,355.01,416.54,Bank Transfer,New,37.0,Female,3.4,5.0
ORD104190,2023-11-10,West,,Clothing,48.79,2,5.0,156.13,148.32,105.53,42.79,Bank Transfer,Returning,18.0,Female,3.9,1.0
ORD102866,2023-08-19,West,,Groceries,27.09,1,0.0,27.09,27.09,12.7,14.39,Credit Card,New,43.0,Male,3.7,6.0
ORD102310,2023-07-24,West,Store_20,Electronics,310.05,1,15.0,372.06,316.25,169.63,146.62,Cash,New,48.0,Male,5.0,3.0
ORD101741,2024-06-26,North,Store_12,Beauty,129.04,1,0.0,154.85,154.85,86.31,68.54,Bank Transfer,New,35.0,Male,4.4,6.0
ORD103750,2024-02-29,North,Store_04,Clothing,81.88,2,5.0,163.76,155.57,95.14,60.43,Mobile Wallet,New,18.0,Female,2.8,7.0
ORD105428,2023-01-22,West,Store_13,Electronics,186.28,1,0.0,186.28,186.28,124.17,62.11,Debit Card,New,17.0,Other,3.5,5.0
ORD101841,2023-03-12,West,Store_13,Clothing,191.83,2,5.0,383.66,364.48,185.74,178.74,Bank Transfer,New,44.0,Other,3.8,5.0
ORD100370,2023-09-02,North,Store_03,Clothing,184.11,1,10.0,184.11,165.7,89.16,76.54,Credit Card,VIP,30.0,Other,3.9,3.0
ORD105014,2024-04-26,North,Store_05,Groceries,5.57,1,0.0,5.57,5.57,2.68,2.89,Debit Card,Returning,26.0,Male,3.6,2.0
ORD105942,2023-05-26,North,Store_01,Sports,83.09,1,5.0,83.09,78.94,43.8,35.14,Cash,Returning,33.0,Male,3.4,0.0
ORD101272,2024-11-11,South,Store_19,Groceries,40.91,1,20.0,65.46,52.37,30.25,22.12,Bank Transfer,VIP,35.0,Male,3.6,2.0
ORD100285,2024-11-15,East,Store_02,Home & Living,383.9,1,0.0,614.24,614.24,366.85,247.39,Mobile Wallet,Returning,39.0,Female,3.5,1.0
ORD100095,2023-07-30,North,Store_09,Groceries,3.81,2,0.0,9.14,9.14,5.25,3.89,Bank Transfer,New,49.0,Male,4.6,5.0
ORD101170,2024-04-04,North,Store_18,Electronics,1126.62,1,20.0,1126.62,901.3,433.52,467.78,Cash,New,43.0,Female,3.2,4.0
ORD103452,2023-11-27,Central,Store_10,Groceries,30.9,1,0.0,49.44,49.44,25.79,23.65,Credit Card,Returning,37.0,Male,5.0,6.0
ORD101700,2023-07-13,West,Store_06,Home & Living,479.69,1,10.0,575.63,518.07,357.7,160.37,Mobile Wallet,New,24.0,Male,4.8,3.0
ORD101228,2023-04-23,North,Store_10,Groceries,30.58,2,0.0,61.16,61.16,34.97,26.19,Credit Card,Returning,34.0,Female,4.2,5.0
ORD104572,2023-12-28,West,Store_18,Sports,77.05,3,0.0,369.84,369.84,177.75,192.09,Mobile Wallet,Returning,30.0,Female,2.2,6.0
ORD105353,2023-12-11,North,Store_13,Home & Living,403.69,1,0.0,645.9,645.9,299.05,346.85,Mobile Wallet,Returning,26.0,Male,5.0,3.0
ORD100171,2023-03-07,Central,Store_13,Clothing,77.92,1,0.0,77.92,77.92,41.94,35.98,Debit Card,Returning,52.0,Male,3.3,3.0
ORD102474,2023-03-18,East,Store_09,Electronics,347.08,2,10.0,694.16,624.74,425.97,198.77,Cash,Returning,39.0,Male,4.9,2.0
ORD103153,2024-08-01,West,Store_15,Beauty,10.46,1,0.0,10.46,10.46,6.5,3.96,Bank Transfer,New,19.0,Male,5.0,3.0
ORD101003,2024-10-09,East,Store_12,Electronics,1112.49,1,0.0,1112.49,1112.49,591.72,520.77,Cash,VIP,53.0,Male,4.3,6.0
ORD102626,2024-12-15,East,Store_14,Home & Living,247.08,1,0.0,395.33,395.33,246.56,148.77,Mobile Wallet,New,37.0,Female,3.3,2.0
ORD105408,2024-02-13,North,Store_19,Home & Living,218.24,5,0.0,1091.2,1091.2,513.41,577.79,Bank Transfer,VIP,52.0,Female,,1.0
ORD104344,2023-10-01,South,Store_15,Clothing,138.17,4,0.0,552.68,552.68,305.55,247.13,Bank Transfer,Returning,31.0,Male,,2.0
ORD103752,2024-12-02,Central,Store_18,Electronics,299.18,5,0.0,2393.44,2393.44,1542.14,851.3,Cash,New,29.0,Female,4.6,6.0
ORD102498,2023-01-24,West,Store_17,Groceries,19.86,1,0.0,19.86,19.86,10.55,9.31,Credit Card,New,30.0,Female,3.6,
ORD100250,2023-05-12,Central,Store_16,Beauty,112.86,4,25.0,451.44,338.58,243.1,95.48,Credit Card,New,37.0,Female,3.9,5.0
ORD102373,2023-10-18,Central,Store_06,Electronics,1042.12,1,0.0,1042.12,1042.12,729.61,312.51,Credit Card,Returning,34.0,Male,2.8,3.0
ORD103250,2023-09-05,East,Store_17,Groceries,35.44,1,0.0,35.44,35.44,25.26,10.18,Credit Card,New,51.0,Female,3.6,5.0
ORD102755,2024-09-28,South,Store_11,Home & Living,146.7,1,0.0,146.7,146.7,86.3,60.4,Bank Transfer,VIP,16.0,Female,4.4,7.0
ORD100048,2024-05-09,South,Store_09,Home & Living,209.82,2,15.0,419.64,356.69,246.19,110.5,Bank Transfer,New,40.0,Female,5.0,3.0
ORD100111,2024-07-23,East,Store_09,Electronics,193.3,1,0.0,231.96,231.96,155.2,76.76,Bank Transfer,New,28.0,Male,4.2,3.0
ORD101791,2024-10-05,Central,Store_04,Groceries,52.2,1,0.0,52.2,52.2,37.4,14.8,Credit Card,Returning,37.0,Female,3.9,6.0
ORD100950,2023-03-10,West,Store_09,Beauty,11.89,1,,11.89,10.7,6.98,3.72,Credit Card,VIP,57.0,Male,,4.0
ORD100193,2023-09-22,South,Store_18,Home & Living,134.68,1,0.0,134.68,134.68,91.94,42.74,Debit Card,New,47.0,Female,3.5,3.0
ORD105560,2023-12-14,East,Store_10,Groceries,26.99,2,0.0,86.37,86.37,62.2,24.17,Debit Card,New,27.0,Male,4.5,6.0
ORD100612,2024-07-26,East,Store_16,Clothing,121.1,1,0.0,145.32,145.32,99.49,45.83,Credit Card,New,25.0,Female,3.6,3.0
ORD105142,2024-04-25,Central,Store_10,Beauty,132.91,1,0.0,132.91,132.91,76.64,56.27,Debit Card,New,41.0,Female,4.8,5.0
ORD104734,2024-08-27,North,Store_08,Clothing,84.24,1,0.0,84.24,84.24,60.52,23.72,Debit Card,New,51.0,Male,5.0,4.0
ORD100152,2024-10-31,South,Store_12,Electronics,191.42,1,15.0,191.42,162.71,93.96,68.75,Credit Card,Returning,41.0,Male,5.0,3.0
ORD100109,2024-05-29,North,Store_18,Sports,238.48,2,0.0,476.96,476.96,332.57,144.39,Cash,New,45.0,Female,5.0,1.0
ORD102185,2023-07-31,Central,Store_13,Groceries,16.62,1,0.0,19.94,19.94,12.45,7.49,Bank Transfer,VIP,20.0,Female,5.0,0.0
ORD100672,2024-04-09,Central,Store_08,Groceries,22.55,1,0.0,22.55,22.55,15.49,7.06,Mobile Wallet,VIP,20.0,Female,3.8,5.0
ORD104823,2024-12-12,Central,Store_05,Clothing,186.24,1,0.0,297.98,297.98,203.35,94.63,Bank Transfer,New,32.0,Other,2.4,
ORD105206,2024-05-30,South,Store_14,Groceries,8.57,1,0.0,8.57,8.57,5.05,3.52,Cash,VIP,45.0,Male,3.7,0.0
ORD105303,2023-11-03,North,Store_20,Electronics,305.36,2,10.0,977.15,879.43,516.79,362.64,Cash,VIP,23.0,Male,4.8,4.0
ORD102937,2024-06-10,East,Store_11,Electronics,1131.73,1,0.0,1358.08,1358.08,749.85,608.23,Bank Transfer,VIP,42.0,Other,4.0,3.0
ORD102496,2024-08-07,South,Store_05,Clothing,85.45,1,5.0,85.45,81.18,48.86,32.32,Debit Card,New,61.0,Male,4.8,6.0
ORD103988,2023-10-31,East,Store_18,Electronics,670.84,2,25.0,1341.68,1006.26,634.47,371.79,Debit Card,VIP,39.0,Female,5.0,1.0
ORD103201,2024-10-28,South,Store_18,Clothing,16.76,1,15.0,16.76,14.25,10.13,4.12,Mobile Wallet,VIP,30.0,Male,3.9,5.0
ORD104183,2024-09-14,South,Store_13,Home & Living,499.61,1,0.0,499.61,499.61,259.33,240.28,Cash,VIP,54.0,Female,3.6,1.0
ORD101440,2024-07-23,East,Store_05,Electronics,667.49,1,5.0,800.99,760.94,350.88,410.06,Mobile Wallet,Returning,16.0,Male,4.5,5.0
ORD101308,2023-10-30,West,Store_06,Groceries,26.43,1,10.0,26.43,23.79,10.8,12.99,Bank Transfer,New,28.0,Female,3.2,3.0
ORD101157,2024-09-12,North,Store_05,Electronics,1177.6,1,0.0,1177.6,1177.6,794.5,383.1,Credit Card,New,33.0,Female,3.4,5.0
ORD104368,2024-11-07,East,Store_01,Home & Living,310.96,1,10.0,497.54,447.79,248.96,198.83,Bank Transfer,Returning,,Male,4.0,1.0
ORD104507,2024-03-04,West,Store_10,Sports,57.51,1,10.0,57.51,51.76,33.36,18.4,Cash,Returning,35.0,Female,3.8,3.0
ORD101585,2023-08-20,South,Store_16,Home & Living,421.89,2,0.0,843.78,843.78,595.66,248.12,Credit Card,Returning,44.0,Male,5.0,3.0
ORD102940,2024-06-06,West,Store_17,Clothing,42.47,2,10.0,101.93,91.74,56.8,34.94,Debit Card,VIP,30.0,Male,3.7,5.0
ORD103675,2023-11-12,North,Store_18,Clothing,187.93,1,0.0,300.69,300.69,169.34,131.35,Bank Transfer,Returning,59.0,Female,2.7,5.0
ORD104941,2023-11-22,South,Store_15,Electronics,847.81,1,25.0,1356.5,1017.38,631.47,385.91,Mobile Wallet,New,58.0,Male,2.6,2.0
ORD102116,2024-12-02,East,Store_07,Sports,60.04,1,10.0,96.06,86.45,57.14,29.31,Bank Transfer,VIP,42.0,Female,,2.0
ORD103631,2024-02-03,Central,Store_14,Home & Living,336.55,2,0.0,673.1,673.1,306.46,366.64,Debit Card,VIP,62.0,Male,4.4,5.0
ORD101900,2024-01-26,North,Store_08,Groceries,52.95,2,0.0,105.9,105.9,57.25,48.65,Credit Card,New,47.0,Female,4.3,2.0
ORD105204,2024-01-17,North,Store_05,Groceries,10.03,1,0.0,10.03,10.03,6.2,3.83,Mobile Wallet,New,40.0,Female,5.0,4.0
ORD103368,2023-11-06,East,Store_05,Sports,19.13,1,15.0,30.61,26.02,15.88,10.14,Credit Card,VIP,51.0,Female,4.3,0.0
ORD105834,2023-07-06,East,Store_02,Groceries,4.88,1,10.0,5.86,5.27,2.45,2.82,Bank Transfer,New,29.0,Female,4.5,4.0
ORD105505,2024-09-03,South,Store_02,Electronics,862.04,1,0.0,862.04,862.04,537.57,324.47,Debit Card,Returning,30.0,Female,2.7,3.0
ORD101586,2024-08-23,South,Store_07,Clothing,34.03,2,0.0,68.06,68.06,36.93,31.13,Bank Transfer,Returning,,Female,3.4,7.0
ORD103624,2024-08-30,North,Store_13,Clothing,50.98,1,0.0,50.98,50.98,25.06,25.92,Credit Card,New,49.0,Male,3.5,
ORD100882,2023-11-24,West,Store_11,Clothing,187.07,1,10.0,299.31,269.38,145.8,123.58,Bank Transfer,VIP,18.0,Male,,4.0
ORD103784,2024-12-19,North,Store_12,Beauty,49.34,1,25.0,78.94,59.21,30.75,28.46,Debit Card,Returning,45.0,Female,3.5,3.0
ORD100567,2023-07-02,Central,Store_15,Electronics,808.0,1,0.0,969.6,969.6,581.85,387.75,Credit Card,Returning,44.0,Male,4.0,2.0
ORD104171,2023-07-12,East,Store_13,Groceries,47.57,2,,114.17,85.63,57.98,27.65,Credit Card,Returning,37.0,Female,2.7,0.0
ORD103253,2023-09-29,North,Store_06,Electronics,821.93,2,0.0,1643.86,1643.86,1103.23,540.63,Bank Transfer,Returning,39.0,Male,4.6,4.0
ORD105306,2023-10-15,North,Store_11,Groceries,8.13,2,10.0,16.26,14.63,8.56,6.07,Bank Transfer,New,16.0,Female,5.0,2.0
ORD102936,2024-07-14,South,Store_12,Electronics,685.07,1,0.0,822.08,822.08,504.33,317.75,Bank Transfer,New,29.0,Male,5.0,8.0
ORD103480,2024-08-06,East,Store_02,Electronics,117.96,2,10.0,235.92,212.33,115.32,97.01,Credit Card,Returning,50.0,Male,4.8,4.0
ORD100315,2024-04-26,Central,Store_08,Groceries,21.61,1,0.0,21.61,21.61,10.97,10.64,Mobile Wallet,VIP,,,,0.0
ORD100572,2023-07-26,North,Store_04,Clothing,88.45,1,15.0,106.14,90.22,46.14,44.08,Bank Transfer,Returning,45.0,Male,4.9,5.0
ORD103894,2024-03-20,East,Store_11,Groceries,59.16,1,20.0,59.16,47.33,33.82,13.51,Cash,Returning,26.0,Male,4.4,4.0
ORD102376,2024-09-15,West,Store_12,Home & Living,152.63,3,0.0,457.89,457.89,228.38,229.51,Debit Card,New,20.0,Male,3.9,5.0
ORD102258,2023-01-01,East,Store_05,Electronics,397.81,2,5.0,795.62,755.84,478.9,276.94,Debit Card,Returning,16.0,Female,4.6,5.0
ORD104488,2024-04-30,East,Store_18,Groceries,5.01,2,0.0,10.02,10.02,5.81,4.21,Bank Transfer,VIP,43.0,Female,5.0,3.0
ORD102219,2023-05-21,West,Store_19,Sports,215.54,1,0.0,215.54,215.54,134.73,80.81,Debit Card,New,49.0,Male,2.5,3.0
ORD101583,2023-10-30,North,Store_19,Electronics,145.7,1,5.0,145.7,138.41,95.27,43.14,Credit Card,New,32.0,Other,3.6,3.0
ORD101763,2024-03-15,East,Store_14,Electronics,446.4,1,0.0,446.4,446.4,238.88,207.52,Mobile Wallet,VIP,25.0,Male,4.2,3.0
ORD104417,2023-04-25,West,Store_16,Electronics,1083.84,1,0.0,1083.84,1083.84,673.65,410.19,Debit Card,New,38.0,Female,2.7,4.0
ORD103683,2024-02-21,North,Store_05,Groceries,2.14,1,0.0,2.14,2.14,1.12,1.02,Cash,Returning,46.0,Female,5.0,2.0
ORD104943,2024-09-22,West,Store_13,Groceries,5.09,1,0.0,5.09,5.09,3.4,1.69,Debit Card,New,36.0,Male,5.0,1.0
ORD101141,2023-09-05,North,Store_14,Electronics,753.24,2,0.0,1506.48,1506.48,750.21,756.27,Mobile Wallet,New,42.0,Female,4.6,0.0
ORD105936,2023-04-26,South,Store_09,Electronics,1110.1,2,0.0,2220.2,2220.2,1654.77,565.43,Credit Card,VIP,16.0,Female,4.7,2.0
ORD104967,2023-09-04,North,Store_14,Groceries,30.95,2,0.0,61.9,61.9,35.74,26.16,Debit Card,Returning,23.0,Female,4.4,4.0
ORD105889,2023-07-27,East,Store_16,Groceries,6.03,1,15.0,7.24,6.15,3.29,2.86,Mobile Wallet,VIP,63.0,Male,3.6,3.0
ORD101680,2024-11-19,West,Store_01,Groceries,29.3,4,0.0,187.52,187.52,138.36,49.16,Cash,Returning,37.0,Other,,3.0
ORD105261,2023-03-02,East,Store_02,Groceries,39.4,2,0.0,78.8,78.8,47.33,31.47,Credit Card,VIP,28.0,Male,4.3,7.0
ORD104005,2024-11-26,South,Store_19,Clothing,31.98,1,0.0,51.17,51.17,36.34,14.83,Bank Transfer,New,40.0,Female,4.6,5.0
ORD102015,2023-08-21,Central,Store_02,Clothing,117.55,1,0.0,117.55,117.55,78.03,39.52,Bank Transfer,VIP,63.0,Female,3.4,
ORD102494,2023-11-02,North,Store_07,Electronics,686.69,1,5.0,1098.7,1043.76,515.28,528.48,Debit Card,Returning,67.0,Male,4.7,3.0
ORD100929,2024-02-26,North,Store_06,Sports,14.16,1,10.0,14.16,12.74,7.11,5.63,Credit Card,Returning,49.0,Other,4.8,3.0
ORD100748,2023-08-17,West,Store_08,Beauty,138.81,1,0.0,138.81,138.81,91.7,47.11,Cash,New,19.0,Male,3.9,5.0
ORD103476,2024-02-04,South,Store_11,GROCERIES,38.41,1,0.0,38.41,38.41,20.42,17.99,Mobile Wallet,New,16.0,Female,4.0,4.0
ORD100623,2023-11-01,North,Store_19,Electronics,450.59,2,10.0,1441.89,1297.7,785.83,511.87,Mobile Wallet,New,45.0,Female,3.7,
ORD105747,2023-07-02,West,Store_01,Groceries,21.8,5,0.0,130.8,130.8,75.69,55.11,Bank Transfer,New,44.0,Female,4.4,5.0
ORD104191,2023-09-08,East,Store_11,Clothing,114.77,3,0.0,344.31,344.31,232.24,112.07,Credit Card,VIP,50.0,Male,5.0,0.0
ORD104096,2024-01-27,South,Store_11,Groceries,58.29,1,0.0,58.29,58.29,41.26,17.03,Cash,Returning,53.0,Female,3.3,5.0
ORD102614,2023-03-18,South,Store_17,Sports,240.57,2,5.0,481.14,457.08,212.71,244.37,Debit Card,New,44.0,Female,,3.0
ORD101057,2024-07-17,Central,Store_04,Beauty,73.61,2,20.0,176.66,141.33,63.72,77.61,Credit Card,VIP,46.0,Female,4.9,6.0
ORD101064,2024-07-03,South,Store_06,Beauty,66.28,4,15.0,318.14,270.42,183.3,87.12,Bank Transfer,Returning,24.0,Other,2.5,1.0
ORD103969,2024-03-27,North,Store_01,Home & Living,482.77,1,0.0,482.77,482.77,300.69,182.08,Debit Card,VIP,19.0,Female,2.9,2.0
ORD105812,2023-08-07,East,Store_16,Groceries,46.19,4,0.0,184.76,184.76,137.19,47.57,Cash,VIP,34.0,Female,5.0,1.0
ORD105180,2024-09-15,North,Store_09,Electronics,281.82,1,0.0,281.82,281.82,171.55,110.27,Bank Transfer,VIP,45.0,Other,2.9,5.0
ORD102125,2023-07-06,East,Store_14,Clothing,186.72,2,15.0,448.13,380.91,256.41,124.5,Cash,Returning,47.0,Male,3.5,2.0
ORD102222,2023-01-20,North,Store_13,Sports,76.42,1,,76.42,68.78,39.33,29.45,Credit Card,Returning,41.0,Female,4.3,1.0
ORD104630,2023-04-18,West,Store_07,Clothing,68.16,1,10.0,68.16,61.34,41.4,19.94,Bank Transfer,VIP,26.0,Female,4.4,4.0
ORD100479,2023-03-21,North,Store_20,Clothing,122.6,1,5.0,122.6,116.47,57.15,59.32,Debit Card,Returning,35.0,Female,3.9,3.0
ORD100229,2023-05-10,East,Store_07,Groceries,22.79,1,0.0,22.79,22.79,15.36,7.43,Debit Card,New,50.0,Female,4.0,0.0
ORD103725,2024-12-23,South,Store_08,Groceries,18.79,1,0.0,30.06,30.06,18.97,11.09,Debit Card,New,38.0,Female,3.8,2.0
ORD105070,2024-10-25,West,Store_18,Clothing,85.58,1,0.0,85.58,85.58,53.29,32.29,Debit Card,VIP,55.0,Male,5.0,0.0
ORD102370,2023-02-02,West,Store_20,Clothing,42.83,2,0.0,85.66,85.66,40.09,45.57,Bank Transfer,Returning,31.0,Male,4.3,5.0
ORD104617,2024-03-12,Central,Store_08,Electronics,362.46,1,,362.46,362.46,198.07,164.39,Bank Transfer,VIP,,Female,4.3,3.0
ORD102395,2024-04-23,South,Store_05,Sports,142.41,2,5.0,284.82,270.58,136.44,134.14,Cash,Returning,16.0,Male,3.0,4.0
ORD104510,2023-08-07,South,Store_07,Sports,268.47,1,0.0,268.47,268.47,128.4,140.07,Debit Card,New,54.0,Male,3.0,3.0
ORD102004,2024-08-05,South,Store_17,Beauty,19.41,1,,19.41,19.41,13.38,6.03,Mobile Wallet,VIP,27.0,Male,4.2,5.0
ORD105944,2023-07-05,West,Store_18,Clothing,116.63,1,10.0,139.96,125.96,94.31,31.65,Credit Card,New,42.0,Female,4.0,7.0
ORD101229,2023-07-30,West,Store_06,Clothing,53.52,1,5.0,64.22,61.01,32.79,28.22,Bank Transfer,VIP,56.0,Male,4.3,0.0
ORD103009,2024-08-15,Central,Store_16,Groceries,8.58,4,0.0,34.32,34.32,16.93,17.39,Cash,New,41.0,,4.4,2.0
ORD104494,2023-08-13,North,Store_18,Electronics,462.75,2,0.0,925.5,925.5,574.44,351.06,Debit Card,VIP,,Female,4.1,0.0
ORD101537,2023-03-22,East,Store_04,Clothing,86.24,2,0.0,172.48,172.48,116.92,55.56,Credit Card,Returning,42.0,Female,5.0,7.0
ORD100594,2023-08-23,North,Store_03,Clothing,50.41,1,0.0,50.41,50.41,24.03,26.38,Bank Transfer,New,48.0,Male,4.9,0.0
ORD105534,2023-03-06,North,Store_13,Groceries,4.68,1,0.0,4.68,4.68,2.4,2.28,Credit Card,New,35.0,Female,3.3,4.0
ORD105909,2024-01-14,North,Store_13,Sports,183.46,1,0.0,183.46,183.46,133.52,49.94,Debit Card,New,,Other,3.8,5.0
ORD102943,2023-05-18,North,Store_10,Sports,15.93,1,0.0,15.93,15.93,7.7,8.23,Bank Transfer,Returning,52.0,Male,4.3,6.0
ORD102247,2023-05-09,Central,Store_07,Home & Living,273.07,1,5.0,273.07,259.42,149.42,110.0,Cash,VIP,53.0,Female,3.7,1.0
ORD104975,2024-08-08,North,Store_17,Beauty,93.74,1,0.0,93.74,93.74,56.66,37.08,Credit Card,Returning,26.0,Male,3.6,5.0
ORD102922,2023-04-01,West,Store_10,Clothing,177.22,4,25.0,708.88,531.66,290.22,241.44,Credit Card,Returning,35.0,Male,,3.0
ORD101674,2024-06-07,South,Store_16,Groceries,17.09,1,15.0,20.51,17.43,8.76,8.67,Mobile Wallet,New,50.0,Female,3.1,2.0
ORD103397,2024-12-02,East,Store_07,Electronics,61.65,2,10.0,197.28,177.55,93.42,84.13,Bank Transfer,Returning,26.0,Female,2.6,
ORD105679,2023-02-03,West,Store_18,Groceries,27.94,1,10.0,27.94,25.15,12.44,12.71,Credit Card,Returning,50.0,Male,3.7,2.0
ORD104091,2023-01-31,Central,Store_10,Electronics,394.47,2,0.0,788.94,788.94,380.73,408.21,Cash,Returning,44.0,Male,4.7,2.0
ORD103498,2023-03-31,East,Store_03,Beauty,65.58,2,0.0,131.16,131.16,59.43,71.73,Bank Transfer,New,23.0,Female,2.4,5.0
ORD101343,2024-02-24,Central,Store_04,Electronics,457.2,2,0.0,914.4,914.4,607.57,306.83,Credit Card,Returning,36.0,Male,,4.0
ORD105453,2024-07-26,South,Store_01,Clothing,134.98,1,15.0,161.98,137.68,64.88,72.8,Credit Card,Returning,56.0,Other,2.7,6.0
ORD104115,2023-12-13,West,Store_03,Home & Living,224.17,1,0.0,358.67,358.67,262.65,96.02,Mobile Wallet,New,39.0,Male,3.0,6.0
ORD100799,2023-11-19,North,Store_15,Electronics,889.76,4,0.0,5694.46,5694.46,4190.81,1503.65,Cash,New,25.0,Female,4.5,2.0
ORD100280,2023-07-21,West,Store_10,Sports,68.48,1,5.0,82.18,78.07,42.6,35.47,Credit Card,Returning,36.0,Female,5.0,3.0
ORD101483,2023-03-23,East,Store_17,Groceries,36.59,1,0.0,36.59,36.59,20.62,15.97,Cash,New,38.0,Female,3.7,2.0
ORD100731,2023-11-02,East,Store_09,Beauty,81.15,3,5.0,389.52,370.04,168.27,201.77,Cash,Returning,40.0,Female,4.7,3.0
ORD103425,2024-12-16,South,Store_09,Electronics,351.08,2,5.0,1123.46,1067.29,691.79,375.5,Credit Card,Returning,38.0,Female,5.0,5.0
ORD103447,2024-02-16,North,Store_06,Clothing,165.42,2,25.0,330.84,248.13,157.06,91.07,Cash,Returning,39.0,Other,2.7,4.0
ORD102831,2024-08-03,South,Store_14,Beauty,56.29,1,0.0,56.29,56.29,28.54,27.75,Debit Card,New,34.0,Female,3.9,2.0
ORD103384,2024-08-05,East,Store_18,Groceries,42.09,3,0.0,126.27,126.27,61.67,64.6,Credit Card,New,36.0,Male,5.0,3.0
ORD101129,2024-04-18,West,Store_03,Groceries,58.88,2,0.0,117.76,117.76,67.72,50.04,Mobile Wallet,Returning,52.0,Female,3.0,8.0
ORD102837,2024-10-18,North,Store_14,Electronics,350.01,1,0.0,350.01,350.01,169.57,180.44,Mobile Wallet,New,45.0,Female,3.2,5.0
ORD101497,2024-07-23,Central,Store_06,Sports,136.33,3,25.0,490.79,368.09,224.81,143.28,Cash,VIP,57.0,Female,4.9,6.0
ORD102957,2023-12-21,North,Store_08,Electronics,426.5,1,0.0,682.4,682.4,379.98,302.42,Credit Card,Returning,39.0,Female,4.6,4.0
ORD103300,2024-04-09,East,Store_16,Home & Living,263.46,1,5.0,263.46,250.29,126.0,124.29,Cash,New,57.0,Male,4.3,4.0
ORD102642,2023-05-29,North,Store_07,Clothing,95.65,1,0.0,95.65,95.65,56.04,39.61,Mobile Wallet,Returning,16.0,Female,2.3,3.0
ORD105456,2023-04-27,North,Store_05,Groceries,27.08,1,10.0,27.08,24.37,14.58,9.79,Mobile Wallet,New,52.0,Female,2.7,1.0
ORD100180,2024-11-15,West,Store_07,Electronics,270.93,1,0.0,433.49,433.49,263.78,169.71,Credit Card,VIP,32.0,Male,4.1,4.0
ORD100024,2024-07-24,North,Store_03,Home & Living,295.83,1,0.0,355.0,355.0,262.66,92.34,Bank Transfer,New,39.0,Male,2.5,
ORD102039,2023-11-25,East,Store_16,Electronics,995.43,1,10.0,1592.69,1433.42,897.53,535.89,Bank Transfer,New,46.0,Other,2.9,8.0
ORD105129,2024-03-16,Central,Store_01,Home & Living,198.71,1,0.0,198.71,198.71,89.6,109.11,Credit Card,Returning,25.0,,5.0,5.0
ORD103473,2024-10-08,West,Store_06,Beauty,117.72,1,0.0,117.72,117.72,82.38,35.34,Cash,Returning,51.0,Male,4.3,5.0
ORD102639,2024-09-14,South,Store_04,Electronics,1085.74,1,0.0,1085.74,1085.74,626.57,459.17,Debit Card,VIP,44.0,Female,3.3,5.0
ORD101682,2023-01-26,Central,Store_12,Groceries,4.28,1,0.0,4.28,4.28,2.43,1.85,Credit Card,VIP,20.0,Female,2.8,3.0
ORD104357,2023-07-07,North,Store_17,Beauty,61.72,3,0.0,222.19,222.19,126.74,95.45,Bank Transfer,New,46.0,Male,3.8,
ORD100431,2024-06-23,South,Store_03,Groceries,5.65,2,0.0,13.56,13.56,7.79,5.77,Bank Transfer,New,31.0,Male,3.2,5.0
ORD102843,2023-12-19,East,Store_03,Beauty,16.79,1,5.0,26.86,25.52,18.01,7.51,Debit Card,VIP,40.0,Male,3.7,6.0
ORD100569,2024-02-21,North,Store_01,Groceries,9.11,1,0.0,9.11,9.11,4.72,4.39,Bank Transfer,Returning,67.0,Female,1.9,3.0
ORD102827,2024-11-19,North,Store_11,Electronics,1096.27,3,0.0,5262.1,5262.1,3498.56,1763.54,Credit Card,Returning,34.0,Other,,4.0
ORD101905,2023-06-28,East,Store_09,Home & Living,170.06,2,20.0,408.14,326.51,193.36,133.15,Credit Card,Returning,34.0,Male,5.0,1.0
ORD104074,2023-08-25,North,Store_16,Clothing,98.69,1,0.0,98.69,98.69,45.98,52.71,Mobile Wallet,New,33.0,Male,5.0,4.0
ORD103060,2023-07-01,North,Store_17,Clothing,56.91,2,20.0,136.58,109.26,50.61,58.65,Credit Card,Returning,39.0,Female,3.8,3.0
ORD105528,2023-01-20,West,Store_02,Home & Living,209.54,1,0.0,209.54,209.54,135.89,73.65,Mobile Wallet,New,,Female,2.9,3.0
ORD104733,2023-07-12,North,Store_17,Home & Living,160.37,1,0.0,192.44,192.44,138.02,54.42,Bank Transfer,VIP,43.0,Male,3.8,4.0
ORD102503,2023-03-20,North,Store_03,Electronics,0.0,2,0.0,1977.42,1977.42,1437.27,540.15,Bank Transfer,VIP,20.0,Male,,5.0
ORD105315,2024-02-17,Central,Store_01,Electronics,287.0,1,20.0,287.0,229.6,123.89,105.71,Debit Card,Returning,37.0,Other,5.0,2.0
ORD105120,2024-08-18,North,Store_12,Beauty,65.91,1,10.0,65.91,59.32,33.35,25.97,Mobile Wallet,New,16.0,Male,3.8,4.0
ORD101365,2023-01-13,Central,Store_03,Groceries,19.86,4,0.0,79.44,79.44,37.18,42.26,Credit Card,Returning,25.0,Other,4.8,4.0
ORD104724,2023-08-01,South,Store_10,Clothing,57.47,2,0.0,114.94,114.94,73.41,41.53,Mobile Wallet,VIP,32.0,Male,4.5,2.0
ORD102996,2023-08-09,East,Store_08,Home & Living,210.18,2,0.0,420.36,420.36,235.52,184.84,Debit Card,VIP,32.0,Male,3.5,4.0
ORD102554,2024-12-17,East,Store_06,Electronics,56.07,1,25.0,89.71,67.28,41.2,26.08,Debit Card,Returning,47.0,Male,3.4,7.0
ORD105041,2023-04-30,South,Store_05,Sports,286.96,1,10.0,286.96,258.26,131.11,127.15,Credit Card,Returning,45.0,Male,2.9,1.0
ORD104623,2023-02-27,North,Store_15,Groceries,22.46,1,15.0,22.46,19.09,9.63,9.46,Credit Card,Returning,44.0,Male,3.7,0.0
ORD102405,2024-08-27,North,Store_14,Home & Living,429.26,1,10.0,429.26,386.33,272.56,113.77,Credit Card,New,57.0,Male,4.9,1.0
ORD103635,2023-12-11,Central,Store_12,Groceries,54.39,1,5.0,87.02,82.67,46.57,36.1,Debit Card,Returning,43.0,Male,4.4,2.0
ORD105535,2024-05-08,West,Store_16,Electronics,940.36,1,0.0,940.36,940.36,448.67,491.69,Cash,Returning,35.0,Male,2.3,3.0
ORD105973,2023-02-14,West,Store_09,Groceries,49.14,1,0.0,49.14,49.14,22.21,26.93,Cash,New,61.0,Female,5.0,6.0
ORD100132,2023-03-08,Central,Store_13,Groceries,14.26,4,0.0,57.04,57.04,28.78,28.26,Bank Transfer,Returning,25.0,Female,4.3,1.0
ORD104679,2023-02-20,South,Store_06,Electronics,227.79,1,5.0,227.79,216.4,140.58,75.82,Mobile Wallet,Returning,20.0,Female,5.0,3.0
ORD102941,2024-11-14,Central,Store_13,Sports,43.37,2,0.0,138.78,138.78,94.06,44.72,Bank Transfer,Returning,16.0,Male,3.5,1.0
ORD102491,2023-07-13,North,Store_05,Clothing,53.43,2,0.0,128.23,128.23,89.72,38.51,Bank Transfer,VIP,36.0,Female,3.8,6.0
ORD101795,2023-05-28,North,Store_09,Clothing,156.98,1,,156.98,133.43,88.72,44.71,Mobile Wallet,New,16.0,Other,5.0,0.0
ORD102028,2024-01-19,East,Store_14,Groceries,26.85,1,0.0,26.85,26.85,13.77,13.08,Credit Card,Returning,34.0,Female,3.0,7.0
ORD100264,2024-12-23,South,Store_10,Groceries,38.13,1,10.0,61.01,54.91,26.95,27.96,Mobile Wallet,New,49.0,Male,3.5,5.0
ORD101096,2024-09-01,South,Store_09,Clothing,31.09,4,0.0,124.36,124.36,88.82,35.54,Cash,New,,Male,3.9,4.0
ORD102451,2024-10-11,North,Store_17,Clothing,51.02,4,0.0,204.08,204.08,107.12,96.96,Debit Card,VIP,45.0,Male,5.0,0.0
ORD102956,2023-03-14,North,Store_19,Groceries,44.54,1,0.0,44.54,44.54,25.64,18.9,Debit Card,Returning,44.0,Female,3.3,3.0
ORD102684,2024-01-04,West,Store_10,Sports,31.51,2,15.0,63.02,53.57,33.0,20.57,Mobile Wallet,New,37.0,Male,3.4,3.0
ORD103090,2023-09-08,North,Store_03,Groceries,15.91,2,5.0,31.82,30.23,14.3,15.93,Debit Card,Returning,16.0,Male,5.0,3.0
ORD102853,2023-03-07,South,Store_20,Electronics,65.27,1,10.0,65.27,58.74,35.04,23.7,Bank Transfer,Returning,26.0,Female,3.2,4.0
ORD105803,2024-11-10,North,Store_16,Clothing,100.78,1,15.0,161.25,137.06,88.97,48.09,Mobile Wallet,Returning,16.0,Male,4.7,5.0
ORD103409,2023-12-12,West,Store_01,Clothing,120.44,1,0.0,192.7,192.7,89.0,103.7,Cash,New,46.0,Female,3.0,5.0
ORD101189,2023-01-06,East,Store_05,Groceries,8.71,2,0.0,17.42,17.42,12.56,4.86,Cash,Returning,34.0,Female,3.3,3.0
ORD101374,2024-10-09,North,Store_14,Groceries,59.07,5,0.0,295.35,295.35,138.93,156.42,Credit Card,New,22.0,Female,5.0,3.0
ORD100426,2024-09-22,East,Store_04,Beauty,95.47,4,15.0,381.88,324.6,166.98,157.62,Debit Card,New,56.0,Male,3.2,3.0
ORD105681,2024-07-28,South,Store_19,Home & Living,465.27,2,5.0,1116.65,1060.82,639.16,421.66,Debit Card,VIP,26.0,Female,,4.0
ORD102717,2024-05-18,West,Store_16,Electronics,153.23,4,,612.92,612.92,338.71,274.21,Cash,Returning,47.0,Female,4.0,2.0
ORD104367,2023-04-14,West,Store_14,Electronics,416.0,1,0.0,416.0,416.0,200.4,215.6,Debit Card,New,28.0,Female,5.0,7.0
ORD102334,2024-02-08,South,Store_20,Sports,221.22,2,0.0,442.44,442.44,271.41,171.03,Cash,VIP,63.0,Male,3.3,6.0
ORD102759,2023-11-10,Central,Store_07,Electronics,481.78,2,10.0,1541.7,1387.53,1002.76,384.77,Debit Card,Returning,16.0,Male,4.3,4.0
ORD105727,2023-03-18,West,Store_02,Home & Living,405.99,1,25.0,405.99,304.49,161.37,143.12,Mobile Wallet,New,42.0,Female,3.9,4.0
ORD102299,2024-10-13,North,Store_11,Home & Living,124.71,1,5.0,124.71,118.47,60.94,57.53,Debit Card,VIP,30.0,Male,,1.0
ORD104287,2024-08-11,East,Store_07,Electronics,110.11,1,5.0,110.11,104.6,56.61,47.99,Mobile Wallet,VIP,19.0,Male,,5.0
ORD101644,2023-04-07,Central,Store_12,Groceries,28.53,2,5.0,57.06,789.8545228954231,35.43,150.30343008278126,Bank Transfer,New,39.0,Female,4.8,2.0
ORD101925,2023-04-07,East,Store_14,Groceries,33.03,2,0.0,66.06,66.06,45.42,20.64,Mobile Wallet,Returning,35.0,Male,2.8,4.0
ORD104295,2024-12-26,South,Store_05,Groceries,32.38,2,0.0,103.62,103.62,67.4,36.22,Mobile Wallet,Returning,32.0,Female,3.8,
ORD102930,2023-05-08,West,Store_19,Electronics,449.47,1,10.0,449.47,404.52,258.19,146.33,Cash,New,16.0,Male,4.8,4.0
ORD105282,2024-08-26,North,Store_08,Electronics,561.57,1,0.0,561.57,561.57,385.64,175.93,Credit Card,Returning,24.0,Female,4.2,1.0
ORD100841,2024-04-24,East,Store_11,Clothing,45.01,1,0.0,45.01,45.01,23.33,21.68,Credit Card,New,63.0,Female,3.4,7.0
ORD105974,2024-12-04,West,,Clothing,16.62,1,5.0,26.59,25.26,14.16,11.1,Bank Transfer,New,55.0,Male,3.9,5.0
ORD104059,2024-03-09,East,Store_15,Groceries,31.11,1,10.0,31.11,28.0,17.65,10.35,Debit Card,Returning,24.0,Female,4.6,6.0
ORD104648,2023-08-02,Central,Store_13,Groceries,11.22,1,0.0,11.22,11.22,5.87,5.35,Bank Transfer,Returning,27.0,Male,3.0,3.0
ORD105044,2024-08-12,North,Store_14,Electronics,192.86,2,0.0,385.72,385.72,214.83,170.89,Cash,Returning,28.0,Male,4.8,3.0
ORD100131,2024-02-09,Central,Store_18,Home & Living,427.18,5,5.0,2135.9,2029.1,1381.25,647.85,Debit Card,Returning,37.0,Female,4.4,4.0
ORD101163,2024-01-23,South,Store_13,Sports,37.49,2,0.0,74.98,74.98,34.12,40.86,Cash,New,39.0,,4.4,5.0
ORD104864,2024-10-03,North,Store_08,Groceries,35.16,1,,35.16,28.13,20.46,7.67,Mobile Wallet,New,48.0,Male,4.2,
ORD105194,2023-09-28,West,Store_11,Groceries,8.35,2,0.0,16.7,16.7,11.14,5.56,Debit Card,VIP,21.0,Female,4.9,0.0
ORD100245,2023-03-03,South,Store_02,Electronics,818.26,1,0.0,818.26,818.26,406.41,411.85,Mobile Wallet,New,16.0,Female,4.5,5.0
ORD101435,2023-03-16,East,Store_04,Clothing,21.78,1,10.0,21.78,19.6,14.05,5.55,Bank Transfer,New,63.0,,4.9,4.0
ORD104874,2023-05-20,South,Store_04,Electronics,1017.41,1,0.0,1017.41,1017.41,496.81,520.6,Cash,New,48.0,Female,5.0,5.0
ORD104601,2024-11-23,North,Store_13,Groceries,45.23,2,20.0,144.74,115.79,86.32,29.47,Debit Card,VIP,58.0,Female,3.1,0.0
ORD104195,2023-12-28,West,Store_01,Sports,186.6,1,15.0,298.56,253.78,161.48,92.3,Mobile Wallet,Returning,27.0,Male,5.0,7.0
ORD103826,2023-09-04,South,Store_12,Clothing,117.56,3,10.0,352.68,317.41,154.14,163.27,Credit Card,New,19.0,Male,3.2,8.0
ORD101602,2024-08-25,West,Store_11,Groceries,40.96,1,5.0,40.96,38.91,24.68,14.23,Mobile Wallet,New,39.0,Male,3.9,1.0
ORD100678,2024-01-17,North,Store_01,Electronics,240.41,1,5.0,240.41,228.39,111.01,117.38,Cash,Returning,34.0,Female,4.3,1.0
ORD101291,2024-09-18,West,Store_03,Groceries,55.49,1,0.0,55.49,55.49,36.04,19.45,Bank Transfer,VIP,71.0,Female,3.3,4.0
ORD101875,2023-03-30,West,Store_20,Groceries,31.24,1,10.0,31.24,28.12,19.37,8.75,Credit Card,Returning,30.0,Male,4.0,1.0
ORD105967,2024-03-18,North,Store_08,Groceries,51.79,1,10.0,51.79,46.61,32.12,14.49,Mobile Wallet,Returning,39.0,Female,3.0,3.0
ORD102955,2024-12-27,East,Store_01,Sports,258.8,4,10.0,1656.32,1490.69,815.22,675.47,Debit Card,Returning,24.0,Female,4.2,5.0
ORD101167,2023-10-18,West,Store_01,Electronics,1049.34,2,0.0,2098.68,2098.68,1272.7,825.98,Bank Transfer,VIP,19.0,Male,5.0,2.0
ORD101561,2023-07-05,South,Store_07,Clothing,174.94,1,0.0,209.93,209.93,138.01,71.92,Cash,Returning,34.0,Female,,3.0
ORD102307,2023-04-23,East,Store_13,Home & Living,32.25,1,0.0,32.25,32.25,21.73,10.52,Debit Card,Returning,37.0,Male,5.0,1.0
ORD101704,2024-11-02,North,Store_20,Clothing,55.44,1,5.0,88.7,84.26,54.51,29.75,Cash,Returning,43.0,Female,3.6,5.0
ORD103629,2024-08-28,West,Store_16,Groceries,35.93,3,25.0,107.79,80.84,59.32,21.52,Cash,New,31.0,Male,3.2,4.0
ORD100118,2023-06-29,West,Store_03,Clothing,82.06,1,0.0,98.47,98.47,51.31,47.16,Debit Card,Returning,32.0,Female,4.9,4.0
ORD102712,2024-11-17,South,Store_14,Clothing,23.08,1,0.0,36.93,36.93,24.71,12.22,Bank Transfer,VIP,59.0,Female,2.6,5.0
ORD102483,2023-08-22,North,Store_06,Groceries,47.22,1,0.0,47.22,47.22,34.42,12.8,Credit Card,Returning,45.0,Female,4.4,0.0
ORD103070,2023-11-05,West,Store_10,Clothing,90.79,2,0.0,290.53,290.53,172.84,117.69,Debit Card,Returning,50.0,Male,3.4,0.0
ORD100089,2024-08-30,South,Store_06,Electronics,83.43,1,5.0,83.43,79.26,49.32,29.94,Mobile Wallet,New,27.0,Female,3.4,1.0
ORD104719,2023-04-20,East,Store_07,Electronics,689.08,1,0.0,689.08,689.08,321.0,368.08,Credit Card,VIP,54.0,Male,3.9,7.0
ORD104881,2024-12-29,East,Store_18,Groceries,11.86,1,0.0,18.98,18.98,12.61,6.37,Credit Card,Returning,16.0,Male,3.2,2.0
ORD104205,2024-08-12,East,Store_06,Electronics,770.13,1,15.0,770.13,654.61,410.97,243.64,Credit Card,Returning,40.0,Female,3.7,5.0
ORD104829,2023-12-22,East,Store_09,Home & Living,126.54,5,10.0,1012.32,911.09,425.54,485.55,Mobile Wallet,VIP,46.0,Female,3.1,3.0
ORD101817,2023-07-04,East,Store_17,Groceries,50.14,1,10.0,60.17,54.15,33.18,20.97,Credit Card,New,24.0,Male,4.1,4.0
ORD100588,2024-09-03,East,Store_06,Groceries,23.65,1,0.0,23.65,23.65,16.75,6.9,Cash,New,41.0,Male,3.4,3.0
ORD102236,2023-07-02,Central,Store_13,Groceries,59.11,1,0.0,70.93,70.93,41.18,29.75,Mobile Wallet,Returning,45.0,Female,3.1,2.0
ORD103307,2023-04-09,North,Store_20,Sports,281.76,1,10.0,281.76,253.58,132.26,121.32,Cash,Returning,17.0,Other,3.2,4.0
ORD104524,2024-08-07,East,Store_19,Home & Living,495.04,2,0.0,990.08,990.08,689.72,300.36,Bank Transfer,VIP,39.0,Male,4.1,0.0
ORD101106,2023-06-28,East,Store_09,Sports,68.05,1,15.0,81.66,69.41,40.85,28.56,Cash,New,30.0,Male,4.2,3.0
ORD105925,2023-03-15,West,Store_06,Beauty,38.79,2,0.0,77.58,77.58,47.74,29.84,Cash,VIP,34.0,Female,3.2,2.0
ORD100681,2023-04-11,North,Store_12,Beauty,112.34,1,0.0,112.34,112.34,76.07,36.27,Cash,Returning,16.0,Female,4.0,5.0
ORD100708,2023-12-14,South,Store_15,Home & Living,302.6,2,0.0,968.32,968.32,563.99,404.33,Mobile Wallet,Returning,40.0,Female,3.8,2.0
ORD104549,2024-09-26,East,Store_17,Sports,139.65,1,5.0,139.65,132.67,86.48,46.19,Mobile Wallet,New,31.0,Female,2.9,4.0
ORD102527,2024-11-23,East,Store_11,Home & Living,94.97,1,0.0,151.95,151.95,88.76,63.19,Mobile Wallet,New,30.0,Male,3.4,3.0
ORD101778,2023-08-13,North,Store_19,Groceries,17.79,1,0.0,17.79,17.79,9.7,8.09,Mobile Wallet,New,23.0,Male,,9.0
ORD100412,2023-07-23,Central,Store_11,Groceries,56.81,4,5.0,272.69,259.06,183.2,75.86,Credit Card,New,-5.0,Male,3.2,
ORD102623,2024-11-05,West,Store_10,Clothing,31.8,1,0.0,50.88,50.88,34.85,16.03,Bank Transfer,Returning,34.0,Male,3.9,5.0
ORD105255,2023-09-08,West,Store_15,Groceries,21.12,2,0.0,42.24,42.24,27.37,14.87,Credit Card,VIP,30.0,Male,5.0,4.0
ORD105712,2023-12-05,East,Store_14,Home & Living,420.81,2,0.0,1346.59,1346.59,689.41,657.18,Bank Transfer,New,33.0,Female,3.8,6.0
ORD101289,2024-03-29,Central,Store_05,Clothing,133.23,1,15.0,133.23,113.25,62.35,50.9,Cash,New,58.0,Male,3.7,1.0
ORD104478,2024-09-26,West,Store_14,Electronics,855.34,1,5.0,855.34,812.57,421.88,390.69,Mobile Wallet,Returning,17.0,Female,5.0,2.0
ORD100977,2024-02-22,North,Store_17,Home & Living,152.3,1,5.0,152.3,144.68,96.89,47.79,Bank Transfer,New,36.0,Female,,2.0
ORD101706,2024-12-18,North,Store_02,Beauty,127.66,2,5.0,408.51,388.08,205.81,182.27,Credit Card,New,37.0,Female,,6.0
ORD101546,2024-05-16,West,Store_14,Clothing,62.7,2,0.0,125.4,125.4,88.51,36.89,Bank Transfer,Returning,61.0,Male,3.2,3.0
ORD104083,2024-07-28,North,Store_18,Groceries,52.84,1,0.0,63.41,63.41,41.22,22.19,Cash,Returning,55.0,Male,5.0,5.0
ORD105873,2023-08-23,East,Store_18,Beauty,15.32,5,0.0,76.6,76.6,42.59,34.01,Debit Card,Returning,24.0,Female,3.6,6.0
ORD103918,2023-02-14,Central,Store_12,Electronics,991.99,1,0.0,991.99,991.99,515.62,476.37,Cash,New,25.0,Female,4.6,2.0
ORD104414,2023-12-25,North,Store_12,Clothing,54.58,1,,87.33,87.33,53.39,33.94,Debit Card,Returning,29.0,Female,2.8,3.0
ORD105998,2024-07-03,North,Store_11,Groceries,22.11,1,25.0,26.53,19.9,10.68,9.22,Mobile Wallet,Returning,35.0,Female,4.4,3.0
ORD102911,2023-03-08,South,Store_15,Groceries,31.44,1,5.0,31.44,29.87,13.51,16.36,Mobile Wallet,Returning,52.0,Male,2.5,4.0
ORD105764,2023-08-18,North,Store_19,Electronics,480.24,1,0.0,480.24,480.24,254.32,225.92,Debit Card,New,17.0,Male,5.0,4.0
ORD102718,2024-02-28,South,Store_17,Groceries,27.44,5,10.0,137.2,123.48,76.09,47.39,Cash,New,29.0,Other,3.0,1.0
ORD104781,2024-03-08,West,Store_19,Groceries,47.02,1,5.0,47.02,44.67,30.4,14.27,Credit Card,Returning,36.0,Female,4.4,2.0
ORD105430,2024-12-02,West,Store_16,Groceries,50.52,1,0.0,80.83,80.83,40.69,40.14,Cash,New,23.0,Male,5.0,5.0
ORD103582,2023-05-31,South,Store_09,Clothing,42.33,1,15.0,42.33,35.98,25.75,10.23,Bank Transfer,Returning,37.0,Male,2.4,6.0
ORD104023,2023-07-29,East,Store_13,Groceries,29.51,1,0.0,35.41,35.41,19.66,15.75,Cash,VIP,47.0,Female,5.0,4.0
ORD103299,2024-08-08,South,Store_14,Home & Living,326.86,2,0.0,653.72,653.72,436.2,217.52,Credit Card,New,54.0,Male,4.1,0.0
ORD102644,2023-11-27,South,Store_16,Electronics,890.09,1,0.0,1424.14,1424.14,934.09,490.05,Cash,Returning,31.0,Female,5.0,3.0
ORD104999,2023-12-30,East,Store_05,Groceries,46.47,1,0.0,74.35,74.35,47.97,26.38,Cash,New,31.0,Female,4.8,5.0
ORD101649,2024-09-02,West,Store_11,Clothing,79.46,1,5.0,79.46,75.49,42.91,32.58,Cash,Returning,43.0,Male,5.0,3.0
ORD102012,2023-04-22,North,Store_18,Groceries,40.08,1,0.0,40.08,40.08,18.99,21.09,Credit Card,Returning,37.0,Male,4.3,3.0
ORD100356,2023-04-21,Central,Store_01,Electronics,503.76,1,0.0,503.76,503.76,287.52,216.24,Bank Transfer,Returning,70.0,Male,3.3,2.0
ORD103522,2024-08-27,West,Store_03,Home & Living,33.81,4,0.0,135.24,135.24,71.85,63.39,Cash,Returning,44.0,Male,,1.0
ORD101323,2024-10-09,East,Store_16,Beauty,73.94,1,0.0,73.94,73.94,44.5,29.44,Bank Transfer,Returning,40.0,Female,3.5,4.0
ORD104392,2023-01-09,West,Store_18,Clothing,76.75,1,5.0,76.75,72.91,36.47,36.44,Credit Card,VIP,20.0,Male,4.6,1.0
ORD102738,2023-12-26,South,Store_05,Groceries,16.47,1,0.0,26.35,26.35,15.21,11.14,Cash,Returning,49.0,Male,2.9,3.0
ORD101459,2024-01-12,South,Store_15,Electronics,1169.84,2,20.0,2339.68,1871.74,1032.93,838.81,Mobile Wallet,New,32.0,Male,4.5,2.0
ORD104872,2023-02-13,East,Store_06,Beauty,50.81,2,5.0,101.62,96.54,44.74,51.8,Cash,New,44.0,Male,3.5,5.0
ORD100486,2023-09-01,West,Store_11,Clothing,147.16,3,5.0,441.48,419.41,191.84,227.57,Credit Card,Returning,16.0,Female,3.7,1.0
ORD103441,2023-01-18,East,Store_14,Beauty,94.36,1,10.0,94.36,84.92,55.61,29.31,Cash,Returning,48.0,Female,5.0,
ORD105015,2024-11-15,South,Store_05,Electronics,930.66,3,0.0,4467.17,4467.17,2630.15,1837.02,Cash,New,32.0,Female,4.7,6.0
ORD102862,2024-09-01,North,Store_16,Groceries,37.74,4,,150.96,143.41,82.27,61.14,Credit Card,VIP,45.0,Male,4.3,3.0
ORD101981,2024-03-30,West,Store_11,Electronics,1131.65,4,0.0,4526.6,4526.6,3022.38,1504.22,Cash,Returning,55.0,Female,3.2,5.0
ORD103665,2023-11-25,West,Store_18,Clothing,60.74,2,0.0,194.37,194.37,108.09,86.28,Cash,VIP,51.0,Female,3.6,3.0
ORD104225,2023-05-10,South,Store_10,Clothing,109.03,2,0.0,218.06,218.06,137.89,80.17,Credit Card,Returning,66.0,Female,4.5,2.0
ORD102658,2024-05-05,South,Store_05,Electronics,756.77,1,5.0,756.77,718.93,448.63,270.3,Mobile Wallet,VIP,51.0,Male,4.3,0.0
ORD100399,2023-08-15,West,Store_07,Electronics,1162.23,2,0.0,2324.46,2324.46,1529.39,795.07,Mobile Wallet,New,16.0,Female,5.0,3.0
ORD100638,2024-08-01,North,Store_18,Clothing,66.19,1,10.0,66.19,59.57,27.12,32.45,Credit Card,VIP,44.0,Other,5.0,4.0
ORD104319,2023-01-31,North,Store_01,Electronics,834.86,1,20.0,834.86,667.89,432.59,235.3,Mobile Wallet,New,44.0,Female,4.6,2.0
ORD104886,2024-05-19,South,Store_19,Groceries,15.6,2,0.0,31.2,31.2,16.27,14.93,Credit Card,Returning,40.0,Male,3.9,1.0
ORD104765,2023-04-20,Central,Store_02,Clothing,136.72,2,0.0,273.44,273.44,181.8,91.64,Bank Transfer,New,22.0,Female,4.5,5.0
ORD101261,2024-11-06,West,Store_01,Clothing,76.43,1,0.0,122.29,122.29,56.7,65.59,Mobile Wallet,Returning,16.0,Female,2.2,2.0
ORD102290,2023-10-16,South,Store_02,Groceries,39.65,2,10.0,79.3,71.37,34.95,36.42,Bank Transfer,Returning,57.0,Male,4.6,3.0
ORD100580,2023-03-10,North,Store_19,Electronics,235.94,3,0.0,707.82,707.82,453.38,254.44,Debit Card,New,41.0,Other,4.2,6.0
ORD103655,2023-12-18,South,Store_11,Home & Living,336.57,2,0.0,1077.02,1077.02,805.14,271.88,Credit Card,Returning,16.0,Female,5.0,8.0
ORD104594,2024-03-26,Central,Store_16,Sports,140.01,1,5.0,140.01,133.01,93.08,39.93,Cash,Returning,60.0,Male,5.0,4.0
ORD100917,2024-07-26,North,Store_07,Electronics,440.97,1,5.0,529.16,502.7,276.42,226.28,Cash,Returning,36.0,Female,5.0,6.0
ORD103705,2024-01-01,North,Store_06,Home & Living,342.98,1,0.0,342.98,342.98,216.08,126.9,Bank Transfer,Returning,35.0,Female,3.6,2.0
ORD103744,2023-06-26,North,Store_15,Sports,257.63,1,0.0,309.16,309.16,159.48,149.68,Credit Card,Returning,16.0,Female,4.8,1.0
ORD105376,2023-05-05,South,Store_09,Beauty,106.22,2,0.0,212.44,212.44,99.78,112.66,Bank Transfer,New,16.0,Other,3.9,4.0
ORD100392,2023-09-26,Central,Store_19,Clothing,112.88,1,0.0,112.88,112.88,78.29,34.59,Cash,VIP,27.0,Male,3.7,3.0
ORD101143,2024-09-08,Central,Store_17,Home & Living,79.48,3,5.0,238.44,226.52,105.26,121.26,Bank Transfer,Returning,34.0,Female,3.2,2.0
ORD100887,2023-05-21,Central,Store_16,Groceries,41.54,2,10.0,83.08,74.77,55.91,18.86,Mobile Wallet,Returning,16.0,Male,,3.0
ORD105808,2023-12-19,West,Store_11,Groceries,34.17,1,0.0,54.67,54.67,30.44,24.23,Debit Card,VIP,19.0,Female,4.2,2.0
ORD100006,2023-03-04,West,Store_17,Beauty,53.94,1,5.0,53.94,51.24,27.17,24.07,Mobile Wallet,New,47.0,Male,5.0,3.0
ORD103895,2024-11-09,Central,Store_17,Beauty,16.6,2,20.0,53.12,42.5,20.48,22.02,Cash,VIP,43.0,Male,3.3,0.0
ORD101696,2023-12-09,West,Store_20,Groceries,11.06,5,0.0,88.48,88.48,41.4,47.08,Debit Card,Returning,44.0,Male,3.0,4.0
ORD100267,2023-09-11,East,Store_20,Electronics,636.21,1,0.0,636.21,636.21,345.77,290.44,Bank Transfer,New,64.0,Male,2.7,2.0
ORD103929,2024-06-24,West,Store_08,Home & Living,418.04,1,0.0,501.65,501.65,308.09,193.56,Mobile Wallet,New,45.0,Male,3.2,4.0
ORD101499,2024-09-06,North,Store_05,Groceries,38.2,1,0.0,38.2,38.2,22.48,15.72,Debit Card,Returning,46.0,Female,3.4,
ORD101313,2024-09-14,North,Store_15,Beauty,118.03,1,0.0,118.03,118.03,77.3,40.73,Mobile Wallet,Returning,49.0,Male,4.4,4.0
ORD105434,2024-01-19,South,Store_03,Home & Living,496.26,2,5.0,992.52,942.89,479.79,463.1,Debit Card,Returning,,Female,3.3,0.0
ORD101375,2024-12-01,East,Store_14,Clothing,74.23,1,0.0,118.77,118.77,84.9,33.87,Mobile Wallet,VIP,45.0,Male,5.0,6.0
ORD105870,2024-07-28,East,Store_11,Groceries,4.74,1,5.0,5.69,5.41,3.05,2.36,Cash,VIP,62.0,Other,,6.0
ORD103762,2024-02-25,Central,Store_20,Groceries,49.97,2,0.0,99.94,99.94,62.36,37.58,Cash,VIP,21.0,Female,4.5,4.0
ORD102224,2023-10-20,East,Store_08,Beauty,129.6,1,5.0,129.6,123.12,67.17,55.95,Bank Transfer,Returning,38.0,Male,2.8,0.0
ORD100571,2023-10-31,Central,Store_05,Clothing,144.62,1,10.0,144.62,130.16,71.02,59.14,Debit Card,New,20.0,Male,5.0,3.0
ORD102880,2023-01-30,North,Store_08,Home & Living,30.57,2,20.0,61.14,48.91,27.42,21.49,Debit Card,New,63.0,Other,3.7,7.0
ORD102751,2023-02-28,South,Store_13,Groceries,31.04,2,0.0,62.08,62.08,39.27,22.81,Debit Card,New,34.0,Female,3.7,4.0
ORD104052,2024-07-12,Central,Store_04,Clothing,13.35,1,0.0,16.02,16.02,9.89,6.13,Mobile Wallet,VIP,27.0,Female,4.6,3.0
ORD105462,2024-05-31,West,Store_14,Home & Living,336.18,1,20.0,336.18,268.94,152.35,116.59,Debit Card,Returning,34.0,Female,5.0,2.0
ORD102609,2024-08-26,East,Store_05,Electronics,790.07,4,0.0,3160.28,3160.28,1691.7,1468.58,Credit Card,New,16.0,,4.1,2.0
ORD100792,2024-06-11,North,Store_05,Clothing,57.38,1,0.0,68.86,68.86,39.71,29.15,Credit Card,Returning,16.0,Female,3.7,7.0
ORD101997,2024-12-26,Central,Store_06,Groceries,43.89,2,,140.45,140.45,74.6,65.85,Debit Card,VIP,,Male,5.0,7.0
ORD100517,2023-02-18,North,Store_15,Home & Living,415.32,1,0.0,415.32,415.32,299.03,116.29,Mobile Wallet,VIP,35.0,Male,4.8,10.0
ORD100786,2023-01-24,Central,Store_05,Home & Living,53.97,1,15.0,53.97,45.87,28.58,17.29,Mobile Wallet,New,31.0,Male,3.6,3.0
ORD102732,2024-11-10,East,Store_08,Sports,116.76,1,0.0,186.82,186.82,104.68,82.14,Debit Card,New,31.0,Male,3.6,4.0
ORD101373,2023-11-03,South,Store_12,Groceries,28.05,1,25.0,44.88,33.66,18.18,15.48,Debit Card,Returning,32.0,Female,4.5,0.0
ORD104098,2024-08-02,North,Store_14,Groceries,22.09,1,0.0,22.09,22.09,14.96,7.13,Credit Card,Returning,35.0,Female,,2.0
ORD103504,2023-01-13,West,Store_06,Home & Living,140.25,1,0.0,140.25,140.25,94.7,45.55,Credit Card,New,120.0,Female,5.0,3.0
ORD101825,2024-10-20,North,Store_17,Electronics,458.39,2,5.0,916.78,870.94,475.48,395.46,Bank Transfer,New,16.0,Female,4.0,4.0
ORD102469,2023-06-06,East,Store_15,Electronics,508.92,1,0.0,610.7,610.7,288.56,322.14,Cash,New,71.0,Female,3.5,4.0
ORD105316,2024-01-28,Central,Store_01,Beauty,135.89,2,0.0,271.78,271.78,185.4,86.38,Credit Card,VIP,46.0,Female,5.0,3.0
ORD102082,2023-08-26,East,Store_16,Groceries,40.23,1,0.0,40.23,40.23,27.3,12.93,Cash,Returning,45.0,Other,3.8,9.0
ORD100051,2023-05-23,East,Store_16,Electronics,418.67,4,5.0,1674.68,1590.95,848.38,742.57,Bank Transfer,Returning,49.0,Female,3.3,4.0
ORD104426,2023-07-07,West,Store_01,Groceries,44.28,1,0.0,53.14,53.14,31.61,21.53,Debit Card,VIP,53.0,Male,4.0,5.0
ORD104442,2024-05-13,South,Store_01,Home & Living,27.31,2,10.0,54.62,49.16,36.56,12.6,Debit Card,Returning,56.0,Other,4.7,3.0
ORD104922,2024-02-10,South,Store_01,Groceries,11.95,1,0.0,11.95,11.95,6.42,5.53,Mobile Wallet,New,16.0,Male,3.7,6.0
ORD100511,2024-06-28,West,Store_13,Electronics,511.07,5,10.0,3066.42,2759.78,2057.45,702.33,Cash,New,23.0,,5.0,4.0
ORD104714,2023-01-21,North,Store_06,Home & Living,82.23,1,15.0,82.23,69.9,48.85,21.05,Bank Transfer,Returning,54.0,Male,5.0,6.0
ORD103205,2024-05-09,West,Store_12,Electronics,866.47,1,0.0,866.47,866.47,451.44,415.03,Debit Card,Returning,37.0,Female,3.5,7.0
ORD105634,2024-07-13,West,Store_12,Electronics,85.42,2,0.0,205.01,205.01,129.84,75.17,Mobile Wallet,New,21.0,Male,,4.0
ORD100674,2024-03-29,Central,Store_11,Home & Living,82.57,1,0.0,82.57,82.57,55.76,26.81,Credit Card,New,52.0,Male,,3.0
ORD103340,2024-01-31,East,Store_13,Electronics,184.07,1,0.0,184.07,184.07,129.76,54.31,Debit Card,New,24.0,Male,4.5,5.0
ORD103546,2023-10-26,Central,Store_18,Electronics,316.94,1,10.0,316.94,285.25,168.95,116.3,Cash,Returning,46.0,Male,,4.0
ORD100650,2023-12-24,North,Store_02,Home & Living,254.11,1,10.0,406.58,365.92,197.6,168.32,Credit Card,Returning,16.0,Other,5.0,3.0
ORD103622,2023-08-30,North,Store_06,Sports,153.0,1,0.0,153.0,153.0,77.22,75.78,Credit Card,Returning,31.0,Female,3.2,1.0
ORD100212,2024-07-29,Central,Store_02,Groceries,7.87,1,20.0,9.44,7.55,3.96,3.59,Credit Card,New,25.0,Female,3.4,2.0
ORD103390,2023-07-04,North,Store_14,Beauty,62.35,1,5.0,74.82,71.08,32.45,38.63,Bank Transfer,New,,Male,5.0,5.0
ORD101699,2024-12-02,West,Store_02,Groceries,38.14,1,5.0,61.02,57.97,41.69,16.28,Credit Card,New,44.0,Female,,3.0
ORD104609,2023-11-15,Central,Store_17,Electronics,134.67,2,0.0,430.94,430.94,283.91,147.03,Credit Card,New,31.0,Female,3.1,6.0
ORD101627,2024-03-02,Central,Store_14,Groceries,32.17,2,5.0,64.34,61.12,37.58,23.54,Cash,VIP,23.0,Male,3.9,4.0
ORD103302,2024-03-14,South,Store_17,Clothing,79.2,1,,79.2,75.24,54.82,20.42,Debit Card,New,16.0,Male,3.3,2.0
ORD105019,2024-04-13,North,Store_14,Groceries,43.16,3,5.0,129.48,123.01,56.42,66.59,Credit Card,New,35.0,Male,,4.0
ORD100060,2024-11-04,East,Store_19,Home & Living,481.51,1,5.0,770.42,731.9,495.55,236.35,Credit Card,VIP,29.0,Male,3.8,1.0
ORD105319,2023-06-14,Central,Store_04,Groceries,30.43,1,0.0,36.52,36.52,18.81,17.71,Cash,Returning,41.0,Female,4.4,0.0
ORD103671,2023-03-11,East,Store_16,Beauty,50.99,1,15.0,50.99,43.34,25.57,17.77,Bank Transfer,Returning,42.0,Male,4.1,2.0
ORD103274,2023-06-27,Central,Store_17,Sports,70.5,1,0.0,84.6,84.6,40.06,44.54,Bank Transfer,Returning,37.0,Female,3.4,4.0
ORD100491,2024-09-25,South,Store_09,Electronics,184.76,1,10.0,184.76,166.28,114.03,52.25,Credit Card,New,26.0,Female,4.7,6.0
ORD100396,2023-02-02,West,Store_18,Groceries,38.82,2,0.0,77.64,77.64,55.34,22.3,Debit Card,Returning,36.0,Male,3.6,6.0
ORD102124,2024-06-28,North,Store_12,Groceries,32.4,1,0.0,38.88,38.88,20.03,18.85,Mobile Wallet,New,36.0,Female,3.3,4.0
ORD100278,2023-02-17,Central,Store_07,Clothing,34.52,2,0.0,69.04,69.04,40.03,29.01,Mobile Wallet,New,51.0,Male,3.4,2.0
ORD102816,2024-05-06,Central,Store_07,Groceries,13.87,4,0.0,55.48,55.48,26.16,29.32,Credit Card,New,55.0,Male,5.0,8.0
ORD105774,2023-12-26,West,Store_19,Groceries,34.24,1,15.0,54.78,46.56,32.97,13.59,Bank Transfer,VIP,25.0,Male,4.2,2.0
ORD102268,2023-03-28,Central,Store_14,Sports,278.3,1,0.0,278.3,278.3,134.02,144.28,Debit Card,New,59.0,Male,,3.0
ORD103024,2023-09-30,East,Store_09,Groceries,38.02,1,10.0,38.02,34.22,19.12,15.1,Bank Transfer,Returning,69.0,Female,4.0,1.0
ORD100181,2023-04-22,Central,Store_14,Clothing,180.03,1,5.0,180.03,171.03,111.94,59.09,Cash,New,,Female,3.6,3.0
ORD100422,2024-07-13,West,Store_19,Electronics,348.95,2,5.0,837.48,795.61,501.76,293.85,Credit Card,VIP,29.0,Female,4.1,5.0
ORD102753,2024-04-20,South,Store_08,Groceries,37.51,1,0.0,37.51,37.51,23.33,14.18,Cash,VIP,51.0,Male,5.0,7.0
ORD101060,2024-07-16,South,Store_18,Home & Living,406.54,2,0.0,975.7,975.7,455.07,520.63,Bank Transfer,New,28.0,Female,4.2,7.0
ORD100661,2024-06-20,North,Store_15,Electronics,1024.11,2,0.0,2457.86,2457.86,1669.27,788.59,Bank Transfer,VIP,35.0,Female,4.2,5.0
ORD102522,2023-06-03,North,Store_13,Home & Living,34.74,1,0.0,41.69,41.69,20.96,20.73,Bank Transfer,VIP,35.0,Male,3.6,4.0
ORD103460,2023-10-31,South,Store_10,Clothing,56.74,1,0.0,56.74,56.74,37.79,18.95,Mobile Wallet,New,52.0,Male,4.6,3.0
ORD103818,2024-04-02,South,Store_08,Electronics,1055.51,3,0.0,3166.53,3166.53,2282.06,884.47,Mobile Wallet,Returning,39.0,Female,3.8,3.0
ORD100350,2024-01-25,East,Store_15,Groceries,38.31,1,10.0,38.31,34.48,21.4,13.08,Bank Transfer,VIP,34.0,Male,5.0,4.0
ORD100062,2023-09-25,South,Store_01,Groceries,6.92,1,0.0,6.92,6.92,4.67,2.25,Bank Transfer,New,23.0,Other,2.4,4.0
ORD102725,2024-03-27,Central,Store_05,Electronics,879.5,1,,879.5,835.52,551.75,283.77,Mobile Wallet,Returning,73.0,Other,3.8,1.0
ORD100609,2024-09-18,West,Store_18,Home & Living,226.01,1,25.0,226.01,169.51,88.24,81.27,Mobile Wallet,Returning,36.0,Male,4.7,1.0
ORD104528,2023-11-20,West,Store_15,Beauty,90.13,1,0.0,144.21,144.21,86.31,57.9,Credit Card,VIP,53.0,Female,2.7,
ORD100077,2023-06-15,West,Store_09,Beauty,82.06,1,0.0,98.47,98.47,45.38,53.09,Cash,New,62.0,Male,4.1,0.0
ORD102428,2024-07-04,North,Store_15,Electronics,732.64,1,0.0,879.17,879.17,646.76,232.41,Credit Card,Returning,,Female,4.5,2.0
ORD104798,2023-10-13,Central,Store_12,Groceries,21.11,1,15.0,21.11,17.94,11.59,6.35,Cash,Returning,38.0,Male,3.1,3.0
ORD101256,2023-06-12,North,Store_11,Groceries,50.43,2,0.0,121.03,121.03,65.41,55.62,Debit Card,Returning,37.0,Female,4.4,4.0
ORD101046,2023-06-24,South,Store_09,Home & Living,462.0,2,0.0,1108.8,1108.8,642.17,466.63,Credit Card,VIP,35.0,Male,,2.0
ORD100823,2024-04-19,Central,Store_17,Groceries,31.92,1,10.0,31.92,28.73,16.28,12.45,Debit Card,New,37.0,Male,3.0,3.0
ORD105443,2024-08-12,Central,Store_11,Sports,212.53,1,0.0,212.53,212.53,134.95,77.58,Cash,New,35.0,Male,4.9,2.0
ORD102123,2024-03-21,North,Store_09,Home & Living,388.75,3,15.0,1166.25,991.31,517.85,473.46,Bank Transfer,VIP,38.0,Male,4.8,7.0
ORD100695,2023-07-04,North,Store_01,Clothing,41.39,1,5.0,49.67,47.19,27.13,20.06,Credit Card,New,28.0,Female,2.8,4.0
ORD101271,2023-03-21,South,Store_14,Groceries,8.77,1,5.0,8.77,8.33,5.26,3.07,Bank Transfer,Returning,47.0,Male,3.4,3.0
ORD104968,2023-01-28,North,Store_19,Electronics,885.88,1,5.0,885.88,841.59,407.71,433.88,Cash,New,45.0,Female,4.5,4.0
ORD105267,2024-04-05,North,Store_06,Beauty,118.86,1,5.0,118.86,112.92,82.77,30.15,Credit Card,VIP,16.0,Female,4.0,0.0
ORD100186,2023-05-02,Central,Store_20,Groceries,7.97,2,0.0,15.94,15.94,7.47,8.47,Mobile Wallet,Returning,39.0,Male,3.2,4.0
ORD105403,2024-01-24,North,Store_17,Groceries,35.61,1,0.0,35.61,35.61,24.69,10.92,Credit Card,Returning,42.0,Female,3.7,4.0
ORD103230,2024-09-05,West,Store_14,Groceries,20.5,2,0.0,41.0,41.0,26.12,14.88,Credit Card,Returning,21.0,Female,3.6,5.0
ORD101955,2023-10-20,South,Store_20,Electronics,232.53,1,0.0,232.53,232.53,149.39,83.14,Bank Transfer,VIP,52.0,Female,5.0,1.0
ORD100546,2023-11-10,West,Store_18,Groceries,12.6,4,0.0,80.64,80.64,49.06,31.58,Mobile Wallet,New,72.0,Male,2.6,5.0
ORD100635,2024-05-15,West,Store_14,Electronics,542.44,1,10.0,542.44,488.2,338.94,149.26,Bank Transfer,Returning,29.0,Other,,3.0
ORD105929,2023-07-07,South,Store_04,Electronics,861.53,1,0.0,1033.84,1033.84,588.99,444.85,Bank Transfer,Returning,53.0,Male,,4.0
ORD102872,2024-08-20,North,Store_12,Clothing,101.61,2,0.0,203.22,203.22,135.28,67.94,Credit Card,VIP,36.0,Female,3.2,4.0
ORD104120,2024-06-13,South,Store_09,Groceries,10.99,1,0.0,13.19,13.19,7.94,5.25,Debit Card,VIP,60.0,Male,3.6,8.0
ORD100687,2024-03-09,North,Store_18,Clothing,59.35,2,0.0,118.7,118.7,61.51,57.19,Credit Card,New,41.0,Male,2.7,2.0
ORD102038,2024-12-22,South,Store_09,Electronics,230.91,2,0.0,738.91,738.91,493.19,245.72,Cash,Returning,27.0,Male,,6.0
ORD101811,2024-04-21,West,Store_05,Beauty,36.94,1,20.0,36.94,29.55,20.18,9.37,Bank Transfer,New,27.0,Male,4.1,3.0
ORD105214,2024-08-09,Central,Store_06,Clothing,177.84,1,25.0,177.84,133.38,89.49,43.89,Debit Card,VIP,48.0,Male,2.3,5.0
ORD105178,2023-03-05,East,Store_03,Beauty,89.3,1,0.0,89.3,89.3,53.28,36.02,Cash,VIP,44.0,Female,3.1,7.0
ORD100767,2023-12-16,West,Store_09,Electronics,1049.74,1,0.0,1679.58,1679.58,825.39,854.19,Cash,Returning,23.0,Male,4.7,3.0
ORD105574,2024-06-04,West,Store_04,Home & Living,310.4,1,0.0,372.48,372.48,224.97,147.51,Cash,New,46.0,Female,2.5,3.0
ORD100255,2023-04-16,West,Store_11,Groceries,5.98,2,0.0,11.96,11.96,5.5,6.46,Cash,New,45.0,Male,,1.0
ORD104484,2023-12-09,South,Store_03,Groceries,23.05,1,5.0,36.88,35.04,16.22,18.82,Debit Card,Returning,30.0,Male,4.4,5.0
ORD104007,2024-04-20,South,Store_05,Sports,225.11,2,0.0,450.22,450.22,295.59,154.63,Credit Card,VIP,33.0,Male,3.8,4.0
ORD102441,2023-01-01,West,Store_14,Groceries,8.87,1,0.0,8.87,8.87,5.99,2.88,Mobile Wallet,VIP,30.0,Male,3.6,6.0
ORD101647,2024-04-29,South,Store_14,Electronics,306.97,1,10.0,306.97,276.27,161.59,114.68,Debit Card,Returning,28.0,Male,5.0,4.0
ORD102277,2023-02-07,South,Store_18,Groceries,21.16,2,5.0,42.32,40.2,22.47,17.73,Debit Card,New,42.0,Male,4.8,5.0
ORD100951,2023-08-11,South,Store_11,Electronics,930.56,2,15.0,1861.12,1581.95,1135.24,446.71,Cash,VIP,33.0,Male,4.1,0.0
ORD102267,2024-06-15,Central,Store_19,Beauty,28.3,1,5.0,33.96,32.26,23.25,9.01,Bank Transfer,Returning,49.0,Female,3.1,6.0
ORD104300,2023-07-21,West,Store_04,Groceries,44.56,1,15.0,53.47,45.45,26.44,19.01,Mobile Wallet,Returning,45.0,Male,3.4,6.0
ORD104445,2023-10-31,East,Store_20,Groceries,14.06,1,0.0,14.06,14.06,7.74,6.32,Credit Card,Returning,31.0,Male,4.4,2.0
ORD101012,2023-06-29,South,Store_10,Clothing,69.86,1,5.0,83.83,79.64,38.99,40.65,Cash,New,35.0,Female,3.8,3.0
ORD101837,2023-08-11,North,Store_14,Electronics,75.47,1,10.0,75.47,67.92,47.15,20.77,Credit Card,New,32.0,Female,,5.0
ORD105517,2024-05-07,South,Store_13,Electronics,666.73,1,15.0,666.73,566.72,371.59,195.13,Cash,New,35.0,Male,2.9,3.0
ORD104242,2024-08-24,South,Store_09,Groceries,14.94,1,5.0,14.94,14.19,6.48,7.71,Cash,VIP,58.0,Female,3.7,3.0
ORD104328,2023-02-05,South,Store_12,Electronics,209.92,1,0.0,209.92,209.92,95.99,113.93,Debit Card,New,57.0,Male,4.9,3.0
ORD104373,2024-08-20,Central,Store_05,Beauty,121.79,1,0.0,121.79,121.79,77.76,44.03,Credit Card,Returning,24.0,Female,4.1,4.0
ORD103999,2024-01-15,South,Store_04,Sports,182.93,1,20.0,182.93,146.34,105.18,41.16,Cash,VIP,27.0,Male,4.1,6.0
ORD105383,2023-10-06,North,Store_03,Groceries,2.16,1,0.0,2.16,2.16,1.56,0.6,Cash,Returning,53.0,Male,3.5,8.0
ORD100360,2024-09-09,North,Store_03,Home & Living,83.51,1,5.0,83.51,79.33,47.1,32.23,Credit Card,New,41.0,Female,4.2,5.0
ORD101061,2024-05-16,South,Store_10,Clothing,89.58,1,5.0,89.58,85.1,57.99,27.11,Mobile Wallet,Returning,44.0,Female,3.8,5.0
ORD101557,2024-07-18,Central,Store_03,Electronics,944.06,1,0.0,1132.87,1132.87,806.28,326.59,Credit Card,Returning,51.0,Male,,
ORD102350,2024-01-29,West,Store_09,Clothing,115.8,2,0.0,231.6,231.6,166.55,65.05,Mobile Wallet,Returning,25.0,Male,3.4,1.0
ORD105813,2024-12-07,East,Store_05,Groceries,26.61,4,5.0,170.3,161.78,96.97,64.81,Debit Card,New,,Female,4.2,5.0
ORD100584,2023-10-22,North,Store_13,Clothing,164.44,1,0.0,164.44,164.44,119.6,44.84,Cash,VIP,35.0,Male,3.6,1.0
ORD105901,2023-04-23,Central,Store_01,Groceries,44.26,1,0.0,44.26,44.26,31.01,13.25,Debit Card,Returning,39.0,Male,4.6,3.0
ORD102387,2024-12-13,East,Store_08,Electronics,615.14,1,0.0,984.22,984.22,553.7,430.52,Mobile Wallet,VIP,66.0,Female,3.5,5.0
ORD102714,2024-01-05,West,Store_13,Electronics,150.71,1,5.0,150.71,143.17,90.53,52.64,Bank Transfer,VIP,30.0,Female,2.7,0.0
ORD102254,2023-08-04,East,Store_06,Electronics,241.98,1,,241.98,229.88,158.09,71.79,Cash,Returning,46.0,Male,5.0,2.0
ORD105964,2024-06-26,South,Store_12,Home & Living,173.21,1,0.0,207.85,207.85,118.27,89.58,Credit Card,Returning,69.0,Male,3.7,6.0
ORD102338,2023-02-01,South,Store_01,Beauty,85.29,3,0.0,255.87,255.87,150.65,105.22,Bank Transfer,New,50.0,Male,4.1,6.0
ORD100378,2023-10-05,East,Store_20,Beauty,9.07,1,0.0,9.07,9.07,4.78,4.29,Debit Card,New,16.0,Other,4.5,5.0
ORD100667,2024-09-20,South,Store_13,Groceries,54.11,1,0.0,54.11,54.11,30.62,23.49,Bank Transfer,New,66.0,Male,5.0,1.0
ORD105663,2023-11-26,North,Store_09,Groceries,6.77,1,5.0,10.83,10.29,6.99,3.3,Cash,VIP,38.0,Male,3.8,5.0
ORD103311,2023-10-21,West,Store_10,Beauty,94.42,1,10.0,94.42,84.98,62.27,22.71,Credit Card,New,44.0,Female,4.1,4.0
ORD104282,2023-05-04,West,Store_15,Clothing,15.43,2,25.0,30.86,23.15,13.41,9.74,Credit Card,New,29.0,Female,2.2,5.0
ORD104906,2023-07-28,North,Store_08,Home & Living,395.64,4,0.0,1899.07,1899.07,997.65,901.42,Bank Transfer,Returning,29.0,Female,4.9,6.0
ORD102708,2024-06-17,North,Store_10,Sports,32.1,1,10.0,38.52,34.67,21.27,13.4,Bank Transfer,New,25.0,Female,4.3,4.0
ORD105935,2023-07-26,Central,Store_17,Sports,256.06,1,0.0,307.27,307.27,198.21,109.06,Bank Transfer,New,43.0,Female,4.2,5.0
ORD102820,2024-01-30,East,Store_06,Clothing,78.59,1,0.0,78.59,78.59,51.91,26.68,Debit Card,Returning,54.0,Female,4.7,4.0
ORD101884,2024-03-26,South,Store_11,Beauty,13.63,3,0.0,40.89,40.89,30.44,10.45,Mobile Wallet,New,40.0,Female,3.4,3.0
ORD105374,2024-06-25,Central,Store_19,Groceries,27.67,1,0.0,33.2,33.2,16.33,16.87,Bank Transfer,Returning,37.0,Female,3.3,1.0
ORD101152,2023-11-11,West,Store_06,Home & Living,380.89,1,0.0,609.42,609.42,299.68,309.74,Bank Transfer,Returning,38.0,Female,3.0,4.0
ORD105411,2023-12-08,West,Store_05,Sports,173.47,1,0.0,277.55,277.55,198.42,79.13,Mobile Wallet,Returning,37.0,Male,4.8,2.0
ORD104389,2024-03-12,East,Store_17,Groceries,4.06,1,0.0,4.06,4.06,2.62,1.44,Mobile Wallet,New,50.0,Female,4.3,7.0
ORD102638,2023-04-21,North,Store_18,Groceries,35.21,1,0.0,35.21,35.21,22.29,12.92,Debit Card,Returning,38.0,Male,5.0,5.0
ORD105735,2024-02-11,East,Store_13,Groceries,54.94,1,5.0,54.94,52.19,28.3,23.89,Mobile Wallet,Returning,16.0,Male,5.0,
ORD100423,2024-02-29,South,Store_09,Groceries,25.03,2,0.0,50.06,50.06,31.22,18.84,Cash,Returning,16.0,Female,5.0,2.0
ORD100139,2023-11-15,South,Store_09,Electronics,139.18,2,20.0,445.38,356.3,165.31,190.99,Bank Transfer,Returning,36.0,Female,5.0,4.0
ORD105237,2024-08-23,West,Store_10,Groceries,7.39,1,0.0,7.39,7.39,5.26,2.13,Bank Transfer,VIP,16.0,Female,4.4,5.0
ORD100414,2023-01-14,West,Store_06,Clothing,193.53,2,5.0,387.06,367.71,205.34,162.37,Debit Card,Returning,38.0,Male,4.9,4.0
ORD102302,2024-02-21,West,Store_14,Sports,178.04,2,10.0,356.08,320.47,218.59,101.88,Cash,VIP,54.0,Other,5.0,1.0
ORD102530,2024-10-30,Central,Store_05,Clothing,106.04,1,20.0,106.04,84.83,55.08,29.75,Cash,VIP,26.0,Female,3.9,1.0
ORD101423,2024-05-07,Central,Store_01,Clothing,144.09,1,0.0,144.09,144.09,88.07,56.02,Bank Transfer,Returning,26.0,Female,4.7,3.0
ORD102016,2023-10-30,West,Store_19,Beauty,140.58,1,0.0,140.58,140.58,69.68,70.9,Mobile Wallet,New,,Male,,4.0
ORD104599,2024-06-16,North,Store_20,Clothing,26.06,2,5.0,62.54,59.41,33.95,25.46,Credit Card,VIP,56.0,Male,4.9,7.0
ORD102850,2023-05-23,Central,Store_05,Electronics,924.5,1,10.0,924.5,832.05,565.22,266.83,Mobile Wallet,Returning,32.0,Female,3.9,2.0
ORD102546,2024-08-03,Central,Store_09,Electronics,364.88,4,0.0,1459.52,1459.52,982.65,476.87,Mobile Wallet,New,43.0,Female,5.0,4.0
ORD103621,2023-06-12,West,Store_13,Home & Living,339.47,1,0.0,407.36,407.36,295.15,112.21,Mobile Wallet,New,49.0,Female,3.7,1.0
ORD105338,2023-10-12,Central,Store_11,Groceries,56.17,2,0.0,112.34,112.34,59.44,52.9,Credit Card,Returning,16.0,Female,4.8,4.0
ORD101074,2023-12-07,North,Store_20,Home & Living,235.9,1,5.0,377.44,358.57,211.76,146.81,Debit Card,Returning,,Male,3.0,1.0
ORD102557,2024-09-24,West,Store_11,Electronics,447.9,2,0.0,895.8,895.8,414.07,481.73,Cash,Returning,55.0,Female,5.0,4.0
ORD102460,2023-09-06,South,,Home & Living,88.11,1,15.0,88.11,74.89,38.57,36.32,Mobile Wallet,Returning,42.0,Female,4.8,6.0
ORD104196,2024-02-09,Central,Store_19,Clothing,163.89,1,15.0,163.89,139.31,64.7,74.61,Cash,Returning,30.0,Female,5.0,3.0
ORD105285,2024-02-24,South,Store_10,Electronics,658.22,1,0.0,658.22,658.22,435.2,223.02,Credit Card,Returning,38.0,Female,4.4,2.0
ORD102281,2023-09-15,East,Store_09,Clothing,96.95,1,0.0,96.95,96.95,62.29,34.66,Bank Transfer,Returning,47.0,Female,2.1,3.0
ORD105985,2023-08-14,North,Store_06,Home & Living,73.23,2,15.0,146.46,124.49,76.78,47.71,Cash,Returning,31.0,Female,4.3,3.0
ORD104645,2023-10-22,South,Store_13,Beauty,85.55,1,0.0,85.55,85.55,54.66,30.89,Credit Card,VIP,27.0,Male,,2.0
ORD101874,2023-10-26,East,Store_04,Beauty,79.94,1,0.0,79.94,79.94,48.77,31.17,Cash,Returning,30.0,Female,,3.0
ORD100460,2024-06-12,South,Store_09,Groceries,54.09,1,5.0,64.91,61.66,42.44,19.22,Bank Transfer,Returning,37.0,Male,3.5,2.0
ORD100156,2023-04-03,South,Store_14,Beauty,20.81,2,0.0,41.62,41.62,31.21,10.41,Mobile Wallet,Returning,61.0,Male,3.7,5.0
ORD104916,2023-03-18,East,Store_15,Groceries,42.38,1,10.0,42.38,38.14,23.29,14.85,Debit Card,VIP,,Female,4.5,3.0
ORD104466,2024-08-06,Central,Store_02,Groceries,47.82,1,0.0,47.82,47.82,24.21,23.61,Bank Transfer,Returning,16.0,Male,4.2,6.0
ORD105387,2024-12-21,East,Store_14,Electronics,480.72,1,10.0,769.15,692.23,403.77,288.46,Credit Card,New,27.0,Male,3.4,4.0
ORD101718,2023-10-29,South,Store_01,Beauty,85.17,1,0.0,85.17,85.17,45.19,39.98,Cash,VIP,65.0,Male,5.0,3.0
ORD100529,2024-11-03,East,Store_15,Home & Living,338.96,2,5.0,1084.67,1030.44,626.04,404.4,Credit Card,Returning,49.0,Female,3.5,
ORD100492,2024-07-03,South,Store_20,Groceries,58.25,1,0.0,69.9,69.9,45.57,24.33,Debit Card,Returning,,Female,4.0,0.0
ORD104167,2023-05-13,Central,Store_07,Clothing,24.97,1,0.0,24.97,24.97,12.98,11.99,Bank Transfer,Returning,30.0,Male,4.1,4.0
ORD102246,2024-02-25,West,Store_07,Beauty,148.39,2,20.0,296.78,237.42,120.92,116.5,Cash,New,39.0,Male,5.0,1.0
ORD102420,2023-07-08,East,Store_01,Electronics,73.02,2,5.0,175.25,166.49,80.46,86.03,Credit Card,Returning,31.0,Female,,2.0
ORD100721,2024-11-10,East,Store_05,Beauty,131.11,1,5.0,209.78,199.29,124.2,75.09,Debit Card,New,65.0,Male,3.2,2.0
ORD102806,2023-07-30,North,Store_05,Groceries,26.62,1,0.0,31.94,31.94,18.09,13.85,Credit Card,VIP,51.0,Other,3.9,6.0
ORD101124,2024-09-05,West,Store_09,Groceries,5.0,1,0.0,5.0,5.0,2.31,2.69,Bank Transfer,New,34.0,Female,5.0,3.0
ORD100087,2023-08-17,Central,Store_03,Home & Living,475.56,2,0.0,951.12,951.12,556.01,395.11,Debit Card,VIP,55.0,Other,5.0,5.0
ORD105775,2024-11-18,East,Store_09,Electronics,634.85,2,10.0,2031.52,1828.37,829.26,999.11,Bank Transfer,Returning,48.0,Female,3.6,1.0
ORD105647,2024-11-28,West,Store_11,Beauty,59.11,2,15.0,189.15,160.78,83.07,77.71,Bank Transfer,New,38.0,Other,5.0,5.0
ORD100940,2024-05-19,West,Store_01,Sports,46.6,1,0.0,46.6,46.6,23.07,23.53,Bank Transfer,VIP,50.0,Female,4.7,3.0
ORD102720,2024-04-02,South,Store_14,Electronics,705.72,1,15.0,705.72,599.86,308.86,291.0,Credit Card,VIP,58.0,Female,5.0,2.0
ORD102688,2024-04-10,East,Store_02,Groceries,54.77,1,10.0,54.77,49.29,28.46,20.83,Credit Card,New,60.0,Female,4.7,4.0
ORD102333,2024-08-23,North,Store_04,Electronics,349.86,1,10.0,349.86,314.87,178.11,136.76,Cash,Returning,56.0,Female,5.0,8.0
ORD102938,2024-10-20,East,Store_16,Groceries,9.1,1,15.0,9.1,7.74,5.22,2.52,Debit Card,Returning,38.0,Male,5.0,
ORD102321,2023-01-26,North,Store_01,Groceries,3.69,1,15.0,3.69,3.14,2.19,0.95,Credit Card,New,39.0,Male,,0.0
ORD100513,2024-08-19,North,Store_03,Beauty,95.75,1,0.0,95.75,95.75,64.49,31.26,Credit Card,Returning,56.0,Other,4.1,4.0
ORD104082,2024-07-15,East,Store_13,Home & Living,186.28,1,0.0,223.54,223.54,142.12,81.42,Debit Card,New,53.0,Female,4.0,3.0
ORD105251,2023-11-05,North,Store_02,Electronics,497.34,1,15.0,795.74,676.38,376.31,300.07,Bank Transfer,VIP,16.0,Female,,3.0
ORD100668,2024-11-01,Central,Store_04,Clothing,53.29,2,5.0,170.53,162.0,106.26,55.74,Mobile Wallet,Returning,30.0,Female,5.0,2.0
ORD100644,2024-07-16,North,Store_08,Home & Living,81.52,1,0.0,97.82,97.82,71.54,26.28,Cash,New,21.0,Male,3.9,5.0
ORD102888,2023-04-19,West,Store_05,Electronics,919.61,1,0.0,919.61,919.61,624.01,295.6,Mobile Wallet,New,39.0,Other,5.0,5.0
ORD100214,2024-06-21,North,Store_19,Sports,174.91,1,0.0,209.89,209.89,133.09,76.8,Cash,Returning,46.0,Female,4.8,5.0
ORD101111,2023-06-19,North,Store_05,Electronics,1184.69,2,5.0,2843.26,2701.1,1605.6,1095.5,Credit Card,New,51.0,Female,4.0,4.0
ORD102736,2024-02-24,West,Store_09,Electronics,1192.99,1,5.0,1192.99,1133.34,572.27,561.07,Debit Card,VIP,45.0,Male,3.5,2.0
ORD101297,2024-05-09,West,Store_20,Home & Living,150.71,1,20.0,150.71,120.57,55.11,65.46,Bank Transfer,Returning,38.0,Male,3.6,2.0
ORD105859,2024-05-24,West,Store_07,Clothing,27.43,1,15.0,27.43,23.32,16.68,6.64,Cash,New,41.0,Male,3.8,2.0
ORD103838,2024-12-01,Central,Store_13,Beauty,69.66,1,0.0,111.46,111.46,56.98,54.48,Credit Card,New,47.0,Female,4.6,5.0
ORD102190,2023-09-22,South,Store_13,Beauty,81.74,2,20.0,163.48,130.78,87.88,42.9,Cash,VIP,34.0,Male,4.1,6.0
ORD105794,2023-10-22,West,Store_09,Electronics,800.17,1,5.0,800.17,760.16,353.97,406.19,Credit Card,Returning,18.0,Male,3.3,4.0
ORD104990,2024-04-18,Central,Store_06,Electronics,472.46,1,10.0,472.46,425.21,198.81,226.4,Debit Card,New,62.0,Male,4.7,3.0
ORD102801,2023-11-21,East,Store_04,Groceries,18.18,3,15.0,87.26,74.17,46.88,27.29,Debit Card,New,46.0,Female,2.6,5.0
ORD105911,2023-09-03,East,Store_15,Home & Living,453.29,1,0.0,453.29,453.29,275.2,178.09,Cash,Returning,41.0,Male,4.3,4.0
ORD100075,2023-12-14,South,Store_12,Home & Living,409.26,3,0.0,1964.45,1964.45,1367.19,597.26,Debit Card,New,,Female,4.9,6.0
ORD104244,2023-09-15,East,Store_13,Groceries,21.01,1,0.0,21.01,21.01,10.9,10.11,Debit Card,Returning,20.0,Other,4.0,2.0
ORD105715,2023-11-12,West,Store_01,Home & Living,192.13,2,0.0,614.82,614.82,418.21,196.61,Cash,Returning,17.0,Other,3.4,0.0
ORD103957,2024-06-19,East,Store_18,Electronics,369.67,1,25.0,443.6,332.7,174.06,158.64,Mobile Wallet,VIP,,Male,3.7,1.0
ORD101536,2023-04-23,East,Store_19,Home & Living,315.05,1,10.0,315.05,283.54,136.55,146.99,Mobile Wallet,Returning,48.0,Female,5.0,2.0
ORD101381,2023-07-27,West,Store_08,Groceries,26.59,1,0.0,31.91,31.91,20.48,11.43,Debit Card,Returning,31.0,Male,5.0,3.0
ORD101493,2023-09-01,North,Store_17,Clothing,88.5,2,0.0,177.0,177.0,120.62,56.38,Credit Card,Returning,33.0,Male,2.9,4.0
ORD104237,2023-03-21,North,Store_03,Groceries,2.62,2,5.0,5.24,4.98,2.43,2.55,Mobile Wallet,New,18.0,Female,4.3,4.0
ORD104562,2023-01-15,Central,Store_19,Clothing,103.8,2,0.0,207.6,207.6,113.57,94.03,Debit Card,New,21.0,Male,3.2,2.0
ORD102650,2024-10-04,North,Store_07,Electronics,419.02,1,5.0,419.02,398.07,281.49,116.58,Credit Card,New,23.0,Female,4.2,5.0
ORD101645,2023-08-04,North,Store_15,Electronics,232.57,5,0.0,1162.85,1162.85,683.97,478.88,Cash,New,51.0,Male,5.0,1.0
ORD102761,2023-11-11,South,Store_05,Groceries,3.74,2,0.0,11.97,11.97,5.92,6.05,Mobile Wallet,Returning,37.0,Female,2.7,8.0
ORD103890,2024-02-19,South,Store_04,Electronics,784.39,1,0.0,784.39,784.39,367.83,416.56,Bank Transfer,New,22.0,Female,5.0,3.0
ORD103050,2024-09-02,North,Store_01,Clothing,11.36,1,0.0,11.36,11.36,7.52,3.84,Debit Card,VIP,57.0,Male,3.4,2.0
ORD102253,2024-01-01,East,Store_13,Home & Living,292.56,1,5.0,292.56,277.93,186.21,91.72,Mobile Wallet,Returning,50.0,Female,3.2,6.0
ORD105375,2024-05-05,South,Store_15,Electronics,786.91,4,5.0,3147.64,2990.26,1785.8,1204.46,Credit Card,Returning,43.0,Female,4.1,2.0
ORD103165,2023-10-21,South,Store_01,Groceries,9.1,1,0.0,9.1,9.1,5.93,3.17,Debit Card,VIP,19.0,Male,3.0,3.0
ORD103170,2024-04-04,West,Store_20,Groceries,3.34,4,5.0,13.36,12.69,8.7,3.99,Cash,New,62.0,Female,4.2,6.0
ORD102978,2023-07-26,Central,Store_02,Groceries,33.92,1,0.0,40.7,40.7,29.7,11.0,Mobile Wallet,New,61.0,Male,4.0,0.0
ORD105495,2023-05-17,North,Store_10,Electronics,195.82,2,5.0,391.64,372.06,214.99,157.07,Mobile Wallet,Returning,33.0,Female,4.1,1.0
ORD105498,2024-12-23,West,Store_13,Groceries,25.02,1,0.0,40.03,40.03,29.89,10.14,Bank Transfer,New,28.0,Female,3.7,0.0
ORD101257,2024-02-10,North,Store_20,Beauty,140.16,1,0.0,140.16,140.16,79.56,60.6,Bank Transfer,New,34.0,Female,3.7,3.0
ORD105504,2024-01-24,North,Store_09,Clothing,57.77,1,0.0,57.77,57.77,26.06,31.71,Mobile Wallet,Returning,16.0,Male,3.5,7.0
ORD103837,2024-03-13,East,Store_07,Home & Living,230.04,1,5.0,230.04,218.54,159.52,59.02,Mobile Wallet,Returning,,Female,4.4,
ORD103123,2024-03-23,West,Store_05,Groceries,33.14,2,5.0,66.28,62.97,35.13,27.84,Bank Transfer,New,53.0,Female,3.8,5.0
ORD103790,2023-03-23,South,,Electronics,122.07,1,5.0,122.07,115.97,69.77,46.2,Credit Card,VIP,34.0,Other,,3.0
ORD100789,2023-01-09,South,Store_09,Groceries,33.44,2,5.0,66.88,63.54,34.75,28.79,Mobile Wallet,VIP,26.0,Male,4.7,4.0
ORD104636,2024-08-24,West,Store_19,Groceries,49.74,1,0.0,49.74,49.74,27.0,22.74,Bank Transfer,Returning,20.0,Other,3.1,0.0
ORD105893,2023-08-25,South,Store_14,Clothing,184.56,1,10.0,184.56,166.1,103.35,62.75,Bank Transfer,VIP,53.0,Male,3.0,2.0
ORD104996,2024-06-29,South,Store_13,Home & Living,385.8,1,0.0,462.96,462.96,247.75,215.21,Cash,New,47.0,Male,3.6,4.0
ORD104870,2023-05-20,South,Store_02,Home & Living,426.12,3,0.0,1278.36,1278.36,881.34,397.02,Mobile Wallet,New,51.0,Female,3.1,4.0
ORD100294,2024-02-02,East,Store_16,Beauty,38.31,1,0.0,38.31,38.31,18.6,19.71,Cash,Returning,24.0,Female,4.6,6.0
ORD100909,2023-03-08,South,Store_20,Groceries,5.41,5,10.0,27.05,24.34,12.57,11.77,Debit Card,New,21.0,Male,4.0,6.0
ORD104435,2024-11-09,North,Store_05,Home & Living,305.24,1,0.0,488.38,488.38,225.01,263.37,Cash,VIP,23.0,Female,4.3,4.0
ORD101632,2023-03-08,East,Store_11,Groceries,17.49,1,0.0,17.49,17.49,11.59,5.9,Debit Card,VIP,45.0,Male,2.9,0.0
ORD104937,2024-03-07,East,Store_18,Home & Living,301.2,2,0.0,602.4,602.4,349.23,253.17,Bank Transfer,Returning,57.0,Female,3.8,2.0
ORD104861,2024-08-27,North,Store_18,Sports,173.79,2,0.0,347.58,347.58,198.15,149.43,Bank Transfer,New,46.0,,3.2,8.0
ORD102040,2023-07-31,West,Store_11,Groceries,8.55,1,25.0,10.26,7.7,4.59,3.11,Mobile Wallet,Returning,47.0,Female,4.8,2.0
ORD103554,2023-10-30,South,Store_19,Electronics,752.86,1,0.0,752.86,752.86,420.94,331.92,Debit Card,Returning,48.0,Male,2.9,6.0
ORD102599,2023-10-12,North,Store_03,Electronics,125.13,3,0.0,375.39,375.39,194.44,180.95,Mobile Wallet,Returning,30.0,Female,4.2,2.0
ORD103151,2023-06-14,North,Store_15,Beauty,56.05,1,5.0,67.26,63.9,33.11,30.79,Debit Card,VIP,67.0,Female,4.1,4.0
ORD101871,2023-05-31,Central,Store_12,Beauty,127.49,1,10.0,127.49,114.74,78.21,36.53,Bank Transfer,Returning,16.0,Female,4.4,2.0
ORD103543,2024-07-19,South,Store_07,Groceries,26.68,2,0.0,64.03,64.03,36.25,27.78,Debit Card,Returning,30.0,Female,4.5,5.0
ORD101125,2024-09-07,South,Store_12,Sports,241.16,1,15.0,241.16,204.99,135.78,69.21,Debit Card,New,31.0,Female,4.4,4.0
ORD103971,2024-11-07,North,Store_10,Electronics,337.34,1,0.0,539.74,539.74,333.97,205.77,Bank Transfer,VIP,28.0,Female,4.9,5.0
ORD102968,2024-06-09,South,Store_09,Home & Living,476.75,1,5.0,572.1,543.49,318.24,225.25,Cash,VIP,33.0,Male,5.0,6.0
ORD103356,2023-02-11,North,Store_11,Sports,214.62,1,0.0,214.62,214.62,151.19,63.43,Debit Card,Returning,45.0,Male,3.9,4.0
ORD104947,2024-01-15,North,Store_08,Groceries,57.4,1,0.0,57.4,57.4,36.77,20.63,Credit Card,New,36.0,Other,5.0,4.0
ORD103795,2023-07-20,East,Store_13,Beauty,127.38,1,10.0,152.86,137.57,67.79,69.78,Mobile Wallet,Returning,55.0,Female,3.8,4.0
ORD104013,2023-12-24,Central,Store_08,Groceries,5.17,1,20.0,8.27,6.62,4.63,1.99,Cash,VIP,36.0,Male,2.4,3.0
ORD103780,2023-02-11,South,Store_20,Clothing,119.59,1,0.0,119.59,119.59,66.0,53.59,Bank Transfer,Returning,30.0,Female,2.0,4.0
ORD104825,2023-11-01,Central,Store_16,Home & Living,68.25,1,0.0,109.2,109.2,68.12,41.08,Mobile Wallet,Returning,40.0,Male,3.6,
ORD105837,2023-01-26,North,Store_04,Home & Living,130.01,2,0.0,260.02,260.02,174.0,86.02,Bank Transfer,Returning,38.0,Male,4.8,3.0
ORD101526,2023-08-21,North,Store_03,Groceries,29.11,1,5.0,29.11,27.65,12.65,15.0,Mobile Wallet,Returning,33.0,Female,5.0,8.0
ORD102749,2024-12-12,Central,Store_07,Beauty,94.47,1,0.0,151.15,151.15,82.25,68.9,Bank Transfer,Returning,56.0,Female,4.7,3.0
ORD105548,2023-06-10,South,Store_13,Beauty,116.83,3,0.0,420.59,420.59,262.32,158.27,Cash,New,53.0,Male,2.9,4.0
ORD104236,2024-11-20,East,Store_11,Home & Living,15.29,1,0.0,24.46,24.46,13.3,11.16,Cash,VIP,43.0,Male,3.2,2.0
ORD102316,2023-03-05,East,Store_04,Electronics,499.68,1,10.0,499.68,449.71,292.96,156.75,Debit Card,New,54.0,Female,4.0,3.0
ORD101145,2023-12-19,South,Store_13,Clothing,62.2,2,0.0,199.04,199.04,138.77,60.27,Debit Card,VIP,21.0,Male,5.0,
ORD105323,2023-10-17,East,Store_03,Electronics,710.65,1,0.0,710.65,710.65,359.98,350.67,Credit Card,Returning,39.0,Female,4.3,4.0
ORD103977,2024-12-21,South,Store_15,Groceries,18.22,1,10.0,29.15,26.23,17.29,8.94,Mobile Wallet,Returning,43.0,Male,4.7,3.0
ORD100002,2024-04-22,South,Store_03,Electronics,356.97,2,5.0,713.94,678.24,382.12,296.12,Bank Transfer,Returning,41.0,Female,3.3,4.0
ORD101337,2023-08-05,South,Store_16,Sports,269.55,2,10.0,539.1,485.19,235.29,249.9,Credit Card,Returning,22.0,Female,4.4,5.0
ORD105999,2023-03-13,South,Store_16,Electronics,824.51,1,15.0,824.51,700.83,482.19,218.64,Credit Card,Returning,57.0,Male,4.9,2.0
ORD102103,2023-04-05,South,Store_15,Groceries,44.47,1,0.0,44.47,44.47,32.35,12.12,Mobile Wallet,Returning,34.0,Female,3.3,5.0
ORD104266,2023-09-14,South,Store_05,Sports,237.19,1,0.0,237.19,237.19,131.12,106.07,Mobile Wallet,Returning,52.0,Other,3.6,0.0
ORD104197,2023-04-01,North,Store_17,Groceries,34.73,1,0.0,34.73,34.73,23.09,11.64,Bank Transfer,VIP,39.0,Female,3.3,3.0
ORD104454,2024-03-23,Central,Store_20,Beauty,32.12,3,0.0,96.36,96.36,64.37,31.99,Credit Card,New,56.0,Female,5.0,5.0
ORD100653,2024-08-10,South,Store_08,Home & Living,481.63,1,10.0,481.63,433.47,198.02,235.45,Cash,New,55.0,Male,4.3,2.0
ORD104568,2023-08-14,Central,Store_18,Home & Living,473.53,1,0.0,473.53,473.53,346.79,126.74,Mobile Wallet,New,57.0,Female,3.8,4.0
ORD102556,2024-08-05,South,Store_08,Groceries,3.89,4,5.0,15.56,14.78,6.98,7.8,Credit Card,Returning,50.0,Male,2.5,1.0
ORD105861,2024-03-09,West,Store_07,Clothing,181.95,2,15.0,363.9,309.32,220.42,88.9,Bank Transfer,New,57.0,Male,,1.0
ORD103182,2024-06-29,South,Store_02,Groceries,18.15,2,10.0,43.56,39.2,25.05,14.15,Cash,Returning,30.0,Female,3.2,0.0
ORD103038,2023-07-26,East,Store_20,Groceries,53.14,1,0.0,63.77,63.77,46.17,17.6,Bank Transfer,VIP,53.0,Male,5.0,7.0
ORD102497,2024-10-10,North,Store_16,Groceries,46.33,1,5.0,46.33,44.01,20.85,23.16,Credit Card,Returning,41.0,Male,5.0,3.0
ORD100785,2024-03-05,South,Store_08,Beauty,36.24,1,,36.24,36.24,21.61,14.63,Debit Card,New,16.0,Male,3.7,6.0
ORD101209,2024-12-04,South,Store_08,Electronics,634.35,2,0.0,2029.92,2029.92,1340.12,689.8,Mobile Wallet,New,25.0,Female,3.7,2.0
ORD105432,2023-08-31,South,Store_08,Electronics,1056.02,1,5.0,1056.02,1003.22,525.16,478.06,Debit Card,New,64.0,Female,3.9,1.0
ORD105295,2024-08-06,Central,Store_01,Home & Living,132.26,1,0.0,132.26,132.26,82.15,50.11,Credit Card,Returning,41.0,Female,3.7,7.0
ORD100037,2024-08-27,West,Store_06,Home & Living,174.13,2,5.0,348.26,330.85,204.39,126.46,Bank Transfer,VIP,37.0,Male,3.5,5.0
ORD101153,2024-10-25,East,Store_01,Sports,289.15,1,0.0,289.15,289.15,143.42,145.73,Mobile Wallet,Returning,32.0,Female,5.0,0.0
ORD103643,2023-12-26,Central,Store_13,Groceries,24.84,1,0.0,39.74,39.74,25.59,14.15,Credit Card,Returning,59.0,Male,1.7,3.0
ORD100744,2024-08-03,South,Store_18,Groceries,10.36,2,0.0,20.72,20.72,11.84,8.88,Credit Card,VIP,62.0,Male,2.3,4.0
ORD105670,2023-09-15,East,Store_14,Sports,130.18,3,10.0,390.54,351.49,195.55,155.94,Credit Card,Returning,36.0,Female,3.8,1.0
ORD100259,2024-03-04,South,Store_17,Groceries,2.31,1,0.0,2.31,2.31,1.24,1.07,Debit Card,VIP,35.0,Male,3.6,4.0
ORD100964,2024-11-23,East,Store_18,Sports,92.89,2,15.0,297.25,252.66,163.06,89.6,Credit Card,New,26.0,Other,5.0,5.0
ORD100541,2023-02-10,Central,Store_05,Groceries,32.39,1,0.0,32.39,32.39,21.13,11.26,Credit Card,Returning,27.0,Male,4.1,3.0
ORD105247,2024-11-11,South,Store_16,Clothing,33.04,1,15.0,52.86,44.93,20.49,24.44,Mobile Wallet,VIP,40.0,Female,4.2,5.0
ORD100533,2023-07-27,East,Store_02,Clothing,110.05,1,0.0,132.06,132.06,96.75,35.31,Credit Card,New,38.0,Male,4.7,5.0
ORD101921,2024-01-27,West,Store_17,Beauty,39.17,1,5.0,39.17,37.21,22.08,15.13,Cash,Returning,36.0,Male,3.2,3.0
ORD102780,2023-08-16,Central,Store_13,Home & Living,121.78,1,0.0,121.78,121.78,74.09,47.69,Debit Card,Returning,42.0,Male,5.0,3.0
ORD100633,2023-10-05,Central,Store_05,Groceries,17.55,2,10.0,35.1,31.59,18.54,13.05,Mobile Wallet,New,53.0,Female,3.9,0.0
ORD100556,2024-06-21,South,Store_16,Groceries,37.14,2,0.0,89.14,89.14,46.82,42.32,Bank Transfer,New,50.0,Male,3.7,3.0
ORD105984,2023-04-13,North,Store_08,Electronics,574.61,1,5.0,574.61,545.88,258.04,287.84,Bank Transfer,New,16.0,Male,4.9,0.0
ORD104806,2023-12-08,Central,Store_10,Clothing,113.39,2,0.0,362.85,362.85,176.93,185.92,Credit Card,New,27.0,Male,4.4,6.0
ORD102894,2023-07-10,North,Store_03,Clothing,130.68,1,10.0,156.82,141.14,84.25,56.89,Bank Transfer,Returning,16.0,Male,4.0,3.0
ORD104807,2024-10-13,North,Store_16,Sports,282.78,3,0.0,848.34,848.34,503.81,344.53,Cash,Returning,42.0,Male,3.9,3.0
ORD100590,2024-08-07,West,Store_14,Beauty,85.76,1,5.0,85.76,81.47,53.31,28.16,Debit Card,New,,Female,2.7,3.0
ORD102470,2024-10-13,South,Store_08,Home & Living,344.93,1,0.0,344.93,344.93,216.35,128.58,Bank Transfer,New,49.0,Male,3.5,3.0
ORD101344,2023-05-17,North,Store_02,Groceries,38.14,2,10.0,76.28,68.65,45.42,23.23,Cash,Returning,44.0,Male,5.0,0.0
ORD100886,2023-02-08,South,Store_05,Electronics,281.57,1,25.0,281.57,211.18,119.48,91.7,Mobile Wallet,New,44.0,Female,3.7,3.0
ORD103313,2023-06-14,West,Store_07,Groceries,24.97,2,20.0,59.93,47.94,28.16,19.78,Mobile Wallet,VIP,40.0,Other,4.1,2.0
ORD104777,2024-06-30,South,Store_12,Beauty,25.77,3,5.0,92.77,88.13,39.84,48.29,Cash,VIP,32.0,Female,3.6,4.0
ORD103085,2023-09-21,West,Store_05,Home & Living,175.0,2,5.0,350.0,332.5,152.92,179.58,Bank Transfer,New,49.0,Male,4.2,7.0
ORD105608,2024-03-19,North,Store_20,Electronics,495.31,1,0.0,495.31,495.31,318.97,176.34,Mobile Wallet,VIP,46.0,Female,4.7,2.0
ORD100495,2023-10-29,West,Store_06,Electronics,494.56,3,0.0,1483.68,1483.68,730.57,753.11,Cash,VIP,16.0,Female,3.7,4.0
ORD103839,2024-11-26,North,Store_09,Clothing,70.38,1,0.0,112.61,112.61,80.82,31.79,Bank Transfer,Returning,39.0,Female,,4.0
ORD103353,2024-06-15,East,Store_07,Groceries,38.05,1,0.0,45.66,45.66,30.66,15.0,Mobile Wallet,Returning,36.0,Male,3.6,5.0
ORD100362,2023-06-13,North,Store_10,Groceries,23.98,4,0.0,115.1,115.1,55.91,59.19,Debit Card,New,47.0,Male,3.4,4.0
ORD105740,2024-07-01,North,Store_18,Beauty,117.3,1,5.0,140.76,133.72,93.78,39.94,Bank Transfer,New,56.0,Male,3.1,5.0
ORD101150,2023-09-28,Central,Store_03,Home & Living,0.0,1,0.0,90.71,90.71,46.43,44.28,Bank Transfer,Returning,64.0,Male,4.1,4.0
ORD104560,2023-12-23,Central,Store_20,Beauty,109.33,1,10.0,174.93,157.44,90.7,66.74,Credit Card,Returning,57.0,Male,5.0,7.0
ORD103667,2023-05-13,North,Store_12,Sports,146.45,1,5.0,146.45,139.13,75.0,64.13,Bank Transfer,Returning,50.0,Other,3.2,5.0
ORD104736,2023-02-14,North,Store_08,Clothing,178.56,1,0.0,178.56,178.56,133.21,45.35,Cash,Returning,45.0,Female,4.1,0.0
ORD105098,2024-11-15,North,Store_11,Home & Living,211.76,2,,677.63,508.22,368.13,140.09,Credit Card,New,,Male,3.9,3.0
ORD101032,2024-06-17,West,Store_12,Beauty,13.42,3,0.0,48.31,48.31,23.59,24.72,Bank Transfer,Returning,28.0,Female,2.9,4.0
ORD105179,2023-10-21,North,Store_19,Groceries,45.0,3,0.0,135.0,135.0,98.71,36.29,Credit Card,Returning,60.0,Male,4.4,4.0
ORD102134,2023-11-18,South,Store_16,Electronics,232.19,2,0.0,743.01,743.01,412.26,330.75,Debit Card,Returning,30.0,Male,4.4,5.0
ORD104104,2023-02-26,South,Store_04,Electronics,529.86,1,25.0,529.86,397.39,262.89,134.5,Credit Card,Returning,42.0,Male,3.7,4.0
ORD103812,2024-05-07,West,Store_10,Electronics,68.52,1,0.0,68.52,68.52,49.51,19.01,Mobile Wallet,Returning,55.0,Female,4.9,5.0
ORD105474,2023-02-11,West,Store_09,Sports,136.31,1,10.0,136.31,122.68,81.33,41.35,Credit Card,New,41.0,Male,3.8,1.0
ORD100662,2023-01-26,South,Store_15,Electronics,978.48,1,0.0,978.48,10735.127629007575,699.82,2511.9422947150015,Bank Transfer,Returning,21.0,Female,5.0,2.0
ORD100993,2023-11-11,South,Store_13,Home & Living,439.37,1,0.0,702.99,702.99,380.41,322.58,Bank Transfer,Returning,46.0,Male,5.0,7.0
ORD100648,2024-12-02,South,Store_16,Groceries,6.56,1,5.0,10.5,9.97,4.85,5.12,Bank Transfer,New,24.0,Female,3.7,4.0
ORD102264,2023-03-19,South,Store_01,Home & Living,389.99,1,15.0,389.99,331.49,207.83,123.66,Mobile Wallet,VIP,16.0,Male,5.0,5.0
ORD103025,2024-04-02,East,Store_04,Groceries,8.26,2,0.0,16.52,16.52,11.4,5.12,Mobile Wallet,Returning,28.0,Female,4.0,5.0
ORD101712,2024-10-04,East,Store_12,Groceries,55.7,1,0.0,55.7,55.7,37.33,18.37,Cash,Returning,23.0,Female,3.9,3.0
ORD100070,2024-08-03,South,Store_09,Clothing,149.14,2,0.0,298.28,298.28,159.58,138.7,Mobile Wallet,New,47.0,Female,4.3,5.0
ORD104846,2024-09-03,West,Store_20,Groceries,13.1,1,5.0,13.1,12.44,8.05,4.39,Credit Card,New,16.0,Female,3.2,8.0
ORD104359,2024-12-08,East,Store_08,Groceries,56.79,2,0.0,181.73,181.73,106.23,75.5,Debit Card,New,36.0,Male,5.0,4.0
ORD103317,2023-10-19,East,Store_03,Sports,221.13,5,5.0,1105.65,1050.37,504.1,546.27,Debit Card,Returning,22.0,Female,4.2,4.0
ORD102811,2023-07-28,North,Store_06,Sports,114.86,1,20.0,137.83,110.26,68.96,41.3,Debit Card,Returning,58.0,Female,3.7,1.0
ORD100578,2024-10-14,South,Store_15,Groceries,21.42,1,0.0,21.42,21.42,12.01,9.41,Credit Card,Returning,35.0,Female,5.0,5.0
ORD104760,2024-12-07,West,Store_13,Groceries,56.28,1,0.0,90.05,90.05,67.41,22.64,Credit Card,New,54.0,Male,3.1,8.0
ORD102587,2023-08-23,West,Store_11,Groceries,44.39,1,5.0,44.39,42.17,20.85,21.32,Mobile Wallet,New,28.0,Male,2.8,8.0
ORD101686,2023-11-09,South,Store_08,Electronics,174.05,1,0.0,278.48,278.48,161.93,116.55,Debit Card,Returning,,Female,3.8,0.0
ORD104192,2024-06-25,West,Store_17,Clothing,47.66,1,0.0,57.19,57.19,35.77,21.42,Cash,New,22.0,Male,5.0,5.0
ORD101258,2024-01-30,North,Store_01,Groceries,19.93,1,0.0,19.93,19.93,11.09,8.84,Credit Card,Returning,23.0,Male,4.6,5.0
ORD105572,2023-06-24,Central,Store_18,Clothing,126.1,1,10.0,151.32,136.19,64.72,71.47,Bank Transfer,New,29.0,Female,4.4,2.0
ORD102226,2024-10-02,Central,Store_04,Electronics,809.51,1,0.0,809.51,809.51,402.16,407.35,Mobile Wallet,VIP,16.0,Female,5.0,3.0
ORD105705,2024-08-17,North,Store_16,Electronics,863.47,1,0.0,863.47,863.47,548.84,314.63,Cash,Returning,47.0,Male,4.0,5.0
ORD101312,2024-07-23,West,Store_06,Groceries,39.22,2,10.0,94.13,84.72,50.73,33.99,Mobile Wallet,New,25.0,Female,2.9,0.0
ORD100361,2024-10-12,North,Store_20,Beauty,139.19,1,10.0,139.19,125.27,76.52,48.75,Bank Transfer,Returning,54.0,Male,3.5,3.0
ORD102423,2024-08-26,North,Store_13,Clothing,161.96,2,5.0,323.92,307.72,156.18,151.54,Bank Transfer,Returning,29.0,Female,3.3,3.0
ORD105147,2024-08-26,West,Store_15,Electronics,689.47,2,,1378.94,1103.15,804.7,298.45,Bank Transfer,VIP,30.0,Female,4.4,3.0
ORD103768,2024-08-12,North,Store_17,Groceries,13.78,1,,13.78,13.09,9.64,3.45,Bank Transfer,Returning,24.0,Male,3.6,4.0
ORD104456,2024-03-07,Central,Store_04,Sports,71.59,3,5.0,214.77,204.03,150.13,53.9,Credit Card,New,41.0,Female,3.7,4.0
ORD105616,2024-08-05,Central,Store_01,Clothing,68.56,1,20.0,68.56,54.85,32.11,22.74,Mobile Wallet,New,38.0,Male,3.9,6.0
ORD103507,2024-08-15,South,Store_02,Beauty,111.67,1,5.0,111.67,106.09,71.89,34.2,Bank Transfer,VIP,67.0,Male,2.9,4.0
ORD104107,2024-09-07,South,Store_10,Sports,124.73,1,0.0,124.73,124.73,80.84,43.89,Debit Card,Returning,45.0,Female,4.7,4.0
ORD103143,2024-02-19,South,Store_04,Electronics,491.38,4,0.0,1965.52,1965.52,1286.8,678.72,Cash,New,16.0,Other,4.8,2.0
ORD102905,2024-09-22,East,Store_13,Electronics,1090.42,1,10.0,1090.42,981.38,558.46,422.92,Debit Card,VIP,23.0,Female,3.5,4.0
ORD102762,2023-09-24,East,Store_08,Clothing,53.18,1,10.0,53.18,47.86,34.31,13.55,Mobile Wallet,New,31.0,Male,5.0,6.0
ORD103345,2024-07-08,East,Store_15,Home & Living,179.46,2,0.0,430.7,430.7,280.47,150.23,Bank Transfer,New,42.0,Male,4.6,2.0
ORD105798,2024-02-15,West,Store_15,Beauty,101.17,1,10.0,101.17,91.05,60.92,30.13,Bank Transfer,New,49.0,Other,3.0,5.0
ORD105340,2023-08-09,Central,Store_04,Home & Living,317.72,1,0.0,317.72,317.72,186.11,131.61,Mobile Wallet,Returning,56.0,Female,3.7,5.0
ORD104230,2023-02-23,Central,Store_20,Sports,210.58,1,0.0,210.58,210.58,117.25,93.33,Debit Card,New,30.0,Male,2.7,4.0
ORD104597,2023-01-04,West,Store_19,Groceries,4.79,1,0.0,4.79,4.79,3.49,1.3,Credit Card,Returning,22.0,Female,4.0,6.0
ORD102331,2024-09-20,North,Store_07,Electronics,545.73,1,0.0,545.73,545.73,261.29,284.44,Debit Card,Returning,39.0,Male,4.2,4.0
ORD104526,2023-01-14,North,Store_06,Groceries,52.46,2,0.0,104.92,104.92,47.53,57.39,Debit Card,Returning,40.0,Female,4.1,1.0
ORD102971,2023-02-07,East,Store_06,Clothing,104.31,1,0.0,104.31,104.31,49.29,55.02,Mobile Wallet,New,34.0,Female,4.2,7.0
ORD104340,2023-02-07,South,Store_15,Electronics,807.53,3,5.0,2422.59,2301.46,1045.65,1255.81,Mobile Wallet,New,52.0,Female,3.1,2.0
ORD104158,2023-05-26,South,Store_01,Sports,120.41,1,0.0,120.41,120.41,77.97,42.44,Mobile Wallet,New,23.0,Male,3.6,1.0
ORD104946,2023-09-28,Central,Store_15,Sports,43.27,1,0.0,43.27,43.27,22.21,21.06,Bank Transfer,VIP,28.0,Female,4.0,3.0
ORD104508,2023-07-13,East,Store_16,Groceries,4.09,1,0.0,4.91,4.91,2.48,2.43,Debit Card,Returning,46.0,Male,4.6,4.0
ORD102772,2023-05-29,Central,Store_09,Clothing,126.62,1,20.0,126.62,101.3,51.1,50.2,Credit Card,Returning,34.0,Male,3.7,4.0
ORD102629,2023-01-29,West,Store_14,Beauty,68.54,1,0.0,68.54,68.54,47.86,20.68,Debit Card,VIP,30.0,Female,2.5,5.0
ORD104619,2024-10-17,East,Store_07,Beauty,26.2,2,0.0,52.4,52.4,30.68,21.72,Mobile Wallet,New,16.0,Female,3.8,5.0
ORD100009,2023-03-10,South,Store_14,Groceries,43.25,2,0.0,86.5,86.5,55.34,31.16,Credit Card,New,26.0,Male,3.6,4.0
ORD104029,2023-10-30,Central,Store_12,Groceries,33.32,1,5.0,33.32,31.65,21.48,10.17,Mobile Wallet,VIP,34.0,Male,3.1,5.0
ORD104628,2024-07-10,East,Store_08,Clothing,104.55,2,0.0,250.92,250.92,143.56,107.36,Bank Transfer,VIP,27.0,Female,4.1,4.0
ORD105412,2024-01-06,East,Store_03,Groceries,27.11,2,10.0,54.22,48.8,35.43,13.37,Debit Card,Returning,27.0,Male,3.4,1.0
ORD100405,2024-01-01,South,Store_19,Clothing,189.58,2,20.0,379.16,303.33,153.57,149.76,Bank Transfer,New,54.0,Male,5.0,3.0
ORD102000,2024-10-03,South,Store_14,Home & Living,99.28,2,0.0,198.56,198.56,94.29,104.27,Credit Card,Returning,32.0,Female,4.7,1.0
ORD100873,2023-04-02,North,Store_06,Sports,278.92,1,0.0,278.92,278.92,208.59,70.33,Mobile Wallet,Returning,58.0,Female,2.7,3.0
ORD103437,2024-04-25,South,Store_18,Sports,142.41,1,0.0,142.41,142.41,86.83,55.58,Mobile Wallet,Returning,52.0,Female,3.0,1.0
ORD105154,2024-08-07,South,Store_01,Home & Living,326.03,2,0.0,652.06,652.06,460.21,191.85,Mobile Wallet,New,61.0,Female,3.1,
ORD101017,2023-12-27,West,Store_01,Groceries,11.58,3,0.0,55.58,55.58,37.97,17.61,Cash,VIP,,Male,2.8,6.0
ORD103489,2024-06-02,South,Store_10,Groceries,15.12,1,0.0,18.14,18.14,13.28,4.86,Cash,Returning,30.0,Male,3.4,3.0
ORD105855,2024-03-05,South,Store_18,Groceries,28.13,1,15.0,28.13,23.91,14.49,9.42,Cash,New,28.0,Male,2.8,2.0
ORD104122,2024-12-20,Central,Store_05,Groceries,27.26,1,25.0,43.62,32.72,21.34,11.38,Debit Card,New,54.0,Male,5.0,3.0
ORD104298,2023-01-27,West,Store_09,Groceries,30.94,1,15.0,30.94,26.3,13.4,12.9,Credit Card,Returning,54.0,Male,3.4,3.0
ORD101066,2024-11-06,West,Store_07,Beauty,148.7,1,10.0,237.92,214.13,98.41,115.72,Mobile Wallet,VIP,42.0,Male,3.7,5.0
ORD103279,2024-06-16,North,Store_16,Beauty,110.52,1,0.0,132.62,132.62,80.87,51.75,Debit Card,Returning,35.0,Other,2.6,0.0
ORD104233,2023-07-13,Central,Store_19,Groceries,38.84,1,5.0,46.61,44.28,30.3,13.98,Credit Card,VIP,36.0,Male,5.0,3.0
ORD105506,2023-03-21,North,Store_04,Beauty,58.1,1,0.0,58.1,58.1,41.01,17.09,Cash,VIP,17.0,Male,4.2,3.0
ORD103535,2023-02-24,West,Store_12,Electronics,798.89,1,10.0,798.89,719.0,496.53,222.47,Cash,New,50.0,Female,4.4,5.0
ORD105230,2023-04-09,South,Store_15,Beauty,41.89,1,0.0,41.89,41.89,30.78,11.11,Cash,New,30.0,Female,5.0,5.0
ORD105259,2023-06-26,East,Store_19,GROCERIES,4.56,1,0.0,5.47,5.47,3.86,1.61,Mobile Wallet,Returning,25.0,Female,4.9,4.0
ORD102909,2023-09-11,South,Store_15,Beauty,134.94,1,10.0,134.94,121.45,85.47,35.98,Bank Transfer,VIP,38.0,Female,3.8,6.0
ORD100855,2024-09-12,North,Store_16,Groceries,8.56,2,5.0,17.12,16.26,7.52,8.74,Credit Card,VIP,52.0,Female,3.6,1.0
ORD100445,2024-04-28,South,Store_02,Electronics,493.73,4,0.0,1974.92,1974.92,1143.11,831.81,Mobile Wallet,New,46.0,Female,4.2,5.0
ORD105444,2023-07-03,South,Store_04,Home & Living,21.74,2,20.0,52.18,41.74,23.66,18.08,Mobile Wallet,New,17.0,Female,4.6,3.0
ORD104355,2024-08-24,West,,Clothing,78.56,4,10.0,314.24,282.82,201.16,81.66,Debit Card,Returning,35.0,Male,2.1,0.0
ORD101429,2024-07-28,West,Store_04,Electronics,941.72,1,0.0,1130.06,1130.06,763.02,367.04,Credit Card,New,18.0,Male,4.0,2.0
ORD102019,2023-12-03,North,Store_04,Beauty,23.74,4,0.0,151.94,151.94,113.16,38.78,Bank Transfer,New,28.0,Male,3.7,4.0
ORD100284,2023-11-19,South,Store_01,Clothing,69.7,2,0.0,223.04,223.04,133.48,89.56,Credit Card,Returning,45.0,Male,5.0,5.0
ORD104997,2024-08-21,North,Store_16,Home & Living,406.35,1,0.0,406.35,406.35,223.13,183.22,Credit Card,Returning,37.0,Other,4.9,0.0
ORD102036,2024-03-02,South,Store_19,Clothing,51.21,2,5.0,102.42,97.3,50.61,46.69,Bank Transfer,Returning,16.0,Other,3.3,4.0
ORD102984,2024-06-09,Central,Store_09,Groceries,52.85,4,5.0,253.68,241.0,161.75,79.25,Debit Card,New,24.0,Male,4.5,2.0
ORD105342,2024-02-18,South,Store_11,Groceries,4.1,1,0.0,4.1,4.1,3.0,1.1,Debit Card,Returning,54.0,Male,,0.0
ORD105109,2023-07-28,North,Store_19,Home & Living,319.87,1,0.0,383.84,383.84,249.28,134.56,Mobile Wallet,Returning,40.0,Male,4.6,6.0
ORD102685,2023-12-18,South,Store_17,Electronics,386.95,5,20.0,3095.6,2476.48,1623.23,853.25,Mobile Wallet,Returning,60.0,Female,4.2,3.0
ORD105537,2024-09-06,Central,Store_05,Beauty,137.51,2,0.0,275.02,275.02,153.69,121.33,Mobile Wallet,Returning,16.0,Female,3.5,5.0
ORD105439,2024-02-11,Central,Store_13,Clothing,12.98,1,0.0,12.98,12.98,7.21,5.77,Credit Card,New,53.0,Male,4.7,4.0
ORD104762,2023-03-13,Central,Store_02,Beauty,127.82,1,0.0,127.82,127.82,90.66,37.16,Bank Transfer,New,29.0,Male,,6.0
ORD104542,2024-11-07,North,Store_06,Groceries,7.51,2,0.0,24.03,24.03,16.59,7.44,Credit Card,VIP,40.0,Male,,2.0
ORD101897,2024-09-30,West,Store_18,Clothing,59.85,1,0.0,59.85,59.85,31.66,28.19,Bank Transfer,Returning,48.0,Male,5.0,2.0
ORD105725,2023-08-20,North,Store_04,Groceries,19.49,1,0.0,19.49,19.49,9.0,10.49,Bank Transfer,New,36.0,Female,,3.0
ORD101544,2023-06-18,East,Store_13,Groceries,9.21,1,5.0,11.05,10.5,7.33,3.17,Credit Card,New,16.0,Female,5.0,2.0
ORD105288,2023-07-13,North,Store_20,Clothing,125.54,2,20.0,301.3,241.04,173.62,67.42,Mobile Wallet,Returning,22.0,Female,5.0,2.0
ORD102323,2024-04-21,Central,Store_06,Home & Living,411.61,1,5.0,411.61,391.03,233.91,157.12,Mobile Wallet,New,28.0,Female,3.8,1.0
ORD102775,2023-08-09,East,Store_14,Electronics,548.68,1,25.0,548.68,411.51,191.19,220.32,Debit Card,Returning,48.0,Male,4.6,2.0
ORD104986,2024-12-06,Central,Store_01,Groceries,17.86,1,20.0,28.58,22.86,11.87,10.99,Cash,New,16.0,Female,3.8,
ORD104277,2024-07-12,South,Store_12,Sports,131.52,1,0.0,157.82,157.82,87.56,70.26,Cash,Returning,16.0,Female,3.3,2.0
ORD100498,2024-11-07,South,Store_02,Home & Living,269.14,2,10.0,861.25,775.13,354.21,420.92,Bank Transfer,Returning,18.0,Male,4.7,4.0
ORD103003,2024-12-02,Central,Store_03,Home & Living,318.89,2,10.0,1020.45,918.4,658.0,260.4,Cash,VIP,71.0,Female,4.0,2.0
ORD104258,2024-03-17,South,Store_13,Electronics,136.84,1,15.0,136.84,116.31,72.97,43.34,Debit Card,Returning,47.0,Female,4.1,4.0
ORD102079,2023-04-02,East,Store_06,Electronics,558.42,1,0.0,558.42,558.42,326.85,231.57,Debit Card,New,22.0,Male,3.8,4.0
ORD100379,2023-07-11,South,Store_11,Clothing,93.48,1,15.0,112.18,95.35,66.4,28.95,Mobile Wallet,Returning,30.0,Female,1.5,4.0
ORD104321,2023-11-24,South,Store_01,Electronics,1111.32,1,0.0,1778.11,1778.11,841.39,936.72,Credit Card,Returning,45.0,Female,4.0,4.0
ORD102983,2024-08-23,North,Store_18,Groceries,29.68,2,0.0,59.36,59.36,27.3,32.06,Cash,Returning,44.0,Female,5.0,5.0
ORD101052,2024-01-02,East,Store_15,Clothing,195.45,1,0.0,195.45,195.45,145.23,50.22,Debit Card,New,41.0,Female,4.5,1.0
ORD100190,2024-05-14,South,Store_04,Clothing,198.37,1,0.0,198.37,198.37,94.77,103.6,Credit Card,Returning,56.0,Other,2.4,2.0
ORD102730,2024-12-02,South,Store_14,Electronics,320.61,1,5.0,512.98,487.33,222.36,264.97,Bank Transfer,VIP,27.0,Female,3.5,5.0
ORD101720,2023-03-06,North,Store_11,Sports,183.12,2,0.0,366.24,366.24,270.93,95.31,Cash,New,42.0,,,2.0
ORD103242,2024-10-17,North,Store_11,Groceries,29.31,1,15.0,29.31,24.91,17.94,6.97,Credit Card,VIP,42.0,Male,5.0,3.0
ORD102595,2023-05-02,North,Store_06,Sports,223.72,1,0.0,223.72,223.72,158.71,65.01,Debit Card,Returning,31.0,Male,4.9,4.0
ORD100020,2024-01-01,East,Store_09,Groceries,8.66,1,0.0,8.66,8.66,5.98,2.68,Debit Card,Returning,38.0,Male,4.7,0.0
ORD103083,2023-06-25,Central,Store_19,Groceries,58.71,2,0.0,140.9,140.9,105.59,35.31,Debit Card,Returning,31.0,Female,4.1,5.0
ORD104727,2024-10-09,Central,Store_20,Beauty,139.12,1,10.0,139.12,125.21,85.5,39.71,Credit Card,New,27.0,Male,3.6,1.0
ORD105713,2024-04-27,West,Store_07,Groceries,15.94,1,0.0,15.94,15.94,7.7,8.24,Debit Card,Returning,53.0,Male,3.6,4.0
ORD102020,2023-08-10,North,Store_03,Beauty,67.64,1,25.0,67.64,50.73,30.14,20.59,Cash,Returning,28.0,Male,4.9,6.0
ORD105852,2023-07-06,East,Store_14,Sports,44.85,1,0.0,53.82,53.82,39.18,14.64,Debit Card,New,18.0,Male,3.5,2.0
ORD103269,2024-12-18,Central,Store_06,Electronics,149.81,1,0.0,239.7,239.7,131.73,107.97,Credit Card,VIP,28.0,Other,4.2,4.0
ORD104490,2023-05-18,South,Store_10,Groceries,4.45,2,0.0,8.9,8.9,5.19,3.71,Bank Transfer,Returning,38.0,Female,3.7,0.0
ORD100208,2023-07-12,South,Store_05,Groceries,8.39,5,0.0,50.34,50.34,25.56,24.78,Cash,Returning,,Male,5.0,1.0
ORD104444,2024-06-22,Central,Store_06,Clothing,136.77,3,0.0,492.37,492.37,247.59,244.78,Credit Card,Returning,31.0,,3.2,4.0
ORD103567,2023-04-23,South,Store_16,Electronics,326.35,1,0.0,326.35,326.35,222.35,104.0,Cash,Returning,35.0,Female,3.8,
ORD104207,2024-11-14,North,Store_11,Groceries,47.73,1,0.0,76.37,76.37,49.75,26.62,Credit Card,New,,Male,2.6,4.0
ORD104275,2024-07-18,North,Store_09,Groceries,58.58,1,20.0,70.3,56.24,38.63,17.61,Bank Transfer,New,49.0,Female,,0.0
ORD100150,2024-09-16,South,Store_10,Sports,134.13,1,0.0,134.13,134.13,80.5,53.63,Mobile Wallet,Returning,48.0,Male,3.6,0.0
ORD100022,2023-05-14,West,Store_04,Home & Living,476.5,1,20.0,476.5,381.2,239.56,141.64,Cash,Returning,35.0,Male,4.9,3.0
ORD104680,2023-08-26,West,Store_15,Home & Living,450.0,2,10.0,900.0,810.0,488.29,321.71,Cash,New,51.0,Male,4.6,0.0
ORD102701,2024-08-03,North,Store_08,Home & Living,119.38,1,0.0,119.38,119.38,81.93,37.45,Credit Card,Returning,36.0,Male,2.2,
ORD104585,2024-03-21,East,Store_09,Groceries,22.88,3,10.0,68.64,61.78,45.28,16.5,Cash,Returning,37.0,Female,3.9,4.0
ORD101331,2024-06-07,Central,Store_15,Home & Living,126.33,2,0.0,303.19,303.19,190.89,112.3,Cash,New,42.0,Female,4.5,6.0
ORD102893,2024-10-28,Central,Store_11,Electronics,207.35,1,0.0,207.35,207.35,113.1,94.25,Credit Card,New,29.0,Female,5.0,4.0
ORD100657,2024-04-07,South,Store_11,Sports,288.34,4,10.0,1153.36,1038.02,611.11,426.91,Mobile Wallet,VIP,57.0,Other,4.0,5.0
ORD103186,2024-07-12,South,Store_06,Beauty,73.89,4,10.0,354.67,319.2,177.59,141.61,Bank Transfer,VIP,45.0,Male,3.0,7.0
ORD101382,2023-09-11,South,Store_11,Electronics,767.91,1,5.0,767.91,729.51,467.63,261.88,Bank Transfer,Returning,52.0,Male,4.3,5.0
ORD101807,2023-12-18,East,Store_15,Groceries,10.29,2,0.0,32.93,273.7441472593711,15.75,147.20178118304025,Debit Card,Returning,40.0,Male,4.1,6.0
ORD105867,2024-10-05,West,Store_11,Groceries,37.91,1,0.0,37.91,37.91,24.19,13.72,Cash,VIP,16.0,Male,3.0,4.0
ORD101962,2023-04-15,West,Store_13,Electronics,671.76,1,10.0,671.76,604.58,283.31,321.27,Bank Transfer,Returning,30.0,Female,4.2,6.0
ORD103648,2024-12-30,East,Store_13,Electronics,889.84,3,5.0,4271.23,4057.67,2957.22,1100.45,Mobile Wallet,Returning,42.0,Male,3.7,3.0
ORD104027,2023-11-18,Central,Store_07,Groceries,37.35,2,0.0,119.52,119.52,65.69,53.83,Bank Transfer,Returning,76.0,Female,3.9,4.0
ORD104398,2023-02-20,North,Store_20,Clothing,86.48,1,0.0,86.48,86.48,44.78,41.7,Credit Card,Returning,40.0,Female,3.1,3.0
ORD102436,2024-04-11,North,Store_03,Home & Living,493.03,3,0.0,1479.09,1479.09,819.28,659.81,Credit Card,New,38.0,Male,,3.0
ORD100939,2024-01-07,North,Store_02,Groceries,2.64,3,25.0,7.92,5.94,4.21,1.73,Bank Transfer,Returning,40.0,Male,,4.0
ORD103412,2023-06-12,West,Store_11,Home & Living,55.79,1,0.0,66.95,66.95,32.53,34.42,Mobile Wallet,Returning,120.0,Other,4.2,4.0
ORD103145,2024-02-08,Central,Store_12,Electronics,1003.16,1,5.0,1003.16,953.0,565.82,387.18,Debit Card,Returning,24.0,Male,3.9,5.0
ORD105160,2023-10-06,East,Store_17,Groceries,30.81,1,15.0,30.81,26.19,13.4,12.79,Bank Transfer,VIP,20.0,Male,4.2,4.0
ORD101527,2023-04-11,West,Store_13,Electronics,163.76,1,0.0,163.76,163.76,119.36,44.4,Credit Card,New,58.0,Female,3.5,5.0
ORD100340,2024-04-08,South,Store_20,Groceries,42.02,1,5.0,42.02,39.92,22.74,17.18,Bank Transfer,New,,Male,5.0,7.0
ORD102575,2023-08-29,Central,Store_13,Groceries,44.09,2,5.0,88.18,83.77,48.84,34.93,Credit Card,New,32.0,Male,5.0,3.0
ORD100420,2024-11-08,North,Store_03,Clothing,24.61,1,0.0,39.38,39.38,27.39,11.99,Debit Card,New,32.0,Male,3.5,7.0
ORD100761,2024-02-08,East,Store_01,Groceries,33.14,2,15.0,66.28,56.34,38.05,18.29,Cash,New,38.0,Male,3.2,4.0
ORD105193,2023-03-06,East,Store_04,Home & Living,401.51,1,0.0,401.51,401.51,289.21,112.3,Cash,Returning,,Female,2.7,7.0
ORD105978,2023-05-31,Central,Store_16,Groceries,38.52,1,0.0,38.52,38.52,28.46,10.06,Debit Card,VIP,33.0,Female,3.2,4.0
ORD103789,2023-08-19,South,Store_03,Groceries,47.27,1,0.0,47.27,47.27,34.4,12.87,Bank Transfer,New,43.0,Male,4.7,1.0
ORD101868,2023-01-23,West,Store_04,Groceries,21.86,1,0.0,21.86,21.86,9.9,11.96,Debit Card,New,29.0,Female,3.8,6.0
ORD102582,2023-08-01,North,Store_19,Electronics,1038.63,1,0.0,1038.63,1038.63,537.52,501.11,Bank Transfer,VIP,24.0,Female,4.5,4.0
ORD102768,2023-12-16,South,Store_07,Sports,287.29,1,15.0,459.66,390.71,188.32,202.39,Credit Card,VIP,54.0,Male,3.8,4.0
ORD103694,2023-10-16,Central,Store_11,Electronics,161.69,1,0.0,161.69,161.69,120.36,41.33,Mobile Wallet,Returning,29.0,Female,3.8,7.0
ORD105650,2024-11-09,Central,Store_13,Groceries,10.89,1,0.0,17.42,17.42,11.43,5.99,Cash,New,16.0,Female,4.6,4.0
ORD100884,2024-08-16,North,Store_20,Electronics,639.08,1,0.0,639.08,639.08,348.08,291.0,Credit Card,New,39.0,Male,5.0,0.0
ORD104611,2023-08-25,East,Store_05,Groceries,7.04,2,0.0,14.08,14.08,10.38,3.7,Bank Transfer,VIP,16.0,Female,4.2,6.0
ORD104431,2023-03-06,East,Store_20,Groceries,23.0,2,10.0,46.0,41.4,23.34,18.06,Credit Card,Returning,48.0,Male,3.2,3.0
ORD102987,2024-07-24,North,Store_05,Electronics,127.59,1,10.0,153.11,137.8,84.62,53.18,Debit Card,VIP,37.0,Female,,3.0
ORD101286,2024-10-24,West,Store_14,Groceries,43.71,2,5.0,87.42,83.05,50.84,32.21,Debit Card,Returning,45.0,Female,3.8,4.0
ORD103063,2023-04-03,East,Store_10,Groceries,26.38,3,0.0,79.14,79.14,47.18,31.96,Cash,Returning,42.0,Female,4.0,1.0
ORD102946,2024-03-05,East,Store_01,Beauty,25.79,1,0.0,25.79,25.79,16.48,9.31,Debit Card,Returning,51.0,Female,,4.0
ORD100710,2024-05-10,South,Store_05,Groceries,24.2,2,25.0,48.4,36.3,24.79,11.51,Debit Card,VIP,68.0,,2.4,1.0
ORD105645,2023-02-09,North,Store_11,Electronics,888.32,1,20.0,888.32,710.66,369.3,341.36,Credit Card,Returning,26.0,Female,5.0,3.0
ORD100098,2024-04-09,West,Store_20,Clothing,184.57,2,0.0,369.14,369.14,180.94,188.2,Cash,VIP,28.0,Male,2.9,5.0
ORD100890,2023-03-14,East,Store_01,Groceries,13.17,1,0.0,13.17,13.17,7.98,5.19,Mobile Wallet,Returning,40.0,Male,4.3,5.0
ORD104240,2023-09-03,South,Store_03,Groceries,51.25,1,0.0,51.25,51.25,30.28,20.97,Cash,New,37.0,Male,4.4,0.0
ORD101982,2023-02-09,East,Store_10,Home & Living,90.13,1,0.0,90.13,90.13,51.82,38.31,Debit Card,Returning,37.0,Other,5.0,4.0
ORD102371,2024-08-23,Central,Store_19,Beauty,110.94,1,0.0,110.94,110.94,65.79,45.15,Cash,Returning,,Male,2.5,1.0
ORD103433,2023-09-03,South,Store_16,Clothing,33.37,1,25.0,33.37,25.03,12.55,12.48,Mobile Wallet,Returning,40.0,Female,2.7,5.0
ORD104060,2023-04-16,Central,Store_07,Groceries,47.29,1,0.0,47.29,47.29,30.26,17.03,Credit Card,VIP,47.0,Female,,4.0
ORD101039,2024-08-26,Central,Store_06,Home & Living,355.49,2,0.0,710.98,710.98,447.76,263.22,Debit Card,New,36.0,Other,3.5,3.0
ORD100139,2023-11-15,South,Store_09,Electronics,139.18,2,20.0,445.38,356.3,165.31,190.99,Bank Transfer,Returning,36.0,Female,5.0,4.0
ORD105596,2024-01-25,North,Store_18,Groceries,24.14,2,5.0,48.28,45.87,22.27,23.6,Cash,New,16.0,Male,5.0,2.0
ORD104290,2023-02-19,South,Store_08,Beauty,145.99,1,20.0,145.99,116.79,79.52,37.27,Mobile Wallet,Returning,25.0,Male,3.8,1.0
ORD101062,2023-04-16,North,Store_03,Home & Living,68.59,2,0.0,137.18,137.18,100.23,36.95,Bank Transfer,VIP,21.0,Female,4.2,7.0
ORD103467,2023-07-08,West,Store_10,Groceries,51.12,2,0.0,122.69,122.69,79.12,43.57,Credit Card,VIP,49.0,Other,5.0,6.0
ORD103468,2024-01-19,West,Store_12,Home & Living,265.07,1,5.0,265.07,251.82,124.96,126.86,Bank Transfer,Returning,40.0,Female,2.9,0.0
ORD101465,2023-03-23,Central,Store_08,Sports,291.93,1,5.0,291.93,277.33,179.41,97.92,Mobile Wallet,VIP,21.0,Male,4.3,0.0
ORD105540,2023-07-27,West,Store_06,Groceries,54.89,1,15.0,65.87,55.99,36.76,19.23,Mobile Wallet,Returning,,Female,2.3,3.0
ORD103361,2024-06-27,North,Store_15,Beauty,48.54,2,0.0,116.5,116.5,66.89,49.61,Bank Transfer,New,52.0,Female,3.5,2.0
ORD101991,2023-11-16,North,Store_15,Sports,101.79,1,10.0,162.86,146.57,75.28,71.29,Credit Card,Returning,47.0,Female,5.0,1.0
ORD105270,2023-05-15,East,Store_16,Home & Living,262.86,1,0.0,262.86,262.86,129.06,133.8,Bank Transfer,New,22.0,Female,3.3,3.0
ORD101398,2023-01-19,South,Store_07,Beauty,73.45,2,10.0,146.9,132.21,86.18,46.03,Debit Card,VIP,42.0,Male,4.6,2.0
ORD100670,2024-11-26,South,Store_02,Electronics,817.22,1,15.0,1307.55,1111.42,557.73,553.69,Debit Card,Returning,40.0,Male,5.0,6.0
ORD101262,2023-11-21,East,Store_20,Groceries,17.2,1,0.0,27.52,27.52,14.08,13.44,Debit Card,Returning,31.0,Female,3.5,0.0
ORD104493,2023-07-11,South,Store_03,Electronics,332.26,1,0.0,398.71,398.71,200.29,198.42,Credit Card,New,24.0,Male,3.3,4.0
ORD102942,2024-07-11,Central,Store_18,Electronics,530.76,2,0.0,1273.82,1273.82,579.64,694.18,Cash,New,30.0,Female,3.2,2.0
ORD105832,2024-08-23,East,Store_02,Beauty,98.69,1,5.0,98.69,93.76,53.51,40.25,Credit Card,Returning,,Male,3.8,7.0
ORD102022,2024-04-25,West,Store_10,Groceries,29.28,1,10.0,29.28,26.35,14.2,12.15,Mobile Wallet,Returning,42.0,Female,1.6,4.0
ORD101196,2024-06-04,South,Store_07,Groceries,18.74,1,0.0,22.49,22.49,12.33,10.16,Bank Transfer,Returning,35.0,Female,3.5,2.0
ORD100416,2024-12-08,South,Store_12,Groceries,2.06,2,0.0,6.59,6.59,3.94,2.65,Bank Transfer,Returning,49.0,Female,4.9,5.0
ORD104188,2023-01-31,North,Store_11,Groceries,40.79,4,0.0,163.16,163.16,83.59,79.57,Bank Transfer,VIP,56.0,Male,4.5,4.0
ORD103306,2023-07-21,East,Store_19,Clothing,43.56,2,5.0,104.54,99.31,48.86,50.45,Bank Transfer,New,41.0,Female,,1.0
ORD105480,2024-12-23,South,Store_12,Home & Living,452.98,2,0.0,1449.54,1449.54,970.91,478.63,Cash,New,53.0,Female,4.8,2.0
ORD104001,2024-09-07,Central,Store_09,Electronics,150.61,2,0.0,301.22,301.22,177.52,123.7,Cash,VIP,30.0,,4.4,0.0
ORD105168,2023-09-15,West,Store_17,Sports,233.64,2,5.0,467.28,443.92,209.54,234.38,Debit Card,Returning,24.0,Female,4.3,4.0
ORD102921,2024-07-16,South,Store_01,Groceries,31.47,1,0.0,37.76,37.76,25.54,12.22,Cash,Returning,32.0,Female,4.6,4.0
ORD101011,2024-08-06,North,Store_10,Clothing,138.28,1,0.0,138.28,138.28,80.3,57.98,Mobile Wallet,Returning,33.0,Female,4.0,3.0
ORD105801,2023-10-08,Central,Store_12,Sports,255.06,3,5.0,765.18,726.92,344.14,382.78,Debit Card,Returning,34.0,Female,4.6,6.0
ORD101236,2023-01-04,West,Store_07,Electronics,794.0,1,,794.0,714.6,434.84,279.76,Bank Transfer,New,37.0,Female,3.9,
ORD101703,2023-05-26,East,Store_03,Beauty,73.32,1,0.0,73.32,73.32,44.04,29.28,Credit Card,Returning,39.0,Male,4.0,6.0
ORD102607,2023-07-07,Central,Store_03,Groceries,48.11,2,15.0,115.46,98.14,51.1,47.04,Debit Card,New,31.0,Male,4.0,6.0
ORD100898,2023-02-21,West,Store_03,Groceries,12.76,1,15.0,12.76,10.85,5.91,4.94,Cash,Returning,36.0,Male,5.0,2.0
ORD100200,2023-09-25,North,Store_19,Groceries,3.81,4,0.0,15.24,15.24,8.47,6.77,Bank Transfer,Returning,39.0,Other,5.0,2.0
ORD101727,2024-02-21,Central,Store_06,Electronics,366.54,1,0.0,366.54,366.54,248.8,117.74,Bank Transfer,VIP,67.0,Female,3.1,2.0
ORD102739,2023-09-09,Central,Store_05,Sports,104.88,1,0.0,104.88,104.88,74.9,29.98,Mobile Wallet,New,31.0,Female,3.2,6.0
ORD102643,2023-12-07,North,Store_04,Groceries,10.88,1,0.0,17.41,17.41,10.13,7.28,Debit Card,Returning,25.0,Male,2.7,
ORD100734,2023-06-02,East,Store_10,Clothing,140.82,1,0.0,168.98,168.98,95.15,73.83,Cash,VIP,23.0,Female,3.4,2.0
ORD104303,2023-01-25,East,Store_09,Sports,145.13,1,0.0,145.13,145.13,106.68,38.45,Cash,Returning,57.0,Female,,6.0
ORD101206,2024-01-12,Central,Store_17,Electronics,823.06,1,0.0,823.06,823.06,515.64,307.42,Credit Card,Returning,32.0,Male,5.0,3.0
ORD102742,2024-01-09,East,Store_10,Groceries,26.53,1,0.0,26.53,26.53,16.29,10.24,Mobile Wallet,Returning,51.0,Female,4.0,4.0
ORD100599,2024-04-14,Central,Store_15,Groceries,20.19,2,0.0,40.38,40.38,22.88,17.5,Bank Transfer,New,43.0,Female,4.7,2.0
ORD104078,2023-06-30,Central,Store_19,Groceries,14.33,1,0.0,17.2,17.2,11.06,6.14,Bank Transfer,New,35.0,Male,3.4,3.0
ORD100400,2024-12-29,West,Store_06,Groceries,6.05,1,0.0,9.68,9.68,5.16,4.52,Cash,VIP,38.0,Female,4.2,2.0
ORD102360,2024-04-18,West,Store_02,Home & Living,141.95,2,0.0,283.9,283.9,199.01,84.89,Cash,Returning,35.0,Female,2.3,3.0
ORD101776,2023-08-31,East,Store_17,Clothing,167.67,2,5.0,335.34,318.57,147.81,170.76,Credit Card,VIP,24.0,Male,3.4,0.0
ORD105304,2023-06-20,South,Store_04,Groceries,21.28,2,0.0,51.07,51.07,29.92,21.15,Cash,New,34.0,Female,3.5,5.0
ORD100514,2024-12-01,West,Store_19,Sports,237.42,1,25.0,379.87,284.9,156.22,128.68,Bank Transfer,Returning,58.0,Female,3.1,3.0
ORD104710,2023-07-28,North,Store_01,Groceries,50.33,1,0.0,60.4,60.4,39.65,20.75,Mobile Wallet,Returning,73.0,Female,2.9,3.0
ORD104364,2024-02-27,East,Store_14,Groceries,8.1,1,0.0,8.1,8.1,4.84,3.26,Cash,New,,Female,3.7,4.0
ORD104174,2023-10-20,North,Store_03,Clothing,134.89,2,10.0,269.78,242.8,145.52,97.28,Credit Card,Returning,35.0,Female,4.3,3.0
ORD104920,2024-12-13,South,Store_06,Home & Living,88.9,1,0.0,142.24,142.24,97.99,44.25,Mobile Wallet,Returning,25.0,Female,5.0,5.0
ORD100814,2024-07-21,North,Store_10,SPORTS,93.61,1,25.0,112.33,84.25,52.23,32.02,Cash,Returning,,Female,3.3,1.0
ORD104552,2023-03-14,West,Store_02,Groceries,43.95,1,0.0,43.95,43.95,22.41,21.54,Cash,Returning,33.0,Male,3.1,0.0
ORD100891,2024-06-02,Central,Store_07,Groceries,57.17,1,5.0,68.6,65.17,39.55,25.62,Credit Card,Returning,38.0,Male,5.0,2.0
ORD101505,2023-06-27,South,Store_11,Clothing,73.08,2,15.0,175.39,149.08,87.85,61.23,Cash,New,,Male,3.5,6.0
ORD105134,2024-06-14,North,Store_03,Electronics,604.08,4,0.0,2899.58,2899.58,2046.51,853.07,Debit Card,Returning,50.0,Female,3.3,5.0
ORD104512,2023-03-31,North,Store_19,Clothing,111.2,2,0.0,222.4,222.4,143.13,79.27,Debit Card,Returning,48.0,Male,2.8,4.0
ORD102501,2023-03-14,South,Store_10,Clothing,59.99,1,0.0,59.99,59.99,34.16,25.83,Credit Card,VIP,37.0,Female,3.0,3.0
ORD101035,2024-06-26,North,Store_11,Clothing,191.81,1,25.0,230.17,172.63,86.82,85.81,Debit Card,New,43.0,Female,3.6,5.0
ORD103404,2023-10-14,East,Store_01,Sports,29.94,4,0.0,119.76,119.76,69.73,50.03,Cash,New,16.0,Male,5.0,3.0
ORD100219,2024-10-20,South,Store_08,Groceries,35.66,1,0.0,35.66,35.66,18.0,17.66,Debit Card,New,38.0,Female,5.0,5.0
ORD103453,2023-09-12,West,Store_07,Clothing,47.31,3,0.0,141.93,141.93,83.86,58.07,Cash,New,48.0,Male,,0.0
ORD102791,2023-04-24,Central,Store_17,Groceries,32.59,1,0.0,32.59,32.59,23.64,8.95,Mobile Wallet,New,59.0,Male,2.7,5.0
ORD103681,2023-01-24,South,Store_20,Home & Living,58.47,1,25.0,58.47,43.85,24.04,19.81,Credit Card,Returning,,Male,3.0,4.0
ORD100133,2024-02-13,East,Store_17,Groceries,51.72,1,0.0,51.72,51.72,38.38,13.34,Debit Card,New,58.0,Male,4.7,
ORD105001,2023-01-25,North,Store_09,Beauty,55.61,1,0.0,55.61,55.61,32.5,23.11,Credit Card,Returning,37.0,Female,5.0,6.0
ORD105336,2024-06-23,West,Store_02,Electronics,651.51,1,10.0,781.81,703.63,451.32,252.31,Credit Card,New,,Male,3.5,3.0
ORD100821,2024-04-30,East,Store_08,Electronics,285.26,4,0.0,1141.04,1141.04,730.73,410.31,Cash,Returning,45.0,Female,5.0,5.0
ORD102568,2023-10-04,North,Store_14,Home & Living,30.57,1,0.0,30.57,30.57,17.6,12.97,Debit Card,New,54.0,Other,4.7,3.0
ORD101509,2024-05-13,North,Store_06,Groceries,25.72,1,,25.72,25.72,14.43,11.29,Cash,New,16.0,Male,4.2,5.0
ORD101414,2024-03-03,North,Store_01,Clothing,194.21,1,0.0,194.21,194.21,106.95,87.26,Credit Card,New,38.0,Female,,2.0
ORD103687,2024-11-17,North,Store_19,Electronics,497.87,1,0.0,796.59,796.59,423.76,372.83,Bank Transfer,New,31.0,Male,4.3,4.0
ORD102653,2023-09-30,South,Store_14,Groceries,7.55,1,10.0,7.55,6.79,4.34,2.45,Mobile Wallet,New,36.0,Female,4.3,5.0
ORD102573,2023-10-13,West,Store_17,Electronics,507.45,1,5.0,507.45,482.08,336.76,145.32,Bank Transfer,Returning,43.0,Male,4.1,1.0
ORD103445,2024-06-03,South,Store_07,Electronics,786.06,1,0.0,943.27,943.27,666.58,276.69,Debit Card,VIP,36.0,Male,4.8,6.0
ORD105361,2024-08-07,South,Store_20,Groceries,34.48,1,5.0,34.48,32.76,15.22,17.54,Mobile Wallet,Returning,54.0,Female,3.7,4.0
ORD105878,2024-04-24,West,Store_17,Clothing,13.25,2,0.0,26.5,26.5,19.2,7.3,Credit Card,Returning,27.0,Male,4.0,0.0
ORD102970,2024-03-22,South,Store_03,Electronics,912.1,2,5.0,1824.2,1732.99,879.7,853.29,Mobile Wallet,New,39.0,Male,1.8,3.0
ORD104925,2023-03-07,West,Store_04,Groceries,58.67,1,0.0,58.67,58.67,36.73,21.94,Cash,VIP,16.0,Female,3.9,4.0
ORD100600,2024-03-25,South,Store_17,Groceries,53.52,1,0.0,53.52,53.52,38.76,14.76,Debit Card,Returning,54.0,Female,3.5,3.0
ORD104072,2024-08-31,West,Store_18,Groceries,8.64,1,15.0,8.64,7.34,4.95,2.39,Bank Transfer,New,48.0,Female,5.0,3.0
ORD102368,2023-04-29,North,Store_17,Beauty,31.59,2,0.0,63.18,63.18,44.04,19.14,Mobile Wallet,New,57.0,Male,5.0,4.0
ORD104905,2024-04-13,West,Store_09,Groceries,10.65,1,10.0,10.65,9.58,6.78,2.8,Debit Card,VIP,47.0,Male,3.1,4.0
ORD104126,2023-02-03,North,Store_06,Electronics,691.01,5,0.0,3455.05,3455.05,2543.03,912.02,Mobile Wallet,New,42.0,Male,2.7,3.0
ORD105551,2023-09-16,East,Store_17,Electronics,1125.71,1,0.0,1125.71,1125.71,789.56,336.15,Credit Card,Returning,,Female,3.7,5.0
ORD100854,2023-07-30,South,Store_09,Sports,201.27,1,15.0,241.52,205.29,108.08,97.21,Cash,New,28.0,Female,4.1,4.0
ORD100487,2024-01-23,North,Store_09,Home & Living,133.69,1,0.0,133.69,133.69,69.74,63.95,Bank Transfer,Returning,33.0,Male,4.5,
ORD104948,2023-07-13,North,Store_11,Home & Living,125.48,1,25.0,150.58,112.93,75.22,37.71,Mobile Wallet,Returning,41.0,Female,5.0,1.0
ORD100592,2023-06-25,Central,Store_17,Home & Living,169.17,2,0.0,406.01,406.01,251.0,155.01,Bank Transfer,VIP,38.0,Female,4.1,0.0
ORD101608,2023-06-22,South,Store_13,Beauty,92.61,2,0.0,222.26,222.26,156.86,65.4,Debit Card,New,41.0,,4.5,4.0
ORD105073,2024-07-24,Central,Store_06,Groceries,17.76,1,0.0,21.31,21.31,13.24,8.07,Cash,Returning,52.0,Female,4.1,6.0
ORD102297,2023-12-25,South,Store_01,Home & Living,57.49,1,0.0,91.98,91.98,43.93,48.05,Debit Card,VIP,43.0,Other,4.0,5.0
ORD104579,2023-08-02,East,Store_13,Home & Living,429.48,1,0.0,429.48,429.48,252.98,176.5,Mobile Wallet,VIP,69.0,Female,4.7,3.0
ORD100099,2023-04-13,East,Store_01,Clothing,32.32,3,0.0,96.96,96.96,46.61,50.35,Mobile Wallet,Returning,,Male,4.7,0.0
ORD102989,2023-11-09,West,Store_11,Electronics,240.19,1,0.0,384.3,384.3,268.92,115.38,Cash,Returning,27.0,Male,3.5,6.0
ORD104569,2023-05-30,North,Store_08,Electronics,910.88,1,5.0,910.88,865.34,405.12,460.22,Credit Card,VIP,16.0,Female,4.3,4.0
ORD102132,2024-01-15,South,Store_15,Electronics,303.83,2,0.0,607.66,607.66,445.73,161.93,Mobile Wallet,Returning,31.0,Female,3.7,1.0
ORD102908,2023-04-04,South,Store_09,Sports,262.56,1,0.0,262.56,262.56,169.61,92.95,Bank Transfer,New,22.0,Male,3.8,8.0
ORD100413,2023-04-07,West,Store_09,Groceries,15.47,4,0.0,61.88,61.88,44.51,17.37,Cash,VIP,39.0,Female,4.3,4.0
ORD100357,2024-10-12,South,Store_13,Electronics,92.38,1,20.0,92.38,73.9,49.45,24.45,Cash,New,45.0,Female,4.9,4.0
ORD103598,2023-07-27,North,Store_09,Groceries,19.82,1,0.0,23.78,23.78,16.22,7.56,Cash,Returning,48.0,Female,4.3,2.0
ORD103487,2024-11-30,North,Store_13,Groceries,7.88,3,5.0,37.82,35.93,25.79,10.14,Bank Transfer,VIP,42.0,Female,4.3,6.0
ORD105963,2023-07-23,Central,Store_11,Groceries,57.63,2,0.0,138.31,138.31,64.37,73.94,Cash,Returning,45.0,Female,,2.0
ORD103859,2023-11-17,West,Store_20,Beauty,77.75,1,0.0,124.4,124.4,64.79,59.61,Cash,Returning,16.0,Male,5.0,4.0
ORD100015,2024-07-27,North,Store_05,Electronics,116.35,1,5.0,139.62,132.64,94.07,38.57,Cash,Returning,41.0,Female,4.7,2.0
ORD101961,2024-12-22,East,Store_02,Groceries,27.01,1,25.0,43.22,32.42,17.51,14.91,Mobile Wallet,Returning,47.0,Other,4.9,4.0
ORD100203,2024-05-25,North,Store_13,Clothing,152.03,1,20.0,152.03,121.62,74.08,47.54,Mobile Wallet,New,43.0,Male,4.4,4.0
ORD100036,2024-09-18,South,Store_03,Clothing,72.47,1,0.0,72.47,72.47,45.57,26.9,Bank Transfer,New,40.0,Female,3.2,4.0
ORD100435,2023-04-01,Central,Store_15,Home & Living,482.8,3,0.0,1448.4,1448.4,969.51,478.89,Mobile Wallet,New,47.0,Male,2.8,4.0
ORD100589,2024-09-07,South,Store_19,Groceries,7.25,1,0.0,7.25,7.25,3.92,3.33,Bank Transfer,New,,Female,4.5,7.0
ORD101965,2024-06-25,West,Store_14,Home & Living,358.73,2,5.0,860.95,817.9,568.64,249.26,Credit Card,Returning,70.0,Female,4.4,
ORD105415,2023-06-17,West,Store_09,Home & Living,455.54,2,5.0,1093.3,1038.64,630.31,408.33,Debit Card,VIP,44.0,Other,4.5,10.0
ORD103632,2023-01-28,South,Store_05,Home & Living,345.52,2,0.0,691.04,691.04,360.84,330.2,Mobile Wallet,Returning,47.0,Male,5.0,5.0
ORD100012,2024-06-21,South,Store_01,Home & Living,431.34,1,0.0,517.61,517.61,325.87,191.74,Credit Card,New,21.0,Female,4.9,3.0
ORD105009,2023-07-22,South,Store_20,Home & Living,128.89,2,15.0,309.34,262.94,135.35,127.59,Debit Card,Returning,45.0,Male,,3.0
ORD101448,2024-06-23,North,Store_01,Groceries,50.43,3,5.0,181.55,2246.7756316328287,88.72,899.065608551124,Bank Transfer,Returning,36.0,Female,3.0,1.0
ORD101322,2024-02-06,South,Store_10,Electronics,146.12,1,5.0,146.12,138.81,70.52,68.29,Cash,New,35.0,Male,3.6,5.0
ORD104885,2023-05-28,West,Store_10,Clothing,39.99,1,0.0,39.99,39.99,19.07,20.92,Cash,VIP,24.0,,2.9,1.0
ORD101530,2023-03-07,North,Store_19,Home & Living,296.44,1,15.0,296.44,251.97,125.98,125.99,Debit Card,Returning,44.0,Male,,3.0
ORD100540,2024-06-01,West,Store_05,Clothing,131.42,4,0.0,630.82,630.82,457.47,173.35,Credit Card,VIP,16.0,Other,4.7,0.0
ORD105448,2023-11-09,North,Store_07,Groceries,31.24,2,0.0,99.97,99.97,56.76,43.21,Bank Transfer,VIP,47.0,Female,3.2,1.0
ORD102747,2024-08-13,Central,Store_17,Sports,67.24,2,0.0,134.48,134.48,61.82,72.66,Credit Card,VIP,41.0,Female,3.4,3.0
ORD104831,2023-03-20,Central,Store_19,Groceries,50.99,1,0.0,50.99,50.99,35.85,15.14,Credit Card,Returning,40.0,Male,2.7,7.0
ORD105069,2024-11-30,South,Store_14,Sports,208.49,1,0.0,333.58,333.58,170.27,163.31,Credit Card,Returning,30.0,Male,3.3,7.0
ORD104112,2023-04-21,West,Store_15,Electronics,472.61,1,5.0,472.61,448.98,216.55,232.43,Bank Transfer,New,32.0,Female,4.2,3.0
ORD101495,2023-11-11,Central,Store_08,Groceries,44.07,1,0.0,70.51,70.51,35.72,34.79,Bank Transfer,New,39.0,Male,4.0,1.0
ORD103806,2023-03-16,East,Store_11,Home & Living,45.49,2,0.0,90.98,90.98,41.32,49.66,Bank Transfer,Returning,45.0,Male,4.4,6.0
ORD105827,2024-05-06,South,Store_13,Beauty,50.81,2,5.0,101.62,96.54,47.23,49.31,Debit Card,Returning,28.0,Male,,6.0
ORD103891,2024-11-06,South,Store_16,Groceries,42.14,3,0.0,202.27,202.27,92.03,110.24,Bank Transfer,New,,Male,4.4,3.0
ORD103052,2024-07-02,Central,Store_06,Clothing,37.88,1,0.0,45.46,45.46,32.57,12.89,Credit Card,New,47.0,Male,4.0,6.0
ORD105030,2023-08-20,East,Store_17,Electronics,133.83,1,10.0,133.83,120.45,74.82,45.63,Credit Card,New,41.0,Male,4.2,3.0
ORD102201,2023-01-06,South,Store_19,Clothing,48.02,1,20.0,48.02,38.42,27.39,11.03,Cash,New,23.0,Female,5.0,4.0
ORD104822,2024-10-25,East,Store_08,Clothing,157.97,1,10.0,157.97,142.17,90.44,51.73,Credit Card,Returning,34.0,Male,5.0,
ORD105309,2023-11-27,West,Store_03,Groceries,42.52,1,0.0,68.03,68.03,36.47,31.56,Mobile Wallet,New,45.0,Female,5.0,3.0
ORD102434,2023-11-25,East,Store_07,Groceries,53.59,1,5.0,85.74,81.45,37.39,44.06,Bank Transfer,New,35.0,Male,4.6,6.0
ORD101968,2024-09-04,North,Store_17,Beauty,77.87,1,0.0,77.87,77.87,41.61,36.26,Debit Card,New,26.0,Male,5.0,4.0
ORD100705,2024-02-17,East,Store_16,Beauty,7.27,3,10.0,21.81,19.63,9.28,10.35,Credit Card,New,41.0,Female,4.2,6.0
ORD102953,2023-11-15,South,Store_07,Groceries,15.65,4,0.0,100.16,100.16,68.77,31.39,Bank Transfer,New,29.0,Female,3.7,4.0
ORD103722,2024-07-02,East,Store_08,Clothing,74.88,1,0.0,89.86,89.86,64.21,25.65,Debit Card,VIP,43.0,Male,2.7,9.0
ORD101980,2024-04-25,Central,Store_09,Groceries,10.98,1,5.0,10.98,10.43,7.78,2.65,Credit Card,Returning,55.0,Female,4.9,2.0
ORD100439,2023-10-18,North,Store_01,Electronics,404.55,1,0.0,404.55,404.55,293.55,111.0,Cash,New,23.0,Female,2.8,5.0
ORD102883,2023-02-05,East,Store_16,Groceries,22.15,1,0.0,22.15,22.15,10.21,11.94,Mobile Wallet,Returning,42.0,Other,4.2,1.0
ORD102117,2024-01-31,Central,Store_09,Home & Living,327.08,1,0.0,327.08,327.08,190.35,136.73,Mobile Wallet,New,32.0,Male,,2.0
ORD105275,2023-06-02,West,Store_05,Electronics,275.11,1,0.0,330.13,330.13,169.66,160.47,Bank Transfer,Returning,16.0,Male,3.9,3.0
ORD100924,2023-07-01,East,Store_20,Groceries,34.05,2,0.0,81.72,81.72,55.84,25.88,Debit Card,Returning,61.0,Female,3.9,8.0
ORD101688,2024-11-16,Central,Store_10,Electronics,365.94,1,,585.5,585.5,372.42,213.08,Credit Card,VIP,37.0,Male,3.8,8.0
ORD103758,2023-02-28,South,Store_17,Electronics,327.67,5,0.0,1638.35,1638.35,1213.17,425.18,Debit Card,New,45.0,Other,3.3,3.0
ORD105756,2023-08-30,Central,Store_01,Groceries,3.29,4,10.0,13.16,11.84,5.6,6.24,Debit Card,New,64.0,Male,4.5,2.0
ORD104318,2024-09-13,Central,Store_17,Clothing,150.04,2,0.0,300.08,300.08,174.46,125.62,Debit Card,New,21.0,Male,4.7,0.0
ORD103604,2024-11-06,North,Store_08,Groceries,36.42,2,0.0,116.54,116.54,61.74,54.8,Cash,Returning,47.0,Female,4.3,5.0
ORD101134,2024-03-24,West,Store_19,Groceries,12.24,1,10.0,12.24,11.02,8.05,2.97,Debit Card,Returning,37.0,Male,4.9,0.0
ORD102463,2024-03-03,West,Store_09,Beauty,37.31,3,5.0,111.93,106.33,60.99,45.34,Cash,VIP,48.0,Female,4.4,5.0
ORD101108,2024-11-17,Central,Store_01,Electronics,578.67,1,0.0,925.87,925.87,520.11,405.76,Cash,VIP,34.0,Male,5.0,5.0
ORD103935,2024-09-11,West,Store_09,Electronics,359.69,2,0.0,719.38,719.38,404.68,314.7,Mobile Wallet,VIP,24.0,Female,2.5,8.0
ORD102703,2024-09-03,Central,Store_19,Beauty,142.08,2,0.0,284.16,284.16,162.04,122.12,Bank Transfer,New,54.0,Female,4.0,2.0
ORD104483,2023-02-14,West,Store_15,Groceries,36.3,1,25.0,36.3,27.23,12.7,14.53,Mobile Wallet,VIP,47.0,Female,4.6,3.0
ORD104640,2024-09-07,South,Store_01,Electronics,990.64,1,0.0,990.64,990.64,574.56,416.08,Mobile Wallet,New,31.0,Male,2.2,6.0
ORD104919,2024-01-21,West,Store_01,Electronics,132.72,1,0.0,132.72,132.72,61.1,71.62,Cash,Returning,35.0,Male,4.4,6.0
ORD100768,2023-04-13,South,Store_08,Sports,287.36,1,5.0,287.36,272.99,139.38,133.61,Mobile Wallet,Returning,19.0,Male,4.2,2.0
ORD105243,2024-12-01,North,Store_01,Groceries,55.82,1,0.0,89.31,89.31,41.04,48.27,Mobile Wallet,Returning,23.0,Male,3.7,2.0
ORD105842,2024-02-09,Central,Store_04,Groceries,10.05,1,0.0,10.05,10.05,4.84,5.21,Mobile Wallet,Returning,26.0,Other,3.7,1.0
ORD104584,2024-03-04,West,Store_13,Home & Living,189.77,1,0.0,189.77,189.77,88.74,101.03,Cash,Returning,48.0,Female,4.2,6.0
ORD103138,2023-12-09,East,Store_04,Clothing,117.79,2,0.0,376.93,376.93,256.53,120.4,Mobile Wallet,VIP,16.0,Male,3.9,3.0
ORD101919,2024-01-22,South,Store_08,Clothing,41.46,2,0.0,82.92,82.92,43.92,39.0,Bank Transfer,Returning,38.0,Female,2.5,6.0
ORD102138,2024-01-29,East,Store_19,Groceries,41.43,2,25.0,82.86,62.15,36.17,25.98,Bank Transfer,Returning,44.0,Male,4.9,6.0
ORD103401,2024-11-01,Central,Store_19,Clothing,197.25,2,0.0,631.2,631.2,302.13,329.07,Mobile Wallet,Returning,35.0,Female,2.6,3.0
ORD100795,2023-08-04,East,Store_17,Groceries,51.19,2,0.0,102.38,102.38,49.96,52.42,Cash,New,46.0,Other,4.5,2.0
ORD102513,2024-07-04,North,Store_18,Electronics,863.38,2,0.0,2072.11,2072.11,1242.48,829.63,Bank Transfer,New,40.0,Female,4.8,5.0
ORD104113,2024-12-14,West,Store_04,Beauty,57.76,2,0.0,184.83,184.83,128.13,56.7,Credit Card,VIP,62.0,Male,2.8,1.0
ORD100637,2023-08-05,West,Store_18,Electronics,820.1,1,0.0,820.1,820.1,610.32,209.78,Cash,Returning,55.0,Male,4.4,2.0
ORD104264,2024-03-13,South,Store_15,Clothing,106.35,2,0.0,212.7,212.7,147.56,65.14,Debit Card,New,52.0,Female,5.0,2.0
ORD105595,2023-09-15,East,Store_10,Groceries,33.28,1,10.0,33.28,29.95,17.88,12.07,Debit Card,Returning,23.0,Male,3.2,5.0
ORD101325,2023-05-17,East,Store_15,Electronics,832.78,1,5.0,832.78,791.14,495.43,295.71,Debit Card,New,35.0,Male,3.3,1.0
ORD105140,2023-10-03,East,Store_17,Electronics,1113.02,2,0.0,2226.04,2226.04,1360.11,865.93,Credit Card,VIP,34.0,,3.6,4.0
ORD103555,2023-11-23,West,Store_17,Sports,201.42,3,0.0,966.82,966.82,555.1,411.72,Mobile Wallet,VIP,50.0,Other,3.5,3.0
ORD102661,2024-07-19,East,Store_15,Clothing,32.18,1,10.0,38.62,34.76,19.24,15.52,Debit Card,Returning,28.0,Male,2.8,6.0
ORD105023,2023-11-03,West,Store_02,Electronics,168.34,1,0.0,269.34,269.34,147.93,121.41,Credit Card,Returning,42.0,Female,3.3,3.0
ORD104634,2023-03-15,East,Store_17,Groceries,6.27,1,0.0,6.27,6.27,4.48,1.79,Bank Transfer,VIP,42.0,Female,5.0,7.0
ORD104928,2023-05-14,Central,Store_03,Groceries,39.24,1,5.0,39.24,37.28,24.12,13.16,Credit Card,VIP,,Female,2.7,0.0
ORD100157,2024-02-11,East,Store_07,Clothing,178.87,2,0.0,357.74,357.74,191.94,165.8,Bank Transfer,New,42.0,Female,4.1,0.0
ORD100438,2023-03-01,South,Store_03,Home & Living,205.66,1,0.0,205.66,205.66,138.97,66.69,Bank Transfer,VIP,16.0,Male,4.6,6.0
ORD103664,2024-01-10,North,Store_16,Sports,117.62,1,0.0,117.62,117.62,73.08,44.54,Credit Card,New,54.0,Male,3.8,5.0
ORD104649,2023-07-11,West,Store_06,Clothing,153.24,2,0.0,367.78,367.78,267.12,100.66,Credit Card,Returning,53.0,Female,5.0,3.0
ORD101569,2024-12-19,East,Store_02,Clothing,123.46,1,5.0,197.54,187.66,98.09,89.57,Debit Card,Returning,52.0,Male,,3.0
ORD105966,2024-06-08,South,Store_04,Groceries,59.42,1,15.0,71.3,60.61,43.62,16.99,Cash,New,18.0,Other,3.2,4.0
ORD101237,2023-04-01,West,Store_20,Groceries,53.07,4,10.0,212.28,191.05,91.07,99.98,Bank Transfer,Returning,47.0,Female,4.9,6.0
ORD105612,2024-04-12,West,Store_05,Groceries,12.54,1,0.0,12.54,12.54,5.86,6.68,Bank Transfer,Returning,34.0,Male,4.1,5.0
ORD102304,2024-10-30,Central,Store_18,Sports,222.98,2,0.0,445.96,445.96,301.23,144.73,Cash,New,16.0,Female,2.9,4.0
ORD105793,2024-12-12,South,Store_07,Groceries,33.54,1,0.0,53.66,53.66,31.84,21.82,Mobile Wallet,Returning,55.0,Male,3.6,2.0
ORD102757,2024-04-07,Central,Store_05,Groceries,25.08,1,5.0,25.08,23.83,14.79,9.04,Cash,New,19.0,Other,3.0,1.0
ORD104411,2024-03-04,East,Store_01,Sports,61.67,1,0.0,61.67,61.67,32.24,29.43,Bank Transfer,New,41.0,Other,4.6,6.0
ORD103414,2024-03-12,East,Store_16,Beauty,29.41,2,0.0,58.82,58.82,29.66,29.16,Mobile Wallet,Returning,53.0,Male,,2.0
ORD104850,2024-11-08,South,Store_19,Groceries,52.29,2,0.0,167.33,167.33,106.79,60.54,Mobile Wallet,New,33.0,Female,3.7,2.0
ORD104204,2023-08-05,North,Store_05,Beauty,66.91,2,0.0,133.82,133.82,84.09,49.73,Bank Transfer,New,50.0,Male,2.4,4.0
ORD103194,2024-06-24,South,Store_12,Groceries,51.73,2,20.0,124.15,99.32,57.28,42.04,Mobile Wallet,Returning,34.0,Male,3.7,4.0
ORD105389,2024-09-30,South,Store_20,Home & Living,347.8,1,25.0,347.8,260.85,194.01,66.84,Debit Card,Returning,57.0,Female,5.0,6.0
ORD103033,2023-03-22,North,Store_14,Sports,78.73,2,0.0,157.46,157.46,106.2,51.26,Debit Card,Returning,74.0,Other,3.8,0.0
ORD105184,2024-07-23,South,Store_06,Groceries,50.41,1,0.0,60.49,60.49,30.56,29.93,Debit Card,Returning,30.0,Male,4.0,
ORD101539,2024-03-28,South,Store_12,Groceries,40.2,1,0.0,40.2,40.2,28.76,11.44,Cash,VIP,55.0,Female,4.1,6.0
ORD105130,2023-08-24,Central,Store_09,Clothing,87.95,1,5.0,87.95,83.55,44.86,38.69,Debit Card,New,36.0,Female,4.0,1.0
ORD105760,2023-04-02,South,Store_17,Clothing,57.37,1,15.0,57.37,48.76,30.51,18.25,Credit Card,Returning,49.0,Male,3.9,6.0
ORD105302,2023-05-10,East,,Electronics,557.14,1,10.0,557.14,501.43,275.25,226.18,Debit Card,New,31.0,Male,4.4,5.0
ORD100461,2023-04-13,South,Store_10,Groceries,38.06,1,0.0,38.06,38.06,21.26,16.8,Credit Card,Returning,31.0,Female,4.0,7.0
ORD104688,2023-01-06,West,Store_06,Clothing,22.19,1,0.0,22.19,22.19,15.52,6.67,Cash,Returning,47.0,Other,4.2,3.0
ORD100813,2023-07-27,North,Store_06,Clothing,169.32,2,0.0,406.37,406.37,273.45,132.92,Credit Card,New,39.0,Male,5.0,
ORD103756,2024-04-09,East,Store_10,Beauty,123.32,2,0.0,246.64,246.64,156.97,89.67,Mobile Wallet,VIP,49.0,Female,3.8,5.0
ORD102967,2023-06-16,North,Store_14,Electronics,1181.55,1,5.0,1417.86,1346.97,716.45,630.52,Cash,New,31.0,Female,4.0,3.0
ORD101793,2023-07-23,North,Store_20,Home & Living,248.32,1,5.0,297.98,283.08,131.18,151.9,Mobile Wallet,VIP,30.0,Female,5.0,3.0
ORD101054,2023-02-25,North,Store_01,Groceries,33.28,1,5.0,33.28,31.62,22.17,9.45,Cash,Returning,27.0,Female,5.0,2.0
ORD102662,2023-04-20,North,Store_18,Beauty,112.79,1,0.0,112.79,112.79,81.28,31.51,Mobile Wallet,New,30.0,Female,2.9,5.0
ORD102354,2023-08-14,North,Store_13,Electronics,1124.21,1,15.0,1124.21,955.58,641.02,314.56,Cash,Returning,45.0,Male,4.8,1.0
ORD102218,2023-07-29,South,Store_18,Electronics,949.56,2,10.0,2278.94,2051.05,1374.85,676.2,Cash,Returning,23.0,Female,3.7,4.0
ORD101806,2023-01-07,North,Store_03,Groceries,59.55,2,0.0,119.1,119.1,80.48,38.62,Debit Card,New,37.0,Female,3.4,2.0
ORD104912,2023-01-19,West,Store_03,Electronics,698.39,1,,698.39,698.39,480.34,218.05,Cash,VIP,44.0,Male,4.9,5.0
ORD104081,2023-07-27,West,Store_18,Clothing,87.9,3,10.0,316.44,284.8,160.79,124.01,Bank Transfer,New,,Female,4.3,6.0
ORD101180,2024-03-19,West,Store_13,Beauty,149.19,1,5.0,149.19,141.73,83.61,58.12,Mobile Wallet,New,64.0,Male,5.0,7.0
ORD105704,2023-08-16,Central,Store_06,Groceries,33.78,2,25.0,67.56,50.67,34.73,15.94,Debit Card,Returning,16.0,Female,5.0,4.0
ORD102157,2024-04-06,North,Store_16,Groceries,18.7,1,20.0,18.7,14.96,10.48,4.48,Credit Card,VIP,32.0,Male,3.8,3.0
ORD100736,2024-06-17,South,Store_20,Electronics,444.0,1,0.0,532.8,532.8,391.91,140.89,Debit Card,Returning,54.0,Female,5.0,1.0
ORD105393,2024-08-21,Central,Store_15,Electronics,678.93,1,15.0,678.93,577.09,377.01,200.08,Credit Card,VIP,29.0,Female,3.8,3.0
ORD103550,2023-11-18,South,Store_14,Home & Living,210.13,2,10.0,672.42,605.18,319.76,285.42,Debit Card,New,37.0,Male,3.2,1.0
ORD102691,2024-03-19,South,Store_17,Electronics,711.45,1,0.0,711.45,711.45,434.39,277.06,Mobile Wallet,Returning,42.0,Female,5.0,2.0
ORD104808,2023-10-12,Central,Store_03,Groceries,50.06,1,0.0,50.06,50.06,32.04,18.02,Debit Card,New,47.0,Male,2.9,1.0
ORD100689,2024-07-25,East,Store_11,Sports,186.21,4,0.0,893.81,893.81,513.5,380.31,Cash,New,58.0,Female,4.3,0.0
ORD102885,2023-04-23,Central,Store_16,Groceries,34.91,1,0.0,34.91,34.91,24.63,10.28,Debit Card,Returning,40.0,Female,5.0,2.0
ORD101533,2023-05-18,Central,Store_17,Groceries,59.27,2,5.0,118.54,112.61,65.28,47.33,Debit Card,Returning,49.0,Male,3.9,1.0
ORD100191,2024-04-05,South,Store_11,Groceries,12.67,1,0.0,12.67,12.67,6.66,6.01,Credit Card,VIP,47.0,Male,4.1,1.0
ORD102273,2023-12-03,South,Store_03,Sports,68.48,3,0.0,328.7,328.7,208.97,119.73,Bank Transfer,Returning,24.0,Male,2.8,4.0
ORD100652,2023-05-28,South,Store_01,Home & Living,432.76,3,0.0,1298.28,1298.28,787.15,511.13,Debit Card,VIP,78.0,Male,4.0,2.0
ORD105949,2024-01-05,North,Store_12,Sports,156.29,1,5.0,156.29,148.48,110.38,38.1,Credit Card,Returning,,Female,2.4,5.0
ORD104620,2024-03-26,West,Store_10,Groceries,58.32,2,15.0,116.64,99.14,57.46,41.68,Bank Transfer,Returning,39.0,Male,5.0,5.0
ORD102087,2024-04-28,West,Store_04,Electronics,808.6,1,0.0,808.6,808.6,465.36,343.24,Debit Card,New,41.0,Male,5.0,8.0
ORD101458,2023-07-12,East,Store_10,Groceries,15.4,1,20.0,18.48,14.78,10.54,4.24,Mobile Wallet,Returning,66.0,Male,4.9,7.0
ORD103054,2024-07-28,North,Store_20,Clothing,36.63,1,15.0,43.96,37.37,26.82,10.55,Debit Card,Returning,16.0,Male,,6.0
ORD103181,2023-05-23,Central,Store_09,Groceries,54.88,1,5.0,54.88,52.14,28.24,23.9,Debit Card,VIP,27.0,Male,3.9,2.0
ORD100895,2024-03-22,West,Store_03,Beauty,43.07,2,25.0,86.14,64.6,46.71,17.89,Debit Card,Returning,33.0,Male,4.7,4.0
ORD105589,2024-09-10,West,Store_10,Home & Living,169.79,4,10.0,679.16,611.24,376.64,234.6,Cash,VIP,37.0,Male,3.3,1.0
ORD101732,2024-05-25,East,Store_04,Beauty,127.02,1,10.0,127.02,114.32,69.57,44.75,Mobile Wallet,New,38.0,Female,4.5,4.0
ORD105521,2024-04-21,South,Store_12,Sports,295.18,3,0.0,885.54,885.54,450.76,434.78,Debit Card,VIP,33.0,Male,2.8,2.0
ORD102355,2023-09-26,South,Store_08,Groceries,45.42,3,0.0,136.26,136.26,100.08,36.18,Mobile Wallet,New,24.0,Male,,2.0
ORD100127,2024-07-12,North,Store_09,Clothing,101.48,1,0.0,121.78,121.78,79.14,42.64,Bank Transfer,Returning,42.0,Male,5.0,5.0
ORD104030,2024-01-31,West,Store_14,Groceries,29.98,1,0.0,29.98,29.98,16.52,13.46,Mobile Wallet,New,28.0,Other,5.0,2.0
ORD102886,2024-11-12,East,Store_07,Groceries,44.77,1,5.0,71.63,68.05,31.93,36.12,Bank Transfer,Returning,36.0,Female,3.9,2.0
ORD100819,2024-12-30,West,Store_13,Home & Living,184.76,1,5.0,295.62,280.84,192.59,88.25,Mobile Wallet,New,48.0,Male,3.7,4.0
ORD103207,2024-08-17,Central,Store_01,Sports,66.14,1,0.0,66.14,66.14,40.73,25.41,Debit Card,New,16.0,Male,,5.0
ORD105488,2024-09-20,Central,Store_14,Electronics,79.92,1,5.0,79.92,75.92,40.57,35.35,Debit Card,Returning,36.0,Male,2.6,3.0
ORD102973,2024-12-17,Central,Store_18,Beauty,46.48,1,15.0,74.37,63.21,43.01,20.2,Credit Card,Returning,21.0,Female,4.3,2.0
ORD100030,2023-11-25,North,Store_18,Clothing,69.79,1,5.0,111.66,106.08,68.34,37.74,Bank Transfer,New,,Female,3.6,5.0
ORD102381,2023-11-24,South,Store_18,Groceries,55.13,1,0.0,88.21,88.21,56.38,31.83,Mobile Wallet,VIP,20.0,Female,3.0,5.0
ORD105602,2023-01-08,South,Store_05,Electronics,142.33,2,5.0,284.66,270.43,173.41,97.02,Bank Transfer,New,30.0,Other,2.4,3.0
ORD103192,2024-05-04,West,Store_10,Beauty,69.12,3,0.0,207.36,207.36,129.89,77.47,Credit Card,New,45.0,Female,3.4,5.0
ORD105620,2023-01-16,Central,Store_02,Groceries,43.57,2,,87.14,87.14,45.13,42.01,Debit Card,Returning,38.0,Female,4.3,6.0
ORD104281,2024-10-15,Central,Store_12,Home & Living,136.7,1,,136.7,136.7,92.08,44.62,Mobile Wallet,New,40.0,Female,3.1,4.0
ORD102462,2023-12-13,South,Store_10,Sports,252.12,1,0.0,403.39,403.39,185.33,218.06,Bank Transfer,VIP,22.0,Male,2.3,2.0
ORD103597,2024-02-09,Central,Store_19,Clothing,91.29,2,0.0,182.58,182.58,120.6,61.98,Debit Card,Returning,46.0,Male,2.5,4.0
ORD104876,2023-10-29,West,Store_15,Electronics,767.54,2,0.0,1535.08,1535.08,923.58,611.5,Cash,Returning,31.0,Male,4.1,3.0
ORD100927,2023-08-08,South,Store_05,Beauty,131.76,2,15.0,263.52,223.99,108.44,115.55,Mobile Wallet,Returning,38.0,Male,3.0,5.0
ORD105818,2023-10-15,South,Store_16,Groceries,42.24,1,0.0,42.24,42.24,31.59,10.65,Bank Transfer,New,38.0,Other,4.5,6.0
ORD105821,2024-05-29,East,Store_11,Home & Living,222.2,1,5.0,222.2,2127.192811650748,142.93,884.2493263358202,Cash,New,31.0,Male,5.0,3.0
ORD100450,2024-12-02,North,Store_06,Beauty,8.2,1,5.0,13.12,12.46,6.02,6.44,Bank Transfer,New,25.0,Male,3.0,6.0
ORD105799,2023-11-03,North,Store_17,Groceries,14.63,2,10.0,46.82,42.14,18.97,23.17,Mobile Wallet,VIP,25.0,Other,2.4,5.0
ORD101119,2023-12-27,North,Store_14,Clothing,121.11,1,0.0,193.78,193.78,125.79,67.99,Cash,Returning,49.0,Male,3.7,6.0
ORD102763,2023-01-27,Central,Store_07,Groceries,23.14,2,0.0,46.28,46.28,31.09,15.19,Debit Card,Returning,25.0,Female,4.8,5.0
ORD101781,2023-09-05,East,Store_10,Home & Living,390.24,2,0.0,780.48,780.48,429.98,350.5,Debit Card,Returning,51.0,Male,4.3,3.0
ORD105883,2023-06-12,Central,Store_06,Groceries,23.91,1,0.0,28.69,28.69,17.94,10.75,Cash,New,31.0,Female,4.3,4.0
ORD100324,2024-12-12,Central,Store_15,Home & Living,218.76,1,0.0,350.02,350.02,175.26,174.76,Debit Card,Returning,37.0,Female,4.4,3.0
ORD105757,2024-01-22,West,Store_05,Home & Living,335.06,1,0.0,335.06,335.06,196.1,138.96,Credit Card,New,16.0,Male,3.1,5.0
ORD102702,2023-06-11,Central,Store_16,Sports,243.15,3,0.0,875.34,875.34,581.39,293.95,Bank Transfer,VIP,60.0,Male,5.0,3.0
ORD100456,2023-04-19,North,Store_02,Sports,57.22,1,0.0,57.22,57.22,36.35,20.87,Bank Transfer,VIP,64.0,Female,4.5,5.0
ORD101353,2024-10-30,Central,Store_01,Home & Living,41.24,2,10.0,82.48,74.23,38.49,35.74,Credit Card,New,43.0,,5.0,4.0
ORD103617,2023-10-26,North,Store_11,Beauty,46.36,1,5.0,46.36,44.04,30.45,13.59,Debit Card,Returning,36.0,Male,5.0,3.0
ORD105992,2024-08-25,North,Store_06,Beauty,20.97,1,5.0,20.97,19.92,12.78,7.14,Cash,New,31.0,Male,3.0,1.0
ORD102531,2024-08-11,North,Store_18,Groceries,46.64,2,,93.28,93.28,61.82,31.46,Credit Card,New,,Female,5.0,5.0
ORD105318,2024-07-10,North,Store_11,Clothing,77.64,2,0.0,186.34,186.34,113.28,73.06,Bank Transfer,Returning,58.0,Male,2.9,4.0
ORD103835,2024-06-13,North,Store_04,Groceries,12.4,1,0.0,14.88,14.88,10.9,3.98,Cash,New,57.0,Male,3.3,3.0
ORD105253,2024-02-14,East,Store_18,Sports,64.11,1,5.0,64.11,60.9,45.43,15.47,Mobile Wallet,Returning,51.0,Female,2.4,4.0
ORD105533,2023-11-22,Central,Store_17,Electronics,117.63,1,,188.21,169.39,78.16,91.23,Debit Card,Returning,47.0,Female,3.7,5.0
ORD103920,2024-11-15,Central,Store_15,Clothing,175.14,5,0.0,1401.12,1401.12,803.36,597.76,Bank Transfer,New,43.0,Male,2.9,2.0
ORD101881,2023-07-13,East,Store_19,Home & Living,148.57,2,5.0,356.57,338.74,218.02,120.72,Mobile Wallet,VIP,32.0,Male,5.0,3.0
ORD101736,2024-01-03,Central,Store_11,Electronics,1066.87,1,0.0,1066.87,1066.87,756.07,310.8,Mobile Wallet,New,39.0,Female,2.9,6.0
ORD100409,2023-01-11,South,Store_09,Beauty,100.02,1,15.0,100.02,85.02,39.75,45.27,Credit Card,VIP,30.0,Male,4.4,6.0
ORD105344,2023-07-28,North,Store_14,Sports,277.05,5,0.0,1662.3,1662.3,1094.82,567.48,Credit Card,Returning,35.0,Other,4.0,6.0
ORD103983,2024-05-07,West,Store_05,Groceries,10.93,1,5.0,10.93,10.38,5.78,4.6,Mobile Wallet,VIP,43.0,Male,4.4,2.0
ORD100136,2024-03-16,East,Store_05,Electronics,594.83,1,0.0,594.83,594.83,445.2,149.63,Bank Transfer,VIP,46.0,Male,5.0,4.0
ORD102128,2023-02-16,South,Store_08,Sports,206.31,1,10.0,206.31,185.68,89.31,96.37,Mobile Wallet,New,37.0,Female,3.4,3.0
ORD102561,2023-09-19,North,Store_15,Beauty,92.14,1,0.0,92.14,92.14,46.27,45.87,Mobile Wallet,Returning,16.0,Female,3.6,3.0
ORD105341,2024-03-24,East,Store_19,Groceries,57.92,1,0.0,57.92,57.92,29.32,28.6,Mobile Wallet,Returning,27.0,Male,3.7,2.0
ORD102578,2024-12-08,East,Store_18,Groceries,44.59,1,0.0,71.34,71.34,45.51,25.83,Cash,Returning,37.0,Female,5.0,8.0
ORD100801,2023-08-09,North,Store_15,Sports,101.63,1,0.0,101.63,101.63,49.37,52.26,Mobile Wallet,New,26.0,Female,2.6,3.0
ORD104395,2024-01-09,West,Store_11,Groceries,31.13,2,5.0,62.26,59.15,39.18,19.97,Credit Card,Returning,48.0,Other,4.1,7.0
ORD102572,2024-06-17,North,Store_05,Beauty,14.8,2,0.0,35.52,35.52,21.51,14.01,Bank Transfer,New,32.0,Male,4.7,4.0
ORD100532,2023-04-24,West,Store_08,Home & Living,284.45,1,10.0,284.45,256.0,154.96,101.04,Debit Card,Returning,26.0,Male,3.8,2.0
ORD102280,2024-07-11,Central,Store_16,Sports,291.03,1,10.0,349.24,314.32,148.61,165.71,Mobile Wallet,Returning,37.0,Female,5.0,4.0
ORD105583,2023-02-24,North,Store_06,Clothing,78.81,2,0.0,157.62,157.62,114.26,43.36,Credit Card,New,,Female,3.1,1.0
ORD105853,2024-05-14,Central,Store_13,Clothing,104.59,1,15.0,104.59,88.9,55.43,33.47,Mobile Wallet,New,20.0,Male,3.9,6.0
ORD103309,2024-11-19,North,Store_19,Home & Living,101.8,1,0.0,162.88,162.88,93.35,69.53,Credit Card,Returning,42.0,Female,3.8,0.0
ORD105805,2023-04-19,North,Store_08,Electronics,77.46,3,0.0,232.38,232.38,160.59,71.79,Cash,New,40.0,Other,,6.0
ORD102625,2024-02-27,Central,Store_02,Groceries,6.11,1,0.0,6.11,6.11,4.11,2.0,Bank Transfer,New,37.0,Male,2.6,4.0
ORD100539,2023-01-16,East,Store_01,Groceries,9.97,3,5.0,29.91,28.41,13.06,15.35,Credit Card,VIP,36.0,Male,3.6,1.0
ORD102898,2024-08-04,Central,Store_18,Electronics,718.68,2,0.0,1437.36,1437.36,987.48,449.88,Mobile Wallet,Returning,25.0,Female,3.6,4.0
ORD104394,2024-01-07,South,Store_18,Home & Living,354.24,1,10.0,354.24,318.82,144.17,174.65,Debit Card,VIP,22.0,Male,3.4,8.0
ORD103303,2023-07-20,East,Store_04,Groceries,9.75,1,,11.7,9.95,7.44,2.51,Mobile Wallet,Returning,28.0,Female,2.8,2.0
ORD103530,2023-10-05,East,Store_04,Electronics,439.1,1,0.0,439.1,439.1,236.42,202.68,Cash,New,41.0,Female,3.7,3.0
ORD102523,2023-10-20,South,Store_16,Electronics,338.23,1,5.0,338.23,321.32,199.92,121.4,Mobile Wallet,Returning,32.0,Female,5.0,5.0
ORD100034,2024-10-10,Central,Store_06,Electronics,637.85,1,,637.85,637.85,331.44,306.41,Bank Transfer,New,16.0,Female,3.7,5.0
ORD104722,2024-11-20,South,Store_18,Home & Living,231.34,2,0.0,740.29,740.29,469.76,270.53,Credit Card,Returning,55.0,Male,4.3,6.0
ORD103809,2024-03-18,West,Store_06,Beauty,17.96,1,0.0,17.96,17.96,10.64,7.32,Bank Transfer,VIP,37.0,Female,5.0,6.0
ORD100743,2023-07-17,West,Store_17,Groceries,28.17,1,0.0,33.8,33.8,18.26,15.54,Bank Transfer,New,17.0,Female,,2.0
ORD104953,2023-04-15,North,Store_15,Electronics,1189.22,4,0.0,4756.88,4756.88,2422.69,2334.19,Bank Transfer,New,47.0,Male,3.0,2.0
ORD100903,2024-10-07,East,Store_09,Electronics,1199.67,1,0.0,1199.67,1199.67,742.27,457.4,Cash,VIP,27.0,Female,3.3,4.0
ORD104637,2023-12-29,Central,Store_17,Electronics,836.02,1,15.0,1337.63,1136.99,765.06,371.93,Credit Card,New,32.0,Male,4.1,2.0
ORD100262,2023-08-07,South,Store_12,Groceries,35.09,3,5.0,105.27,100.01,63.08,36.93,Debit Card,Returning,36.0,Male,4.6,1.0
ORD101916,2023-07-26,South,Store_17,Groceries,3.08,1,0.0,3.7,3.7,1.78,1.92,Mobile Wallet,Returning,26.0,Female,5.0,1.0
ORD102855,2023-02-26,South,Store_11,Clothing,93.13,1,0.0,93.13,93.13,48.59,44.54,Bank Transfer,Returning,39.0,Male,,0.0
ORD104164,2024-06-05,North,Store_09,Clothing,193.47,5,0.0,1160.82,1160.82,777.85,382.97,Credit Card,VIP,49.0,Male,4.3,0.0
ORD102296,2023-05-03,South,Store_09,Clothing,63.13,1,0.0,63.13,63.13,35.8,27.33,Credit Card,Returning,,Male,3.4,2.0
ORD105952,2023-05-22,Central,Store_05,Sports,131.91,1,20.0,131.91,105.53,51.31,54.22,Cash,Returning,34.0,Female,5.0,3.0
ORD103529,2023-03-29,Central,Store_01,Electronics,440.07,1,0.0,440.07,440.07,288.52,151.55,Bank Transfer,New,27.0,Female,4.7,0.0
ORD105875,2023-03-04,North,Store_20,Clothing,74.86,5,0.0,374.3,374.3,180.86,193.44,Mobile Wallet,Returning,35.0,Female,,2.0
ORD103678,2024-01-29,South,Store_03,Home & Living,487.2,2,0.0,974.4,974.4,530.33,444.07,Cash,Returning,28.0,Male,5.0,3.0
ORD102566,2024-08-07,East,Store_18,Groceries,52.35,2,5.0,104.7,99.46,53.98,45.48,Cash,Returning,52.0,Female,2.8,1.0
ORD102169,2024-12-15,East,Store_11,Beauty,131.95,1,0.0,211.12,211.12,132.11,79.01,Debit Card,Returning,30.0,Male,2.8,5.0
ORD104840,2024-07-10,West,Store_01,Clothing,48.71,2,0.0,116.9,116.9,84.43,32.47,Cash,New,16.0,Male,3.6,6.0
ORD100497,2023-10-01,South,Store_06,Beauty,48.39,4,10.0,193.56,174.2,112.39,61.81,Bank Transfer,VIP,34.0,Female,,4.0
ORD101859,2024-06-20,North,Store_15,Electronics,831.28,2,0.0,1995.07,1995.07,1235.29,759.78,Bank Transfer,New,16.0,Male,3.8,5.0
ORD104581,2024-12-10,North,Store_10,Groceries,9.38,4,15.0,60.03,51.03,36.08,14.95,Cash,New,35.0,Female,3.0,3.0
ORD104468,2024-10-10,South,Store_17,Clothing,126.85,1,0.0,126.85,126.85,84.76,42.09,Mobile Wallet,New,34.0,Female,3.4,2.0
ORD103939,2024-01-08,South,Store_09,Groceries,42.32,1,0.0,42.32,42.32,26.31,16.01,Mobile Wallet,Returning,45.0,Female,3.5,0.0
ORD104413,2024-06-08,East,Store_20,Groceries,35.22,4,5.0,169.06,160.61,111.01,49.6,Credit Card,Returning,42.0,Female,3.9,5.0
ORD100997,2023-09-21,Central,Store_05,Electronics,638.27,1,15.0,638.27,542.53,259.38,283.15,Bank Transfer,Returning,31.0,Female,3.8,6.0
ORD103026,2023-03-24,Central,Store_18,Clothing,121.2,2,0.0,242.4,242.4,122.28,120.12,Bank Transfer,Returning,30.0,Female,3.7,4.0
ORD101662,2023-05-16,South,Store_11,Groceries,22.18,1,0.0,22.18,22.18,12.5,9.68,Mobile Wallet,Returning,33.0,Male,5.0,3.0
ORD103350,2023-04-27,South,Store_08,Home & Living,143.79,1,0.0,143.79,143.79,97.93,45.86,Debit Card,Returning,32.0,Male,4.9,2.0
ORD104858,2023-07-11,North,Store_10,Groceries,31.45,1,0.0,37.74,37.74,25.22,12.52,Credit Card,VIP,22.0,Female,3.1,0.0
ORD102901,2024-08-07,East,Store_17,Groceries,17.82,1,0.0,17.82,17.82,11.85,5.97,Bank Transfer,VIP,29.0,Female,3.4,5.0
ORD102081,2023-03-08,South,Store_16,Home & Living,290.1,1,10.0,290.1,261.09,143.65,117.44,Debit Card,VIP,36.0,Male,3.3,4.0
ORD103846,2024-07-17,West,Store_05,Clothing,59.45,4,0.0,285.36,285.36,207.89,77.47,Debit Card,Returning,28.0,Male,5.0,4.0
ORD103203,2023-04-13,South,Store_20,Electronics,583.16,1,10.0,583.16,524.84,304.82,220.02,Bank Transfer,Returning,53.0,Female,3.7,2.0
ORD100198,2023-09-05,North,Store_11,Groceries,58.75,1,0.0,58.75,58.75,33.69,25.06,Mobile Wallet,New,49.0,Male,5.0,2.0
ORD105466,2023-01-25,Central,Store_20,Clothing,71.86,2,0.0,143.72,143.72,67.32,76.4,Bank Transfer,VIP,40.0,Male,3.5,6.0
ORD102063,2024-06-09,West,Store_08,Home & Living,263.94,2,10.0,633.46,570.11,266.49,303.62,Mobile Wallet,VIP,18.0,Female,4.2,5.0
ORD104293,2023-03-10,South,Store_16,Beauty,21.58,1,0.0,21.58,21.58,13.29,8.29,Cash,New,63.0,Male,3.5,3.0
ORD104482,2024-09-02,Central,Store_08,Clothing,186.71,1,0.0,186.71,186.71,109.17,77.54,Mobile Wallet,New,65.0,Male,3.7,1.0
ORD101844,2024-06-26,North,Store_12,Electronics,900.28,2,15.0,2160.67,1836.57,1334.38,502.19,Credit Card,Returning,60.0,Female,3.5,4.0
ORD100547,2024-03-07,West,Store_15,Groceries,2.59,1,0.0,2.59,2.59,1.73,0.86,Mobile Wallet,Returning,31.0,Male,4.6,1.0
ORD104109,2023-08-25,East,Store_01,Groceries,20.2,3,15.0,60.6,51.51,37.63,13.88,Cash,Returning,34.0,Male,4.2,3.0
ORD103362,2023-02-03,East,Store_07,Groceries,30.47,1,0.0,30.47,30.47,17.25,13.22,Credit Card,Returning,35.0,Male,3.2,2.0
ORD100564,2024-10-11,East,Store_17,Beauty,123.87,3,0.0,371.61,371.61,217.25,154.36,Cash,Returning,37.0,Female,4.6,
ORD100694,2023-03-07,West,Store_09,Groceries,21.54,1,5.0,21.54,20.46,11.83,8.63,Credit Card,VIP,20.0,Female,3.7,7.0
ORD104622,2024-08-26,North,Store_06,Sports,87.72,1,5.0,87.72,83.33,51.92,31.41,Credit Card,Returning,24.0,Male,5.0,6.0
ORD102646,2024-02-19,south,Store_17,Sports,220.36,1,0.0,220.36,220.36,105.64,114.72,Credit Card,New,39.0,Female,4.0,2.0
ORD102858,2024-06-12,North,Store_03,Clothing,122.41,5,0.0,734.46,734.46,407.58,326.88,Bank Transfer,New,18.0,Female,3.4,2.0
ORD104851,2024-06-13,North,Store_05,Groceries,23.31,1,0.0,27.97,27.97,17.74,10.23,Cash,New,30.0,Male,5.0,2.0
ORD101050,2024-01-07,North,Store_18,Electronics,972.04,1,0.0,972.04,972.04,713.51,258.53,Credit Card,Returning,22.0,Female,3.9,2.0
ORD104626,2023-01-03,North,Store_16,Groceries,30.16,1,10.0,30.16,27.14,12.87,14.27,Credit Card,Returning,17.0,Male,2.6,4.0
ORD100704,2023-04-05,South,Store_12,Groceries,59.86,1,0.0,59.86,59.86,31.71,28.15,Cash,Returning,27.0,Male,3.7,6.0
ORD101332,2023-11-07,East,Store_02,Electronics,608.97,1,0.0,974.35,974.35,447.52,526.83,Mobile Wallet,New,42.0,Male,3.8,2.0
ORD104047,2023-07-01,South,Store_02,Electronics,1050.89,1,0.0,1261.07,1261.07,779.99,481.08,Credit Card,New,46.0,Male,3.4,2.0
ORD105198,2024-02-19,Central,Store_13,Groceries,32.33,1,10.0,32.33,29.1,20.83,8.27,Cash,New,39.0,Other,3.4,3.0
ORD105227,2024-07-18,North,Store_20,Sports,83.51,1,15.0,100.21,85.18,62.13,23.05,Credit Card,Returning,42.0,Female,4.4,0.0
ORD101116,2024-12-27,Central,Store_12,Groceries,49.03,2,0.0,156.9,156.9,80.87,76.03,Cash,Returning,31.0,Male,4.9,0.0
ORD101399,2023-08-07,South,Store_07,Clothing,198.33,1,0.0,198.33,198.33,146.38,51.95,Bank Transfer,New,60.0,Female,,2.0
ORD103571,2024-09-06,West,Store_04,Beauty,26.61,2,0.0,53.22,53.22,29.86,23.36,Credit Card,VIP,29.0,Male,3.0,5.0
ORD101438,2023-08-21,North,Store_09,Home & Living,157.23,3,10.0,471.69,424.52,261.28,163.24,Bank Transfer,Returning,51.0,,5.0,5.0
ORD103150,2024-06-04,West,Store_07,Electronics,685.81,1,5.0,822.97,781.82,504.37,277.45,Debit Card,New,28.0,Female,,2.0
ORD100240,2023-04-13,Central,Store_12,Beauty,81.73,1,10.0,81.73,73.56,33.7,39.86,Mobile Wallet,Returning,39.0,Male,3.6,7.0
ORD101158,2023-10-08,West,Store_17,Clothing,30.76,1,0.0,30.76,30.76,20.51,10.25,Debit Card,New,29.0,Other,3.1,2.0
ORD104598,2024-11-28,West,Store_02,Clothing,196.46,2,10.0,628.67,565.8,394.02,171.78,Credit Card,VIP,40.0,Male,3.7,7.0
ORD100455,2024-02-10,East,Store_06,Home & Living,150.49,1,0.0,150.49,150.49,110.44,40.05,Bank Transfer,Returning,19.0,Female,4.6,2.0
ORD105228,2023-03-04,North,Store_17,Electronics,790.55,1,0.0,790.55,790.55,415.51,375.04,Cash,New,33.0,Male,4.7,3.0
ORD103526,2023-04-08,South,Store_13,Clothing,11.48,1,0.0,11.48,11.48,7.09,4.39,Mobile Wallet,New,,Female,4.0,1.0
ORD102919,2023-10-04,North,Store_10,Sports,40.32,1,0.0,40.32,40.32,27.71,12.61,Credit Card,New,34.0,Female,2.5,5.0
ORD100105,2024-07-28,South,Store_19,Home & Living,382.11,5,0.0,2292.66,2292.66,1586.7,705.96,Bank Transfer,New,24.0,Female,3.5,4.0
ORD101893,2024-06-02,Central,Store_05,Beauty,85.21,3,0.0,306.76,306.76,192.77,113.99,Cash,New,21.0,Other,5.0,3.0
ORD100727,2023-03-06,West,Store_20,Clothing,71.25,2,0.0,142.5,142.5,94.74,47.76,Mobile Wallet,Returning,37.0,Male,3.6,5.0
ORD103714,2024-06-13,North,Store_01,Home & Living,495.09,2,15.0,1188.22,1009.99,469.38,540.61,Credit Card,Returning,45.0,Male,4.1,3.0
ORD104284,2023-03-30,South,Store_17,Groceries,23.75,1,0.0,23.75,23.75,12.46,11.29,Cash,Returning,38.0,Female,3.1,3.0
ORD103605,2023-04-09,North,Store_02,Groceries,25.33,2,0.0,50.66,50.66,26.42,24.24,Credit Card,VIP,55.0,Male,4.1,4.0
ORD100822,2023-04-10,East,Store_02,Sports,89.98,1,0.0,89.98,89.98,61.09,28.89,Bank Transfer,Returning,16.0,Female,3.6,3.0
ORD103670,2023-04-16,East,Store_02,Sports,95.54,1,10.0,95.54,85.99,54.03,31.96,Bank Transfer,New,28.0,Female,4.0,3.0
ORD103538,2024-01-21,West,Store_11,Groceries,7.4,1,5.0,7.4,7.03,3.56,3.47,Bank Transfer,VIP,38.0,Female,4.9,4.0
ORD101005,2024-11-03,South,Store_10,Clothing,189.53,1,0.0,303.25,303.25,169.33,133.92,Bank Transfer,New,16.0,Other,3.2,2.0
ORD100196,2023-09-08,West,Store_06,Home & Living,416.69,1,0.0,416.69,416.69,312.15,104.54,Debit Card,Returning,35.0,Male,4.9,4.0
ORD105290,2024-08-27,Central,Store_02,Clothing,92.15,2,15.0,184.3,156.66,78.22,78.44,Bank Transfer,New,24.0,Female,,3.0
ORD102654,2024-09-13,Central,Store_07,Groceries,36.53,5,0.0,182.65,182.65,108.75,73.9,Debit Card,New,54.0,Male,5.0,0.0
ORD104159,2023-01-23,East,Store_04,Clothing,189.05,1,0.0,189.05,189.05,90.29,98.76,Mobile Wallet,New,19.0,Female,4.1,5.0
ORD102785,2023-03-27,Central,Store_05,Electronics,1158.68,1,0.0,1158.68,1158.68,549.73,608.95,Cash,VIP,23.0,Male,4.8,7.0
ORD103470,2023-06-13,West,Store_01,Groceries,2.32,1,25.0,2.78,2.09,1.41,0.68,Mobile Wallet,New,22.0,Male,5.0,5.0
ORD103763,2024-04-09,South,Store_11,Groceries,27.28,3,25.0,81.84,61.38,35.18,26.2,Cash,New,32.0,Female,4.3,3.0
ORD104525,2023-12-01,Central,Store_08,Groceries,11.88,4,0.0,76.03,76.03,38.89,37.14,Credit Card,New,24.0,Male,3.5,5.0
ORD102863,2024-03-22,South,Store_12,Sports,154.06,2,10.0,308.12,277.31,197.54,79.77,Credit Card,Returning,33.0,Male,2.6,4.0
ORD105244,2023-09-14,North,Store_10,Electronics,97.73,1,0.0,97.73,97.73,65.55,32.18,Cash,New,48.0,Female,5.0,2.0
ORD105731,2023-04-01,West,Store_20,Clothing,90.65,1,10.0,90.65,81.58,60.04,21.54,Debit Card,Returning,46.0,Female,4.7,2.0
ORD103323,2024-04-11,South,Store_14,Sports,65.98,1,0.0,65.98,65.98,40.02,25.96,Credit Card,VIP,41.0,Female,3.4,0.0
ORD102976,2023-12-27,North,Store_19,Home & Living,412.85,1,0.0,660.56,660.56,418.9,241.66,Credit Card,VIP,28.0,Female,,6.0
ORD101364,2024-02-10,North,Store_10,Home & Living,54.55,5,15.0,272.75,231.84,126.44,105.4,Bank Transfer,Returning,55.0,Female,4.4,2.0
ORD102456,2024-09-05,West,Store_12,Clothing,140.47,1,5.0,140.47,133.45,68.82,64.63,Mobile Wallet,Returning,42.0,Male,3.6,4.0
ORD102306,2023-08-26,West,Store_03,Electronics,916.13,2,5.0,1832.26,1740.65,968.09,772.56,Cash,Returning,39.0,Male,3.4,3.0
ORD100023,2024-11-07,South,Store_01,Electronics,814.34,1,0.0,1302.94,1302.94,623.16,679.78,Credit Card,Returning,,Male,4.0,3.0
ORD100636,2023-06-21,Central,Store_03,Beauty,79.02,1,0.0,94.82,94.82,64.75,30.07,Bank Transfer,Returning,28.0,Male,4.6,5.0
ORD105561,2023-03-27,South,Store_19,Clothing,196.52,2,5.0,393.04,373.39,190.7,182.69,Cash,Returning,49.0,Male,3.8,1.0
ORD100430,2023-03-03,South,Store_03,Groceries,36.4,1,0.0,36.4,36.4,20.72,15.68,Bank Transfer,Returning,16.0,Female,4.1,1.0
ORD100720,2023-04-12,East,Store_19,Groceries,31.19,1,0.0,31.19,31.19,18.9,12.29,Credit Card,New,48.0,Male,4.7,4.0
ORD103324,2023-11-13,South,Store_15,Groceries,35.31,1,0.0,56.5,56.5,35.42,21.08,Debit Card,Returning,21.0,Female,3.0,
ORD101678,2024-11-05,South,Store_11,Home & Living,269.58,1,15.0,431.33,366.63,246.88,119.75,Mobile Wallet,Returning,16.0,Male,5.0,2.0
ORD103319,2023-01-26,North,Store_10,Groceries,19.38,2,0.0,38.76,38.76,22.51,16.25,Debit Card,New,30.0,Female,4.0,3.0
ORD102315,2023-01-01,East,Store_11,Groceries,43.06,1,5.0,43.06,40.91,26.73,14.18,Bank Transfer,Returning,64.0,Male,4.2,3.0
ORD105965,2023-03-14,North,Store_09,Groceries,29.51,1,15.0,29.51,25.08,13.89,11.19,Bank Transfer,New,31.0,Male,5.0,0.0
ORD101305,2024-05-05,South,Store_20,Beauty,103.9,2,0.0,207.8,207.8,120.47,87.33,Credit Card,New,54.0,Male,3.1,2.0
ORD103126,2024-08-30,North,Store_06,Electronics,1004.88,1,10.0,1004.88,904.39,559.3,345.09,Mobile Wallet,Returning,16.0,Male,4.6,3.0
ORD101210,2024-03-31,Central,Store_02,Beauty,40.46,3,0.0,121.38,121.38,57.2,64.18,Mobile Wallet,Returning,31.0,Female,5.0,5.0
ORD102147,2024-11-14,North,Store_04,Groceries,6.29,1,15.0,10.06,8.55,5.63,2.92,Mobile Wallet,New,46.0,Female,4.6,3.0
ORD102773,2024-05-30,South,Store_02,Electronics,137.42,2,0.0,274.84,274.84,169.61,105.23,Mobile Wallet,Returning,42.0,Other,3.7,1.0
ORD104980,2024-10-19,East,Store_16,Home & Living,393.73,2,0.0,787.46,787.46,505.45,282.01,Cash,Returning,33.0,Female,4.6,1.0
ORD102327,2023-05-03,North,Store_10,Home & Living,495.62,1,0.0,495.62,495.62,250.11,245.51,Credit Card,New,30.0,Female,3.1,3.0
ORD100619,2023-04-13,Central,Store_16,Electronics,129.82,5,5.0,649.1,616.64,324.33,292.31,Bank Transfer,New,20.0,Female,4.6,2.0
ORD103783,2024-07-08,Central,Store_06,Sports,98.26,1,0.0,117.91,117.91,60.88,57.03,Bank Transfer,VIP,,Male,5.0,5.0
ORD103174,2024-12-27,West,Store_01,Clothing,46.58,2,20.0,149.06,119.25,73.01,46.24,Credit Card,New,48.0,Female,3.8,4.0
ORD105610,2023-07-22,East,Store_03,Groceries,14.24,3,0.0,51.26,51.26,32.9,18.36,Mobile Wallet,Returning,27.0,Female,2.0,2.0
ORD105286,2023-07-29,South,Store_15,Home & Living,357.24,2,15.0,857.38,728.77,335.47,393.3,Bank Transfer,New,49.0,Female,3.8,5.0
ORD103691,2024-04-02,East,Store_02,Groceries,14.3,5,0.0,71.5,71.5,42.23,29.27,Bank Transfer,New,31.0,Female,,0.0
ORD103315,2024-09-10,North,Store_12,Groceries,34.64,1,5.0,34.64,32.91,22.3,10.61,Bank Transfer,VIP,35.0,Male,5.0,2.0
ORD104748,2024-09-23,Central,Store_16,Electronics,1084.07,1,0.0,1084.07,1084.07,715.74,368.33,Bank Transfer,Returning,46.0,Male,3.7,2.0
ORD105029,2023-06-19,West,Store_02,Clothing,73.21,1,0.0,87.85,87.85,46.48,41.37,Mobile Wallet,New,40.0,Female,2.8,5.0
ORD101932,2024-09-01,East,Store_10,Home & Living,260.34,1,0.0,260.34,260.34,179.92,80.42,Bank Transfer,Returning,32.0,Male,3.3,
ORD103110,2024-01-29,North,Store_13,Beauty,79.32,1,,79.32,75.35,34.33,41.02,Mobile Wallet,Returning,18.0,Female,5.0,4.0
ORD103295,2024-08-04,North,Store_08,Home & Living,486.92,1,15.0,486.92,413.88,190.85,223.03,Debit Card,New,35.0,Male,4.3,2.0
ORD103331,2024-09-13,North,Store_10,Home & Living,48.09,1,5.0,48.09,45.69,29.22,16.47,Cash,Returning,29.0,Female,3.5,4.0
ORD102508,2023-10-25,East,Store_03,Clothing,57.54,2,0.0,115.08,115.08,58.82,56.26,Mobile Wallet,Returning,34.0,Male,5.0,1.0
ORD105579,2023-10-09,Central,Store_06,Electronics,554.94,2,0.0,1109.88,1109.88,585.14,524.74,Debit Card,VIP,48.0,Male,3.9,4.0
ORD105117,2023-12-05,North,Store_05,Clothing,96.79,1,5.0,154.86,147.12,72.91,74.21,Debit Card,Returning,38.0,Male,4.1,4.0
ORD105219,2023-09-14,East,Store_16,Electronics,960.23,1,0.0,960.23,960.23,486.85,473.38,Cash,New,38.0,Male,3.5,4.0
ORD105538,2024-08-18,West,Store_04,Home & Living,92.81,1,25.0,92.81,69.61,46.11,23.5,Bank Transfer,New,43.0,Female,4.4,1.0
ORD100717,2023-12-26,North,Store_11,Home & Living,446.16,1,5.0,713.86,678.17,395.0,283.17,Debit Card,New,40.0,Other,3.7,4.0
ORD103893,2023-05-27,West,Store_04,Electronics,902.21,1,0.0,902.21,902.21,417.24,484.97,Cash,Returning,34.0,Female,4.1,6.0
ORD102407,2024-06-02,South,Store_03,Home & Living,119.13,1,0.0,142.96,142.96,98.55,44.41,Bank Transfer,VIP,37.0,Male,3.6,1.0
ORD104421,2024-12-30,East,Store_03,Home & Living,248.65,2,0.0,795.68,795.68,557.57,238.11,Cash,Returning,16.0,Female,3.6,3.0
ORD104875,2024-04-29,South,Store_10,Clothing,182.71,1,0.0,182.71,182.71,96.39,86.32,Debit Card,Returning,50.0,Male,4.7,6.0
ORD100527,2023-04-16,East,Store_10,Clothing,51.29,5,0.0,256.45,256.45,141.22,115.23,Bank Transfer,Returning,44.0,Female,3.2,3.0
ORD102053,2024-11-22,East,Store_08,Clothing,51.84,2,10.0,165.89,149.3,72.95,76.35,Cash,Returning,50.0,Female,4.3,4.0
ORD101657,2024-09-29,West,Store_08,Home & Living,244.69,2,5.0,489.38,464.91,272.08,192.83,Debit Card,VIP,29.0,Female,3.5,2.0
ORD102318,2024-09-13,West,Store_08,Groceries,30.21,1,0.0,30.21,30.21,17.86,12.35,Bank Transfer,Returning,23.0,Female,2.7,0.0
ORD101947,2024-10-31,North,Store_08,Beauty,33.32,5,0.0,166.6,166.6,111.63,54.97,Debit Card,New,54.0,Female,4.4,3.0
ORD104536,2023-03-01,North,Store_09,Home & Living,481.81,4,0.0,1927.24,1927.24,949.43,977.81,Debit Card,Returning,43.0,Female,,2.0
ORD104708,2024-07-14,North,Store_14,Groceries,17.83,1,0.0,21.4,21.4,15.48,5.92,Mobile Wallet,VIP,28.0,Male,3.6,1.0
ORD105100,2024-02-06,West,Store_01,Groceries,30.48,2,0.0,60.96,60.96,31.55,29.41,Credit Card,Returning,44.0,Male,3.6,3.0
ORD103082,2023-07-22,South,Store_16,Electronics,526.4,1,0.0,631.68,631.68,437.37,194.31,Debit Card,New,47.0,Female,3.1,2.0
ORD100524,2023-08-21,South,Store_07,Clothing,69.29,1,0.0,69.29,69.29,48.56,20.73,Bank Transfer,Returning,,Male,4.1,2.0
ORD105156,2024-11-09,South,Store_10,Home & Living,363.76,5,0.0,2910.08,2910.08,1484.52,1425.56,Bank Transfer,Returning,22.0,Male,4.6,4.0
ORD100910,2024-07-16,West,Store_09,Groceries,16.39,1,0.0,19.67,19.67,13.05,6.62,Bank Transfer,VIP,44.0,Other,3.1,4.0
ORD102541,2024-12-09,West,Store_08,Clothing,173.63,1,0.0,277.81,277.81,140.74,137.07,Cash,New,35.0,Female,3.0,6.0
ORD104738,2023-09-13,South,Store_05,Electronics,437.14,1,25.0,437.14,327.86,179.56,148.3,Credit Card,VIP,27.0,Female,3.2,5.0
ORD100503,2024-09-25,South,Store_02,Electronics,157.04,1,10.0,157.04,141.34,85.93,55.41,Debit Card,Returning,27.0,Male,3.6,3.0
ORD100558,2024-08-01,South,Store_20,Beauty,126.51,1,20.0,126.51,101.21,72.62,28.59,Mobile Wallet,Returning,20.0,Male,4.2,0.0
ORD100124,2024-09-16,North,Store_10,Groceries,30.65,2,10.0,61.3,55.17,25.14,30.03,Debit Card,Returning,31.0,Male,,1.0
ORD101470,2024-10-17,North,Store_18,Electronics,1081.93,1,15.0,1081.93,919.64,446.98,472.66,Bank Transfer,New,61.0,Male,4.9,2.0
ORD104657,2024-02-23,West,Store_08,Electronics,792.15,1,25.0,792.15,594.11,383.17,210.94,Cash,Returning,,Male,2.3,2.0
ORD101284,2023-10-06,North,Store_05,Home & Living,360.85,4,5.0,1443.4,1371.23,745.85,625.38,Cash,Returning,44.0,Male,5.0,5.0
ORD103925,2024-02-22,West,Store_13,Groceries,29.91,1,0.0,29.91,29.91,15.84,14.07,Mobile Wallet,Returning,30.0,Male,4.3,0.0
ORD101094,2023-08-28,East,Store_13,Electronics,862.99,2,5.0,1725.98,1639.68,953.04,686.64,Cash,VIP,38.0,Male,4.5,4.0
ORD104696,2023-02-25,Central,Store_05,Electronics,568.26,1,5.0,568.26,539.85,369.47,170.38,Credit Card,Returning,17.0,Male,3.5,
ORD101774,2024-07-15,South,Store_06,Electronics,128.81,3,0.0,463.72,463.72,221.11,242.61,Credit Card,Returning,57.0,Female,3.4,4.0
ORD101212,2023-12-03,West,Store_02,Sports,155.99,3,0.0,748.75,748.75,378.0,370.75,Credit Card,Returning,39.0,Male,3.3,2.0
ORD101183,2023-11-24,South,Store_07,Groceries,32.68,1,0.0,52.29,52.29,39.13,13.16,Debit Card,New,25.0,Male,3.9,6.0
ORD100224,2024-06-10,West,Store_13,Groceries,54.42,2,0.0,130.61,130.61,82.91,47.7,Credit Card,New,36.0,Female,4.4,3.0
ORD103706,2023-04-25,East,Store_11,Electronics,698.49,1,20.0,698.49,558.79,299.33,259.46,Mobile Wallet,New,43.0,Male,4.1,4.0
ORD101951,2024-03-19,North,Store_10,Home & Living,127.78,1,25.0,127.78,95.83,52.17,43.66,Debit Card,New,53.0,Female,2.6,4.0
ORD101040,2024-05-30,South,Store_08,Electronics,1088.4,1,15.0,1088.4,925.14,573.11,352.03,Credit Card,New,59.0,Other,,3.0
ORD100428,2023-01-19,Central,Store_20,Clothing,112.51,1,0.0,112.51,112.51,76.12,36.39,Debit Card,Returning,36.0,Female,3.7,4.0
ORD105920,2023-04-17,West,Store_03,Home & Living,99.86,1,0.0,99.86,99.86,68.62,31.24,Bank Transfer,New,51.0,Male,4.1,3.0
ORD101371,2023-09-08,Central,Store_06,Electronics,730.38,5,0.0,3651.9,3651.9,2691.47,960.43,Cash,VIP,65.0,Male,5.0,2.0
ORD103772,2024-01-21,South,Store_17,Home & Living,262.38,1,15.0,262.38,223.02,129.27,93.75,Credit Card,Returning,47.0,Female,5.0,1.0
ORD100684,2023-05-04,North,Store_05,Electronics,416.94,1,20.0,416.94,333.55,170.49,163.06,Cash,New,30.0,Male,5.0,3.0
ORD100827,2024-10-16,East,Store_10,Groceries,50.7,1,0.0,50.7,50.7,33.52,17.18,Cash,Returning,33.0,Female,2.3,3.0
ORD100632,2023-11-13,West,Store_07,Home & Living,488.87,1,0.0,782.19,782.19,468.83,313.36,Cash,VIP,24.0,Male,3.8,1.0
ORD101241,2024-07-21,West,Store_11,Clothing,173.14,1,0.0,207.77,207.77,143.31,64.46,Bank Transfer,Returning,63.0,Male,5.0,0.0
ORD102525,2023-08-25,South,Store_10,Electronics,323.6,1,5.0,323.6,307.42,156.84,150.58,Credit Card,New,,Female,3.8,5.0
ORD101671,2024-02-18,North,Store_14,Sports,127.88,1,,127.88,127.88,76.03,51.85,Bank Transfer,New,54.0,Male,4.7,1.0
ORD101460,2024-07-30,West,Store_11,Electronics,658.87,2,25.0,1581.29,1185.97,755.23,430.74,Mobile Wallet,Returning,31.0,Male,4.3,0.0
ORD101397,2024-04-22,South,Store_04,Electronics,399.05,1,0.0,399.05,399.05,218.04,181.01,Credit Card,Returning,22.0,Female,4.9,4.0
ORD101277,2024-07-18,North,Store_02,Clothing,113.27,1,15.0,135.92,115.53,73.17,42.36,Bank Transfer,New,18.0,Male,3.5,6.0
ORD103117,2024-04-14,East,Store_16,Groceries,31.01,1,5.0,31.01,29.46,14.23,15.23,Cash,VIP,30.0,Female,2.5,0.0
ORD100745,2023-09-23,North,Store_11,Groceries,15.68,3,10.0,47.04,42.34,24.86,17.48,Debit Card,New,57.0,Other,3.5,3.0
ORD101748,2024-08-10,North,Store_18,Electronics,312.67,3,10.0,938.01,844.21,452.27,391.94,Bank Transfer,New,50.0,Female,4.2,7.0
ORD100167,2023-05-02,South,Store_09,Clothing,93.11,3,10.0,279.33,251.4,179.43,71.97,Debit Card,Returning,38.0,Male,4.2,8.0
ORD104964,2024-11-20,North,Store_15,Beauty,83.6,1,0.0,133.76,133.76,69.53,64.23,Cash,VIP,45.0,Female,3.6,0.0
ORD100141,2023-06-06,Central,Store_09,Groceries,9.77,1,0.0,11.72,11.72,6.78,4.94,Cash,New,34.0,Male,4.7,5.0
ORD100804,2024-06-22,North,Store_19,Clothing,149.29,1,0.0,179.15,179.15,96.48,82.67,Credit Card,VIP,26.0,Female,3.8,5.0
ORD102008,2024-07-28,West,Store_16,Clothing,198.9,1,5.0,238.68,226.75,131.45,95.3,Debit Card,Returning,37.0,Male,5.0,2.0
ORD104285,2024-07-13,East,Store_10,Electronics,402.21,1,10.0,482.65,434.38,244.76,189.62,Bank Transfer,Returning,16.0,Male,3.0,3.0
ORD103649,2024-06-22,South,Store_11,Groceries,46.37,1,0.0,55.64,55.64,25.71,29.93,Mobile Wallet,Returning,40.0,Male,3.9,0.0
ORD105321,2024-09-05,East,Store_10,Beauty,13.86,1,0.0,13.86,13.86,10.25,3.61,Bank Transfer,New,53.0,Female,4.6,3.0
ORD102248,2023-04-24,West,Store_12,Beauty,115.67,1,0.0,115.67,115.67,71.19,44.48,Credit Card,Returning,18.0,Male,4.9,4.0
ORD100454,2024-03-11,North,Store_18,Groceries,53.48,1,0.0,53.48,53.48,26.63,26.85,Mobile Wallet,New,45.0,Female,3.2,3.0
ORD100844,2023-01-04,South,Store_15,Groceries,25.94,1,0.0,25.94,25.94,18.61,7.33,Cash,Returning,33.0,Female,3.6,5.0
ORD105281,2024-06-07,North,Store_03,Beauty,46.97,1,0.0,56.36,56.36,33.99,22.37,Credit Card,New,31.0,Male,4.3,2.0
ORD105202,2024-09-02,South,Store_16,Clothing,37.95,1,20.0,37.95,30.36,17.75,12.61,Cash,New,35.0,Male,4.9,8.0
ORD104786,2024-02-14,North,Store_05,Clothing,148.16,1,15.0,148.16,125.94,82.72,43.22,Debit Card,Returning,28.0,Female,3.5,5.0
ORD100440,2024-12-11,North,Store_15,Beauty,36.06,2,0.0,115.39,115.39,79.67,35.72,Cash,New,29.0,Female,3.3,3.0
ORD103111,2024-07-11,West,Store_01,Groceries,39.15,1,0.0,46.98,46.98,21.47,25.51,Mobile Wallet,Returning,45.0,Male,4.2,7.0
ORD104108,2024-01-10,North,Store_04,Clothing,47.08,1,0.0,47.08,47.08,28.54,18.54,Cash,New,55.0,Male,,3.0
ORD101827,2024-12-19,Central,Store_09,Groceries,20.81,1,0.0,33.3,33.3,18.39,14.91,Cash,New,16.0,Male,2.8,0.0
ORD104672,2023-06-03,South,Store_05,Groceries,28.27,1,0.0,33.92,33.92,23.01,10.91,Bank Transfer,New,38.0,Male,2.5,0.0
ORD103131,2023-12-03,East,Store_17,Sports,267.73,3,0.0,1285.1,1285.1,903.64,381.46,Debit Card,VIP,34.0,Female,3.3,2.0
ORD102972,2024-03-12,Central,Store_07,Beauty,68.68,1,0.0,68.68,68.68,50.3,18.38,Cash,New,49.0,Female,3.9,5.0
ORD105053,2024-10-28,North,Store_10,Beauty,66.27,2,0.0,132.54,132.54,79.57,52.97,Bank Transfer,VIP,,Male,5.0,0.0
ORD100984,2024-03-04,Central,Store_18,Home & Living,287.52,2,15.0,575.04,488.78,287.04,201.74,Cash,VIP,68.0,Male,5.0,2.0
ORD103628,2024-09-09,Central,Store_18,Sports,186.54,2,0.0,373.08,373.08,252.33,120.75,Bank Transfer,VIP,29.0,Female,4.8,3.0
ORD101745,2024-12-15,East,Store_04,Clothing,73.3,2,0.0,234.56,234.56,115.61,118.95,Debit Card,VIP,33.0,Female,4.0,7.0
ORD104309,2024-03-15,North,Store_17,Groceries,58.2,3,0.0,174.6,174.6,99.62,74.98,Cash,New,24.0,Male,3.4,5.0
ORD103346,2024-03-15,North,Store_20,Groceries,57.99,1,0.0,57.99,57.99,43.45,14.54,Cash,New,42.0,Female,4.3,2.0
ORD104515,2024-08-02,South,Store_14,Groceries,18.59,1,0.0,18.59,18.59,13.01,5.58,Bank Transfer,Returning,16.0,Male,4.1,3.0
ORD105557,2023-07-09,North,Store_10,Beauty,123.53,1,0.0,148.24,148.24,104.21,44.03,Mobile Wallet,Returning,52.0,Other,3.1,4.0
ORD101842,2024-08-19,West,Store_01,Sports,205.58,3,0.0,616.74,616.74,335.52,281.22,Debit Card,New,40.0,Male,4.2,4.0
ORD102950,2023-01-23,East,Store_04,Clothing,159.16,1,20.0,159.16,127.33,88.38,38.95,Cash,Returning,46.0,Male,3.8,4.0
ORD103739,2024-08-30,East,Store_20,Groceries,55.95,1,15.0,55.95,47.56,34.11,13.45,Bank Transfer,New,60.0,Female,4.8,1.0
ORD104811,2023-06-30,East,Store_12,Home & Living,170.98,1,0.0,205.18,205.18,118.08,87.1,Debit Card,New,50.0,Female,5.0,1.0
ORD100376,2024-06-21,Central,Store_02,Groceries,14.83,2,15.0,35.59,30.25,16.33,13.92,Debit Card,New,20.0,Male,3.2,3.0
ORD105657,2024-08-16,Central,Store_11,Groceries,38.23,1,15.0,38.23,32.5,22.01,10.49,Cash,New,27.0,Female,3.4,
ORD100205,2023-07-14,South,Store_01,Electronics,291.04,1,0.0,349.25,349.25,261.82,87.43,Bank Transfer,VIP,35.0,Female,4.0,5.0
ORD102211,2024-07-19,South,Store_02,Groceries,50.64,1,0.0,60.77,60.77,37.7,23.07,Cash,VIP,29.0,Female,,2.0
ORD102194,2024-04-24,South,Store_14,Groceries,10.0,1,0.0,10.0,10.0,6.21,3.79,Credit Card,Returning,44.0,Male,3.9,6.0
ORD101376,2024-12-03,East,Store_05,Electronics,108.15,2,20.0,346.08,276.86,152.09,124.77,Credit Card,Returning,33.0,Female,4.7,8.0
ORD103365,2024-07-01,North,Store_13,Clothing,151.97,3,5.0,547.09,519.74,286.5,233.24,Cash,New,24.0,Male,3.4,5.0
ORD104800,2024-03-22,South,Store_01,Groceries,26.86,1,0.0,26.86,26.86,16.73,10.13,Mobile Wallet,Returning,20.0,Female,3.8,2.0
ORD103825,2024-10-21,West,Store_11,Electronics,52.16,2,10.0,104.32,93.89,64.87,29.02,Debit Card,VIP,29.0,Other,4.0,4.0
ORD102889,2023-05-23,North,Store_03,Groceries,12.33,1,5.0,12.33,11.71,6.1,5.61,Mobile Wallet,Returning,30.0,Male,4.2,4.0
ORD102417,2023-07-09,East,Store_11,Clothing,136.71,1,0.0,164.05,164.05,117.7,46.35,Mobile Wallet,Returning,33.0,Female,3.8,4.0
ORD100418,2023-08-05,North,Store_01,Groceries,43.16,3,5.0,129.48,123.01,63.95,59.06,Credit Card,Returning,49.0,Male,3.9,6.0
ORD100283,2023-12-25,North,Store_12,Electronics,75.9,1,0.0,121.44,121.44,71.65,49.79,Bank Transfer,Returning,36.0,Male,3.8,4.0
ORD100871,2023-05-28,Central,,Clothing,159.25,1,0.0,159.25,159.25,115.12,44.13,Debit Card,VIP,58.0,Male,4.9,6.0
ORD102145,2023-11-21,North,Store_17,Clothing,99.36,2,10.0,317.95,286.15,147.71,138.44,Credit Card,New,29.0,Male,5.0,5.0
ORD105276,2023-07-02,East,Store_01,Groceries,38.42,1,0.0,46.1,46.1,33.36,12.74,Bank Transfer,New,,Male,4.9,6.0
ORD100354,2024-12-08,West,Store_16,Sports,274.93,2,0.0,879.78,879.78,547.47,332.31,Credit Card,Returning,50.0,Other,5.0,4.0
ORD103792,2023-07-06,North,Store_08,Groceries,39.67,1,15.0,47.6,40.46,22.06,18.4,Mobile Wallet,New,85.0,Female,4.7,4.0
ORD104642,2024-11-26,East,Store_14,Groceries,30.37,1,25.0,48.59,36.44,24.55,11.89,Bank Transfer,VIP,61.0,Male,3.3,3.0
ORD105257,2023-07-30,South,Store_18,Electronics,533.77,1,0.0,640.52,640.52,437.6,202.92,Bank Transfer,Returning,,Male,4.2,2.0
ORD102699,2023-03-28,North,Store_07,Sports,20.12,2,20.0,40.24,32.19,22.1,10.09,Debit Card,New,51.0,Female,3.3,2.0
ORD102766,2023-09-27,North,Store_12,Electronics,650.31,1,0.0,650.31,650.31,359.9,290.41,Cash,Returning,38.0,Male,2.8,4.0
ORD103976,2024-04-15,Central,Store_08,Clothing,164.09,5,15.0,820.45,697.38,336.01,361.37,Mobile Wallet,VIP,24.0,Male,3.2,3.0
ORD103387,2024-06-21,South,Store_07,Groceries,8.93,1,,10.72,10.72,5.64,5.08,Credit Card,New,31.0,Female,4.5,5.0
ORD102748,2023-10-30,East,Store_08,Electronics,891.1,1,0.0,891.1,891.1,542.92,348.18,Mobile Wallet,VIP,33.0,Male,3.4,4.0
ORD101596,2024-04-26,Central,Store_07,Beauty,81.26,1,0.0,81.26,81.26,47.1,34.16,Credit Card,Returning,38.0,Male,5.0,4.0
ORD102746,2023-06-13,Central,Store_14,Clothing,44.94,1,0.0,53.93,53.93,25.97,27.96,Bank Transfer,VIP,29.0,Female,3.4,0.0
ORD101469,2023-02-14,Central,Store_06,Home & Living,383.36,1,25.0,383.36,287.52,132.74,154.78,Cash,New,63.0,Male,4.9,5.0
ORD105790,2024-06-19,East,Store_03,Electronics,526.22,1,0.0,631.46,631.46,473.15,158.31,Mobile Wallet,New,24.0,Male,3.1,6.0
ORD101601,2024-06-23,East,Store_12,Beauty,39.98,2,5.0,95.95,91.15,66.2,24.95,Debit Card,VIP,49.0,Female,3.2,4.0
ORD105606,2023-11-26,South,Store_15,Beauty,24.86,4,10.0,159.1,143.19,95.9,47.29,Credit Card,VIP,16.0,Male,3.7,0.0
ORD102447,2024-04-16,North,Store_13,Sports,163.51,1,0.0,163.51,163.51,84.43,79.08,Debit Card,Returning,36.0,Male,3.7,3.0
ORD100458,2024-09-05,West,Store_15,Electronics,58.58,1,25.0,58.58,43.94,24.28,19.66,Mobile Wallet,Returning,37.0,Female,2.9,2.0
ORD102023,2024-03-13,East,Store_07,Groceries,53.92,1,5.0,53.92,51.22,26.41,24.81,Cash,New,43.0,Other,3.8,8.0
ORD105119,2023-01-23,South,Store_12,Home & Living,171.06,1,0.0,171.06,171.06,94.13,76.93,Bank Transfer,VIP,39.0,Female,3.6,4.0
ORD101638,2023-05-14,South,Store_01,Beauty,20.68,1,0.0,20.68,20.68,9.53,11.15,Debit Card,Returning,52.0,Male,3.2,5.0
ORD104377,2023-07-12,West,Store_03,Groceries,47.17,1,0.0,56.6,56.6,31.89,24.71,Cash,New,33.0,Female,4.3,1.0
ORD102900,2024-01-06,South,Store_12,Electronics,522.03,2,0.0,1044.06,1044.06,648.23,395.83,Mobile Wallet,Returning,42.0,Female,4.6,4.0
ORD104376,2023-08-20,East,Store_05,Beauty,127.2,1,5.0,127.2,120.84,57.01,63.83,Cash,Returning,38.0,Female,4.1,3.0
ORD100375,2023-03-10,North,Store_14,Sports,121.23,1,25.0,121.23,90.92,55.94,34.98,Credit Card,VIP,30.0,Female,3.6,3.0
ORD105994,2023-04-07,Central,Store_18,Groceries,54.81,1,0.0,54.81,54.81,35.24,19.57,Credit Card,Returning,34.0,Other,4.0,7.0
ORD100883,2023-04-24,North,Store_03,Electronics,683.05,5,0.0,3415.25,3415.25,1875.9,1539.35,Credit Card,Returning,25.0,Male,3.8,1.0
ORD104217,2023-09-07,Central,Store_12,Home & Living,78.97,4,10.0,315.88,284.29,150.5,133.79,Debit Card,VIP,61.0,Male,4.7,6.0
ORD100691,2024-08-03,East,Store_13,Electronics,581.91,1,0.0,581.91,581.91,422.94,158.97,Bank Transfer,New,53.0,Female,5.0,7.0
ORD104214,2024-05-15,Central,Store_18,Sports,225.88,1,0.0,225.88,225.88,168.99,56.89,Credit Card,Returning,36.0,Other,2.2,6.0
ORD103888,2023-04-12,East,Store_14,Sports,239.59,1,0.0,239.59,239.59,110.92,128.67,Debit Card,New,16.0,Other,4.4,2.0
ORD103712,2024-08-12,South,Store_01,Home & Living,467.17,1,15.0,467.17,397.09,295.75,101.34,Debit Card,Returning,50.0,Female,,1.0
ORD103465,2024-07-01,East,Store_17,Home & Living,411.36,2,15.0,987.26,839.17,472.16,367.01,Cash,New,16.0,Female,4.7,6.0
ORD100317,2024-06-14,South,Store_06,Electronics,114.3,1,25.0,137.16,102.87,73.94,28.93,Mobile Wallet,New,44.0,Male,2.9,0.0
ORD102842,2024-07-11,West,Store_14,Home & Living,317.41,1,0.0,380.89,380.89,244.51,136.38,Cash,Returning,44.0,Female,3.8,4.0
ORD105788,2024-02-02,West,Store_16,Groceries,27.96,3,15.0,83.88,71.3,51.69,19.61,Mobile Wallet,New,31.0,Other,,6.0
ORD101902,2024-06-09,Central,Store_05,Electronics,706.29,4,0.0,3390.19,3390.19,2507.4,882.79,Cash,New,,Female,4.4,0.0
ORD103860,2024-02-01,North,Store_11,Electronics,981.18,2,0.0,1962.36,1962.36,1186.26,776.1,Mobile Wallet,Returning,19.0,Male,4.4,3.0
ORD100508,2023-07-16,Central,Store_15,Home & Living,130.64,1,0.0,156.77,156.77,75.85,80.92,Cash,VIP,22.0,Male,1.7,3.0
ORD105898,2024-04-19,West,Store_03,Beauty,25.62,1,0.0,25.62,25.62,16.1,9.52,Cash,Returning,39.0,Other,3.9,4.0
ORD105181,2024-07-14,South,Store_17,Groceries,52.95,2,0.0,127.08,127.08,94.88,32.2,Bank Transfer,Returning,47.0,Female,3.4,2.0
ORD102594,2023-08-12,North,Store_11,Groceries,19.61,2,0.0,39.22,39.22,25.01,14.21,Mobile Wallet,Returning,33.0,Female,5.0,5.0
ORD105885,2024-08-17,West,Store_19,Sports,244.75,2,0.0,489.5,489.5,252.98,236.52,Bank Transfer,New,49.0,Male,2.7,4.0
ORD105709,2024-07-07,South,Store_16,Electronics,967.49,2,0.0,2321.98,2321.98,1149.73,1172.25,Cash,VIP,34.0,,,2.0
ORD102779,2023-02-02,North,Store_13,Groceries,57.27,1,5.0,57.27,54.41,31.19,23.22,Bank Transfer,New,63.0,Male,1.8,5.0
ORD103717,2023-07-02,South,Store_09,Clothing,46.93,4,0.0,225.26,225.26,155.2,70.06,Mobile Wallet,VIP,32.0,Male,2.7,0.0
ORD105697,2024-07-14,South,Store_04,Clothing,126.92,1,20.0,152.3,121.84,91.08,30.76,Debit Card,Returning,28.0,Female,3.5,6.0
ORD100754,2024-02-10,West,Store_06,Electronics,776.22,1,0.0,776.22,9752.91054968153,516.8,2390.304757242782,Credit Card,VIP,40.0,Other,2.8,3.0
ORD105252,2024-06-05,Central,Store_06,Home & Living,111.38,1,0.0,133.66,1119.900240305862,82.88,489.0309591574329,Mobile Wallet,Returning,53.0,Male,1.9,5.0
ORD101550,2023-07-24,East,Store_16,Sports,207.82,1,0.0,249.38,249.38,174.47,74.91,Credit Card,New,36.0,Male,5.0,7.0
ORD105027,2023-03-12,East,Store_06,Electronics,1012.51,1,0.0,1012.51,1012.51,636.67,375.84,Cash,Returning,41.0,Male,4.1,8.0
ORD100125,2024-02-17,South,,Home & Living,170.88,1,0.0,170.88,170.88,121.88,49.0,Debit Card,Returning,16.0,Male,,3.0
ORD102799,2023-10-17,South,Store_04,Groceries,39.88,2,5.0,79.76,75.77,53.69,22.08,Bank Transfer,VIP,45.0,Male,4.8,5.0
ORD102174,2023-06-20,Central,Store_11,Groceries,40.22,1,10.0,48.26,43.43,31.7,11.73,Mobile Wallet,Returning,31.0,Female,5.0,3.0
ORD103148,2024-12-23,North,Store_08,Groceries,5.29,2,10.0,16.93,15.24,10.53,4.71,Debit Card,Returning,48.0,Female,5.0,4.0
ORD101599,2024-05-31,Central,Store_01,Home & Living,155.44,1,10.0,155.44,139.9,74.3,65.6,Mobile Wallet,Returning,36.0,Female,3.6,0.0
ORD101502,2023-06-17,South,Store_09,Clothing,11.77,1,25.0,14.12,10.59,7.49,3.1,Bank Transfer,VIP,16.0,,3.7,3.0
ORD103113,2024-11-09,South,Store_12,Sports,115.75,1,5.0,185.2,175.94,108.53,67.41,Debit Card,Returning,22.0,Female,5.0,2.0
ORD105588,2024-08-12,West,Store_14,Sports,131.94,3,20.0,395.82,316.66,153.05,163.61,Cash,New,44.0,Male,2.2,
ORD102014,2024-04-17,East,Store_06,Sports,156.4,1,5.0,156.4,148.58,95.56,53.02,Bank Transfer,VIP,33.0,Male,3.4,1.0
ORD103073,2024-07-25,West,Store_02,Sports,49.66,2,10.0,119.18,107.26,72.2,35.06,Cash,New,52.0,Male,4.2,4.0
ORD103321,2023-04-29,East,Store_13,Groceries,22.07,1,15.0,22.07,18.76,11.38,7.38,Bank Transfer,New,24.0,Female,,4.0
ORD103586,2023-11-27,North,Store_17,Home & Living,45.86,1,0.0,73.38,73.38,50.48,22.9,Mobile Wallet,Returning,29.0,Male,3.7,3.0
ORD102878,2024-09-27,West,Store_12,Clothing,114.4,1,25.0,114.4,85.8,60.62,25.18,Debit Card,VIP,30.0,Male,3.2,3.0
ORD103708,2023-12-26,Central,Store_18,Groceries,48.6,5,25.0,388.8,291.6,183.03,108.57,Cash,Returning,38.0,Male,3.4,3.0
ORD101416,2024-04-08,South,Store_08,Electronics,1093.95,1,0.0,1093.95,1093.95,625.71,468.24,Credit Card,VIP,49.0,Male,4.0,9.0
ORD105857,2023-09-24,North,Store_17,Groceries,46.16,1,5.0,46.16,43.85,27.07,16.78,Mobile Wallet,VIP,34.0,,4.2,4.0
ORD104410,2023-03-30,Central,Store_06,Sports,244.61,1,10.0,244.61,220.15,149.01,71.14,Mobile Wallet,VIP,27.0,Female,4.1,4.0
ORD102555,2023-03-17,South,Store_10,Groceries,59.69,1,0.0,59.69,59.69,30.75,28.94,Debit Card,Returning,19.0,Male,2.0,2.0
ORD103092,2024-06-08,South,Store_08,Groceries,44.65,1,0.0,53.58,53.58,36.13,17.45,Bank Transfer,VIP,24.0,Female,5.0,3.0
ORD102292,2023-06-21,South,Store_18,Sports,193.45,1,0.0,232.14,232.14,123.66,108.48,Credit Card,Returning,32.0,Male,4.7,
ORD101168,2024-12-29,West,Store_18,Clothing,176.0,1,0.0,281.6,281.6,176.07,105.53,Debit Card,VIP,32.0,Male,5.0,1.0
ORD101415,2024-07-26,East,Store_20,Groceries,8.84,1,0.0,10.61,10.61,7.89,2.72,Cash,Returning,48.0,Female,4.8,5.0
ORD104933,2024-08-27,North,Store_12,Groceries,56.49,1,10.0,56.49,50.84,25.62,25.22,Mobile Wallet,New,53.0,Female,4.2,0.0
ORD105487,2024-07-12,East,Store_08,Electronics,279.19,4,0.0,1340.11,1340.11,949.18,390.93,Mobile Wallet,Returning,26.0,Male,4.3,8.0
ORD100300,2023-09-23,South,Store_14,Electronics,1062.97,1,10.0,1062.97,956.67,505.96,450.71,Credit Card,VIP,71.0,Male,5.0,5.0
ORD103523,2023-05-04,South,Store_18,Electronics,338.65,1,10.0,338.65,304.78,147.96,156.82,Debit Card,New,42.0,Female,4.4,4.0
ORD102741,2023-03-12,East,Store_17,Clothing,199.0,1,0.0,199.0,199.0,104.65,94.35,Debit Card,Returning,35.0,Female,2.7,1.0
ORD105722,2024-05-14,North,Store_10,Clothing,162.43,1,0.0,162.43,162.43,94.39,68.04,Cash,Returning,27.0,Female,3.3,2.0
ORD105700,2024-03-30,North,Store_17,Electronics,670.24,1,0.0,670.24,670.24,490.19,180.05,Credit Card,Returning,48.0,Male,3.7,6.0
ORD105440,2024-01-13,East,Store_11,Clothing,52.18,1,0.0,52.18,52.18,37.63,14.55,Cash,Returning,42.0,Female,4.9,5.0
ORD105934,2024-09-03,East,Store_17,Groceries,51.29,1,25.0,51.29,38.47,23.71,14.76,Bank Transfer,VIP,61.0,Male,3.1,3.0
ORD103098,2023-05-14,East,Store_02,Electronics,604.84,1,25.0,604.84,453.63,301.21,152.42,Debit Card,VIP,38.0,Female,5.0,3.0
ORD103844,2024-11-03,Central,Store_11,Home & Living,352.69,3,10.0,1692.91,1523.62,833.81,689.81,Mobile Wallet,Returning,26.0,Female,3.5,1.0
ORD100862,2023-03-29,Central,Store_10,Home & Living,495.37,1,0.0,495.37,495.37,273.9,221.47,Bank Transfer,Returning,,Male,3.2,5.0
ORD105025,2023-03-29,North,Store_06,Electronics,564.96,3,20.0,1694.88,1355.9,722.34,633.56,Mobile Wallet,New,28.0,Female,5.0,2.0
ORD101140,2024-10-05,Central,Store_05,Home & Living,221.2,1,25.0,221.2,165.9,121.1,44.8,Mobile Wallet,Returning,48.0,Female,4.1,5.0
ORD104670,2023-03-11,South,Store_09,Electronics,530.92,2,0.0,1061.84,1061.84,510.71,551.13,Mobile Wallet,Returning,50.0,Female,4.4,2.0
ORD100935,2024-11-17,East,Store_16,Groceries,7.49,1,20.0,11.98,9.58,6.2,3.38,Debit Card,VIP,38.0,Male,3.8,2.0
ORD102358,2024-04-01,South,Store_14,Beauty,9.3,1,0.0,9.3,9.3,6.24,3.06,Bank Transfer,Returning,36.0,Female,4.5,7.0
ORD103084,2023-09-05,West,Store_06,Electronics,1163.22,1,10.0,1163.22,1046.9,619.67,427.23,Bank Transfer,Returning,19.0,Other,,4.0
ORD103743,2023-11-18,East,Store_02,Groceries,32.35,1,0.0,51.76,51.76,23.63,28.13,Bank Transfer,New,44.0,Male,4.6,2.0
ORD102745,2023-10-23,West,Store_16,Clothing,173.29,1,10.0,173.29,155.96,81.39,74.57,Debit Card,New,49.0,Female,3.3,4.0
ORD100041,2024-07-07,East,Store_15,Home & Living,205.14,2,0.0,492.34,492.34,305.82,186.52,Cash,VIP,38.0,Female,,
ORD101933,2024-11-26,West,Store_03,Groceries,4.97,1,0.0,7.95,7.95,3.82,4.13,Debit Card,Returning,19.0,Female,2.6,1.0
ORD103240,2023-06-02,East,Store_06,Clothing,86.53,3,10.0,311.51,280.36,193.61,86.75,Credit Card,Returning,40.0,Male,4.3,4.0
ORD103234,2024-02-22,East,Store_01,Home & Living,194.03,1,0.0,194.03,194.03,140.17,53.86,Debit Card,Returning,38.0,Female,5.0,6.0
ORD102378,2024-12-22,South,Store_06,Groceries,11.17,1,5.0,17.87,16.98,9.3,7.68,Bank Transfer,New,31.0,Female,5.0,2.0
ORD103227,2023-10-04,North,Store_19,Electronics,88.18,3,15.0,264.54,224.86,143.27,81.59,Credit Card,VIP,,Male,3.3,1.0
ORD103922,2023-12-18,Central,Store_14,Groceries,6.81,1,15.0,10.9,9.26,5.5,3.76,Debit Card,Returning,18.0,Male,4.8,5.0
ORD100928,2023-11-02,South,Store_06,Groceries,20.8,1,15.0,33.28,28.29,18.35,9.94,Bank Transfer,VIP,55.0,Male,4.2,5.0
ORD101913,2024-07-21,South,Store_09,Electronics,749.19,1,0.0,899.03,899.03,586.02,313.01,Mobile Wallet,New,46.0,Female,4.0,0.0
ORD100281,2023-12-22,West,Store_03,Electronics,288.83,1,0.0,462.13,462.13,234.95,227.18,Debit Card,New,58.0,Female,,2.0
ORD103673,2023-01-01,West,Store_20,Electronics,1032.55,1,0.0,1032.55,1032.55,635.45,397.1,Credit Card,Returning,49.0,Male,5.0,4.0
ORD101849,2023-05-01,North,Store_16,Beauty,117.18,1,15.0,117.18,99.6,72.02,27.58,Debit Card,Returning,63.0,Male,3.6,0.0
ORD103868,2023-06-11,North,Store_01,Electronics,863.07,1,0.0,1035.68,1035.68,516.49,519.19,Mobile Wallet,VIP,18.0,Female,2.7,1.0
ORD101578,2023-03-24,West,Store_07,Home & Living,245.4,3,15.0,736.2,625.77,310.86,314.91,Mobile Wallet,Returning,50.0,Female,4.2,7.0
ORD100339,2024-11-26,West,Store_02,Groceries,4.6,1,0.0,7.36,7.36,4.06,3.3,Cash,VIP,39.0,Female,4.2,6.0
ORD102509,2023-03-31,West,Store_06,Home & Living,348.32,1,0.0,348.32,348.32,224.28,124.04,Bank Transfer,New,,Female,4.8,5.0
ORD100897,2023-02-09,South,Store_17,Clothing,146.83,1,5.0,146.83,139.49,67.75,71.74,Cash,Returning,35.0,Male,5.0,3.0
ORD104460,2023-03-16,North,,Beauty,23.01,1,0.0,23.01,23.01,12.81,10.2,Credit Card,New,16.0,Female,4.5,
ORD100178,2024-10-19,South,Store_02,Clothing,26.71,1,0.0,26.71,26.71,12.52,14.19,Debit Card,VIP,37.0,Female,4.9,1.0
ORD104588,2024-03-18,South,Store_19,Electronics,654.33,4,10.0,2617.32,2355.59,1761.7,593.89,Credit Card,New,30.0,Other,3.4,5.0
ORD103877,2023-06-29,Central,Store_17,Electronics,646.36,2,15.0,1551.26,1318.57,887.57,431.0,Debit Card,Returning,46.0,Male,3.9,4.0
ORD101067,2024-04-12,North,Store_10,Sports,39.22,1,5.0,39.22,37.26,20.58,16.68,Credit Card,New,34.0,Female,3.7,5.0
ORD100802,2024-01-12,East,Store_10,Sports,94.49,1,10.0,94.49,85.04,55.92,29.12,Mobile Wallet,Returning,37.0,Female,,2.0
ORD101918,2023-11-26,West,Store_08,Beauty,111.83,1,5.0,178.93,169.98,125.08,44.9,Debit Card,Returning,35.0,Female,4.8,7.0
ORD104715,2024-01-01,West,Store_01,Clothing,98.15,5,0.0,490.75,490.75,329.73,161.02,Cash,New,38.0,Other,3.7,4.0
ORD103263,2024-09-21,West,Store_12,Electronics,596.93,1,0.0,596.93,596.93,293.19,303.74,Cash,New,17.0,Male,5.0,1.0
ORD100206,2024-07-11,South,Store_19,Electronics,523.92,2,0.0,1257.41,1257.41,816.02,441.39,Bank Transfer,New,63.0,Male,3.5,7.0
ORD100451,2024-11-06,West,Store_12,Sports,268.86,2,0.0,860.35,860.35,624.42,235.93,Cash,Returning,40.0,Female,4.2,0.0
ORD104668,2024-06-21,North,Store_10,Electronics,172.88,1,5.0,207.46,197.09,110.53,86.56,Mobile Wallet,VIP,41.0,Other,5.0,5.0
ORD100069,2023-12-09,West,Store_11,Groceries,18.84,1,5.0,30.14,28.63,13.23,15.4,Mobile Wallet,Returning,29.0,Other,3.8,5.0
ORD103959,2023-06-07,West,Store_14,Groceries,49.44,1,0.0,59.33,59.33,44.0,15.33,Debit Card,New,26.0,Female,3.2,2.0
ORD105047,2024-04-02,South,Store_12,Beauty,126.66,4,10.0,506.64,455.98,338.18,117.8,Bank Transfer,Returning,50.0,Female,4.3,0.0
ORD105494,2024-07-19,West,Store_09,Home & Living,66.58,1,5.0,79.9,75.9,47.86,28.04,Bank Transfer,Returning,52.0,Female,5.0,
ORD105877,2023-06-28,North,Store_04,Clothing,159.99,1,0.0,191.99,191.99,102.28,89.71,Debit Card,VIP,50.0,Female,4.7,3.0
ORD105459,2024-10-13,South,Store_07,Sports,106.4,1,10.0,106.4,95.76,49.0,46.76,Credit Card,New,61.0,Male,4.5,4.0
ORD104763,2023-06-23,Central,Store_01,Groceries,27.19,1,0.0,32.63,32.63,23.17,9.46,Debit Card,New,32.0,Female,3.1,4.0
ORD104662,2023-04-24,North,Store_08,Electronics,438.56,2,0.0,877.12,877.12,589.5,287.62,Mobile Wallet,New,21.0,Female,5.0,3.0
ORD102166,2023-08-19,South,Store_18,Beauty,138.94,1,10.0,138.94,125.05,82.85,42.2,Bank Transfer,Returning,34.0,Other,5.0,3.0
ORD101810,2023-06-28,Central,Store_15,Groceries,11.03,1,,13.24,13.24,6.86,6.38,Bank Transfer,New,26.0,Male,,5.0
ORD100858,2024-05-03,Central,Store_04,Clothing,16.88,2,20.0,33.76,27.01,19.51,7.5,Debit Card,Returning,31.0,Male,3.3,3.0
ORD104851,2024-06-13,North,Store_05,Groceries,23.31,1,0.0,27.97,27.97,17.74,10.23,Cash,New,30.0,Male,5.0,2.0
ORD103817,2024-08-09,West,Store_01,Electronics,554.73,1,0.0,554.73,554.73,329.69,225.04,Mobile Wallet,New,22.0,Male,2.9,2.0
ORD104313,2023-03-13,South,Store_04,Clothing,63.73,2,0.0,127.46,127.46,89.27,38.19,Mobile Wallet,Returning,48.0,Female,3.8,4.0
ORD100296,2024-09-12,West,Store_09,Electronics,600.87,1,0.0,600.87,600.87,444.66,156.21,Cash,VIP,16.0,Other,4.2,3.0
ORD103048,2023-05-04,Central,Store_04,Electronics,1021.34,1,0.0,1021.34,1021.34,738.3,283.04,Credit Card,Returning,28.0,Female,,3.0
ORD105382,2023-10-11,West,Store_15,Clothing,98.25,1,10.0,98.25,88.42,45.91,42.51,Cash,New,45.0,Other,4.6,4.0
ORD101358,2023-03-17,East,Store_19,Beauty,30.9,1,15.0,30.9,26.27,18.15,8.12,Debit Card,New,39.0,Female,4.1,4.0
ORD104134,2024-12-21,West,Store_07,Groceries,47.13,2,0.0,150.82,150.82,102.75,48.07,Debit Card,New,37.0,Female,4.3,5.0
ORD102168,2024-11-14,South,Store_12,Electronics,745.04,1,0.0,1192.06,1192.06,696.13,495.93,Credit Card,Returning,40.0,Female,3.6,1.0
ORD101000,2024-08-13,North,Store_04,Groceries,33.7,1,10.0,33.7,30.33,16.54,13.79,Cash,New,49.0,Female,,3.0
ORD105391,2023-05-02,West,Store_06,Electronics,107.52,2,10.0,215.04,193.54,130.47,63.07,Mobile Wallet,New,47.0,Male,4.2,2.0
ORD103521,2023-08-31,Central,Store_05,Home & Living,171.5,2,5.0,343.0,325.85,220.09,105.76,Debit Card,Returning,54.0,Male,4.1,4.0
ORD105513,2024-09-26,East,Store_09,Electronics,571.47,1,0.0,571.47,571.47,277.73,293.74,Credit Card,Returning,16.0,Male,5.0,4.0
ORD105824,2024-01-13,West,Store_03,Groceries,28.25,1,10.0,28.25,25.42,13.47,11.95,Debit Card,New,43.0,Male,5.0,1.0
ORD104735,2023-11-02,North,Store_02,Beauty,126.78,3,5.0,608.54,578.11,391.97,186.14,Cash,Returning,45.0,Male,4.5,2.0
ORD105923,2024-12-08,North,Store_15,Groceries,43.11,4,20.0,275.9,220.72,158.93,61.79,Cash,New,38.0,Male,3.9,2.0
ORD102543,2023-10-05,North,Store_09,Electronics,499.97,1,0.0,499.97,499.97,290.55,209.42,Mobile Wallet,VIP,22.0,Female,3.5,0.0
ORD102825,2024-09-06,Central,Store_19,Home & Living,305.45,2,0.0,610.9,610.9,322.52,288.38,Credit Card,Returning,46.0,Male,3.2,3.0
ORD102090,2024-10-09,West,Store_13,Sports,286.67,1,0.0,286.67,286.67,139.27,147.4,Mobile Wallet,New,35.0,Female,3.5,3.0
ORD101604,2023-04-01,East,Store_19,Clothing,85.6,1,0.0,85.6,85.6,57.02,28.58,Credit Card,VIP,18.0,Male,4.7,3.0
ORD104358,2024-05-03,West,Store_06,Groceries,37.3,1,0.0,37.3,37.3,22.76,14.54,Bank Transfer,Returning,36.0,Female,4.7,0.0
ORD101255,2023-03-03,Central,Store_04,Electronics,1163.39,2,10.0,2326.78,2094.1,1440.68,653.42,Debit Card,New,32.0,Male,4.0,5.0
ORD102154,2024-05-29,West,Store_12,Clothing,83.7,2,15.0,167.4,142.29,70.77,71.52,Cash,New,44.0,Male,5.0,6.0
ORD104678,2024-04-22,South,Store_20,Sports,197.5,1,10.0,197.5,177.75,97.8,79.95,Bank Transfer,VIP,23.0,Male,,4.0
ORD104485,2023-09-27,North,Store_15,Groceries,40.76,1,0.0,40.76,40.76,18.78,21.98,Debit Card,New,36.0,Male,2.7,6.0
ORD102320,2023-03-14,West,Store_18,Electronics,231.0,1,5.0,231.0,219.45,109.65,109.8,Debit Card,VIP,51.0,Female,3.7,3.0
ORD103505,2024-10-10,South,Store_18,Groceries,11.61,1,0.0,11.61,11.61,8.54,3.07,Bank Transfer,New,17.0,Female,3.5,2.0
ORD103709,2024-09-12,North,Store_12,Electronics,816.96,5,0.0,4084.8,4084.8,1873.81,2210.99,Credit Card,Returning,44.0,Female,4.0,6.0
ORD105797,2024-03-30,North,Store_05,Groceries,50.44,2,0.0,100.88,100.88,57.75,43.13,Credit Card,VIP,21.0,Male,5.0,3.0
ORD103961,2024-09-19,Central,Store_17,Electronics,662.94,5,0.0,3314.7,3314.7,1724.56,1590.14,Mobile Wallet,Returning,28.0,Male,3.5,5.0
ORD102961,2023-11-04,East,Store_15,Home & Living,169.8,1,10.0,271.68,244.51,176.41,68.1,Mobile Wallet,New,37.0,Female,3.4,4.0
ORD102665,2024-01-27,West,Store_13,Beauty,83.24,1,5.0,83.24,79.08,37.64,41.44,Credit Card,VIP,51.0,Female,3.9,3.0
ORD101812,2024-05-06,East,Store_04,Electronics,902.61,2,15.0,1805.22,1534.44,836.4,698.04,Mobile Wallet,New,18.0,Male,,1.0
ORD103773,2023-04-03,East,Store_07,Electronics,119.38,2,5.0,238.76,226.82,129.44,97.38,Mobile Wallet,VIP,29.0,Female,4.5,2.0
ORD105578,2023-11-28,East,Store_18,Groceries,24.29,1,15.0,38.86,33.03,16.55,16.48,Mobile Wallet,Returning,39.0,Female,,5.0
ORD103164,2023-04-04,West,Store_18,Groceries,3.78,1,0.0,3.78,3.78,1.7,2.08,Credit Card,Returning,24.0,Male,,2.0
ORD105739,2023-01-27,West,Store_09,Beauty,66.71,1,0.0,66.71,66.71,34.59,32.12,Mobile Wallet,Returning,34.0,Female,3.5,5.0
ORD104213,2024-06-04,West,Store_19,Sports,227.27,5,10.0,1363.62,1227.26,889.22,338.04,Debit Card,Returning,27.0,Male,4.9,4.0
ORD104017,2023-04-22,West,Store_12,Electronics,620.39,1,5.0,620.39,589.37,370.31,219.06,Credit Card,New,43.0,,2.9,0.0
ORD103930,2024-06-01,South,Store_13,Electronics,1145.68,2,10.0,2749.63,2474.67,1459.72,1014.95,Cash,Returning,48.0,Male,3.5,2.0
ORD102998,2023-11-14,East,Store_04,Groceries,50.12,4,5.0,320.77,304.73,145.19,159.54,Bank Transfer,Returning,35.0,Male,3.0,4.0
ORD100836,2024-08-13,North,Store_11,Home & Living,431.16,1,10.0,431.16,388.04,189.39,198.65,Credit Card,VIP,27.0,Female,2.8,2.0
ORD101770,2023-09-04,Central,Store_06,Groceries,22.68,2,0.0,45.36,45.36,21.99,23.37,Cash,Returning,41.0,Male,5.0,3.0
ORD101379,2024-01-30,North,Store_20,Clothing,96.67,1,0.0,96.67,96.67,70.66,26.01,Debit Card,VIP,32.0,Male,3.0,5.0
ORD100545,2023-02-08,East,Store_04,Home & Living,62.28,3,5.0,186.84,177.5,106.14,71.36,Cash,New,41.0,Female,4.8,5.0
ORD100515,2023-03-18,West,Store_03,Groceries,5.82,2,0.0,11.64,11.64,8.41,3.23,Mobile Wallet,VIP,65.0,Male,4.4,6.0
ORD102409,2023-01-20,South,Store_10,Electronics,648.49,2,0.0,1296.98,1296.98,946.73,350.25,Debit Card,New,40.0,Male,5.0,2.0
ORD105656,2024-08-29,South,Store_05,Groceries,3.93,2,0.0,7.86,7.86,5.28,2.58,Credit Card,Returning,32.0,Male,4.7,2.0
ORD104297,2024-07-16,South,Store_07,Groceries,28.28,1,5.0,33.94,32.24,16.71,15.53,Bank Transfer,New,38.0,Male,4.0,4.0
ORD104726,2023-03-13,North,,Groceries,19.53,2,0.0,39.06,39.06,25.69,13.37,Mobile Wallet,New,32.0,Female,4.6,2.0
ORD104533,2024-07-02,North,Store_14,Groceries,6.92,2,0.0,16.61,16.61,7.61,9.0,Credit Card,Returning,46.0,Male,5.0,0.0
ORD101285,2023-02-05,North,Store_04,Groceries,38.75,1,20.0,38.75,31.0,22.4,8.6,Debit Card,VIP,54.0,Female,5.0,5.0
ORD105491,2024-07-25,South,Store_08,Groceries,45.41,1,0.0,54.49,54.49,34.26,20.23,Credit Card,Returning,42.0,Female,5.0,0.0
ORD101979,2024-08-02,Central,Store_14,Electronics,114.95,2,10.0,229.9,206.91,99.85,107.06,Bank Transfer,New,44.0,,5.0,7.0
ORD103707,2024-07-05,South,Store_09,Clothing,111.95,1,0.0,134.34,134.34,76.97,57.37,Credit Card,Returning,32.0,Male,5.0,3.0
ORD104794,2023-10-17,North,Store_06,Beauty,32.18,1,20.0,32.18,25.74,18.75,6.99,Debit Card,Returning,28.0,Male,4.1,4.0
ORD100268,2024-03-23,West,Store_03,Electronics,533.86,2,10.0,1067.72,960.95,595.57,365.38,Credit Card,New,40.0,Female,,3.0
ORD103273,2023-10-22,South,Store_04,Electronics,656.45,1,0.0,656.45,656.45,446.96,209.49,Cash,VIP,44.0,Female,4.1,3.0
ORD100017,2023-04-04,West,Store_06,Electronics,175.91,1,0.0,175.91,175.91,116.17,59.74,Debit Card,New,,Male,5.0,3.0
ORD102621,2023-10-14,South,Store_16,Home & Living,478.82,2,0.0,957.64,957.64,530.43,427.21,Credit Card,New,42.0,Female,3.4,4.0
ORD101151,2024-01-04,West,Store_05,Electronics,661.25,2,0.0,1322.5,1322.5,674.05,648.45,Cash,Returning,52.0,Male,3.9,7.0
ORD100778,2023-07-17,West,Store_15,Groceries,56.23,2,0.0,134.95,134.95,69.1,65.85,Bank Transfer,VIP,41.0,Female,4.4,4.0
ORD103747,2024-12-20,East,Store_16,Clothing,105.7,4,5.0,676.48,642.66,422.0,220.66,Bank Transfer,VIP,22.0,Female,,3.0
ORD104464,2023-11-22,West,Store_10,Electronics,880.27,4,15.0,5633.73,4788.67,2190.1,2598.57,Credit Card,New,38.0,Male,3.7,0.0
ORD100252,2023-05-18,East,Store_15,Electronics,946.14,5,0.0,4730.7,4730.7,2679.84,2050.86,Cash,Returning,39.0,Female,5.0,3.0
ORD100643,2023-12-18,South,Store_20,Electronics,435.58,3,0.0,2090.78,2090.78,1407.6,683.18,Debit Card,VIP,32.0,Female,5.0,0.0
ORD101504,2024-03-12,East,Store_05,Electronics,1070.5,1,15.0,1070.5,909.93,447.36,462.57,Credit Card,Returning,26.0,Male,,5.0
ORD104877,2023-11-16,West,Store_18,Groceries,51.36,2,0.0,164.35,164.35,74.58,89.77,Debit Card,VIP,38.0,Other,3.6,7.0
ORD105828,2023-03-28,North,Store_11,Groceries,30.99,2,0.0,61.98,61.98,35.11,26.87,Debit Card,New,33.0,Male,3.3,4.0
ORD104193,2023-01-29,West,Store_11,Beauty,140.76,2,15.0,281.52,239.29,142.85,96.44,Mobile Wallet,New,46.0,Male,3.7,4.0
ORD102270,2023-08-22,North,Store_12,Electronics,831.99,1,0.0,831.99,831.99,431.49,400.5,Credit Card,New,37.0,Female,3.8,4.0
ORD101202,2024-12-19,South,Store_05,Groceries,30.96,1,0.0,49.54,49.54,35.18,14.36,Debit Card,Returning,40.0,Female,3.6,3.0
ORD102160,2024-08-13,West,Store_19,Home & Living,48.74,1,20.0,48.74,38.99,28.34,10.65,Credit Card,New,34.0,Male,4.4,5.0
ORD102904,2024-04-20,West,Store_07,Clothing,39.77,2,0.0,79.54,79.54,56.25,23.29,Bank Transfer,Returning,33.0,Female,,3.0
ORD105196,2024-11-14,South,Store_16,Clothing,140.55,1,5.0,224.88,213.64,154.5,59.14,Mobile Wallet,Returning,41.0,Female,5.0,3.0
ORD101511,2023-06-16,South,Store_18,Electronics,1184.22,1,0.0,1421.06,1421.06,854.63,566.43,Mobile Wallet,New,59.0,Other,,8.0
ORD103443,2023-06-10,Central,Store_07,Beauty,44.5,1,5.0,53.4,50.73,25.5,25.23,Credit Card,Returning,54.0,Male,4.6,6.0
ORD102341,2023-10-15,East,Store_14,Sports,73.22,1,5.0,73.22,69.56,42.64,26.92,Cash,Returning,34.0,Female,3.2,4.0
ORD105983,2024-08-22,Central,Store_01,Clothing,152.72,1,5.0,152.72,145.08,72.7,72.38,Bank Transfer,New,18.0,Female,4.8,2.0
ORD105544,2023-06-09,North,Store_07,Groceries,43.0,2,0.0,103.2,103.2,70.18,33.02,Mobile Wallet,Returning,42.0,Male,4.6,0.0
ORD104385,2024-06-10,North,Store_04,Electronics,429.61,1,10.0,515.53,463.98,239.51,224.47,Mobile Wallet,New,44.0,Male,3.7,3.0
ORD104796,2024-01-03,South,,Electronics,1037.92,1,0.0,1037.92,1037.92,681.18,356.74,Debit Card,New,35.0,Female,5.0,2.0
ORD100902,2023-06-09,South,Store_08,Home & Living,329.15,1,0.0,394.98,394.98,288.72,106.26,Mobile Wallet,New,30.0,Female,3.2,5.0
ORD102740,2023-05-16,North,Store_06,Beauty,33.36,1,5.0,33.36,31.69,20.3,11.39,Debit Card,Returning,25.0,Male,3.8,5.0
ORD105380,2023-05-02,South,Store_09,Sports,292.5,1,15.0,292.5,248.62,115.78,132.84,Mobile Wallet,New,53.0,Female,5.0,7.0
ORD105492,2023-05-10,South,Store_12,Groceries,19.71,1,0.0,19.71,19.71,11.66,8.05,Cash,Returning,53.0,Female,5.0,3.0
ORD104117,2023-04-06,Central,Store_01,Clothing,192.52,1,10.0,192.52,173.27,124.52,48.75,Mobile Wallet,Returning,37.0,Female,4.3,5.0
ORD101389,2024-10-25,Central,Store_20,Electronics,451.24,1,15.0,451.24,383.55,258.1,125.45,Credit Card,VIP,57.0,Male,4.2,5.0
ORD101079,2024-09-02,East,Store_16,Groceries,17.12,2,0.0,34.24,34.24,18.53,15.71,Credit Card,New,34.0,Female,3.0,2.0
ORD100847,2023-02-07,South,Store_11,Electronics,200.92,1,25.0,200.92,150.69,74.92,75.77,Bank Transfer,New,45.0,Female,4.5,5.0
ORD103373,2024-01-03,West,Store_10,Groceries,23.13,5,0.0,115.65,115.65,53.78,61.87,Cash,Returning,35.0,Female,3.6,0.0
ORD103219,2023-11-12,West,Store_17,Groceries,54.02,2,0.0,172.86,172.86,89.98,82.88,Debit Card,Returning,22.0,Male,5.0,3.0
ORD103349,2024-07-24,North,Store_11,Electronics,74.65,1,0.0,89.58,89.58,42.63,46.95,Cash,Returning,48.0,Female,4.3,4.0
ORD105273,2023-12-06,East,Store_02,Sports,236.27,1,0.0,378.03,378.03,222.25,155.78,Credit Card,Returning,43.0,Male,4.6,9.0
ORD101605,2024-10-11,South,Store_04,Beauty,85.13,1,5.0,85.13,80.87,40.21,40.66,Cash,Returning,25.0,Female,3.4,1.0
ORD103363,2024-08-21,West,Store_07,Sports,186.99,4,0.0,747.96,747.96,516.82,231.14,Bank Transfer,Returning,20.0,Male,4.5,0.0
ORD104132,2024-06-17,West,Store_08,Clothing,158.73,1,0.0,190.48,190.48,116.62,73.86,Mobile Wallet,Returning,49.0,Male,4.3,3.0
ORD103091,2023-10-14,North,Store_14,Electronics,955.27,2,15.0,1910.54,1623.96,1043.34,580.62,Credit Card,Returning,20.0,Female,4.2,2.0
ORD100442,2023-04-07,West,Store_17,Electronics,108.36,3,15.0,325.08,276.32,191.29,85.03,Credit Card,VIP,52.0,Male,4.3,1.0
ORD105103,2023-12-31,South,Store_16,Electronics,909.25,3,10.0,4364.4,3927.96,2378.85,1549.11,Mobile Wallet,VIP,45.0,Female,3.9,6.0
ORD102671,2024-09-16,North,Store_06,Electronics,1121.7,1,5.0,1121.7,1065.61,501.29,564.32,Cash,Returning,31.0,Male,4.4,
ORD105245,2023-06-16,North,Store_06,Electronics,805.51,1,5.0,966.61,918.28,614.61,303.67,Cash,Returning,46.0,Female,5.0,0.0
ORD104433,2023-03-25,West,Store_03,Groceries,2.06,1,0.0,2.06,2.06,1.37,0.69,Mobile Wallet,VIP,25.0,Female,3.4,4.0
ORD105772,2023-10-26,West,Store_11,Clothing,36.09,1,,36.09,27.07,18.39,8.68,Mobile Wallet,Returning,30.0,Male,1.6,6.0
ORD100907,2023-05-07,West,Store_17,Groceries,52.81,1,10.0,52.81,47.53,35.05,12.48,Bank Transfer,New,,Male,4.9,1.0
ORD105215,2023-06-19,West,Store_10,Groceries,38.46,3,0.0,138.46,138.46,87.19,51.27,Bank Transfer,New,30.0,Male,3.3,0.0
ORD100234,2023-12-26,West,Store_13,Electronics,839.73,1,0.0,1343.57,1343.57,923.77,419.8,Cash,New,56.0,Female,4.6,8.0
ORD105083,2023-11-16,West,Store_01,Groceries,29.0,2,15.0,92.8,78.88,49.91,28.97,Bank Transfer,Returning,39.0,Male,5.0,1.0
ORD102228,2023-07-31,North,Store_04,Electronics,1099.14,1,0.0,1318.97,1318.97,856.37,462.6,Mobile Wallet,Returning,46.0,Female,3.2,9.0
ORD103831,2023-05-29,East,Store_17,Electronics,628.2,1,0.0,628.2,628.2,377.26,250.94,Mobile Wallet,New,52.0,Male,4.5,1.0
ORD102326,2023-09-07,West,Store_05,Home & Living,285.21,1,0.0,285.21,285.21,188.61,96.6,Credit Card,VIP,,Male,4.1,1.0
ORD103339,2024-09-25,West,Store_09,Electronics,89.14,1,0.0,89.14,89.14,40.19,48.95,Credit Card,New,38.0,Male,3.4,2.0
ORD102473,2023-06-01,West,Store_16,Home & Living,146.92,2,10.0,352.61,317.35,188.84,128.51,Cash,VIP,30.0,Male,4.3,0.0
ORD103439,2024-08-28,East,Store_20,Beauty,65.59,1,0.0,65.59,65.59,45.9,19.69,Debit Card,VIP,16.0,Male,4.1,7.0
ORD105607,2024-03-10,South,Store_05,Clothing,39.73,1,0.0,39.73,39.73,18.39,21.34,Debit Card,Returning,26.0,Female,5.0,3.0
ORD105429,2024-09-20,Central,Store_17,Groceries,27.92,1,15.0,27.92,23.73,13.3,10.43,Credit Card,New,31.0,Female,4.6,3.0
ORD103898,2023-08-10,South,Store_16,Clothing,98.03,1,0.0,98.03,98.03,61.01,37.02,Bank Transfer,Returning,47.0,Male,4.3,
ORD104909,2024-04-01,East,Store_06,Sports,67.87,1,5.0,67.87,64.48,38.98,25.5,Mobile Wallet,New,29.0,Female,4.8,4.0
ORD103528,2023-05-17,North,Store_16,Groceries,2.98,1,0.0,2.98,2.98,1.87,1.11,Debit Card,Returning,46.0,Female,3.6,6.0
ORD104071,2024-07-25,West,Store_07,Beauty,115.94,1,0.0,139.13,139.13,66.92,72.21,Debit Card,Returning,34.0,Female,,3.0
ORD102061,2024-02-15,North,Store_08,Groceries,27.98,1,0.0,27.98,27.98,18.75,9.23,Mobile Wallet,New,38.0,Female,5.0,4.0
ORD103829,2023-04-20,West,Store_03,Clothing,83.99,1,0.0,83.99,83.99,62.32,21.67,Cash,New,16.0,Male,5.0,2.0
ORD100057,2023-04-23,North,Store_10,Groceries,4.26,1,0.0,4.26,4.26,2.61,1.65,Credit Card,Returning,,Female,4.6,2.0
ORD102192,2023-07-29,West,Store_13,Groceries,9.2,2,0.0,22.08,22.08,13.18,8.9,Debit Card,VIP,44.0,Female,,5.0
ORD101472,2023-11-24,Central,Store_16,Clothing,106.88,1,0.0,171.01,171.01,127.17,43.84,Mobile Wallet,New,35.0,Male,3.3,5.0
ORD104674,2024-08-30,South,Store_18,Clothing,178.79,1,5.0,178.79,169.85,104.91,64.94,Credit Card,Returning,35.0,Male,5.0,0.0
ORD103351,2024-11-16,South,Store_17,Groceries,8.49,1,5.0,13.58,12.9,7.92,4.98,Credit Card,VIP,33.0,,5.0,4.0
ORD104388,2023-09-03,Central,Store_07,Clothing,144.85,1,0.0,144.85,144.85,96.91,47.94,Debit Card,VIP,45.0,Male,4.2,4.0
ORD105614,2024-02-22,West,Store_19,Groceries,28.12,3,15.0,84.36,71.71,46.33,25.38,Debit Card,New,35.0,Female,3.9,
ORD102786,2023-07-26,South,Store_01,Electronics,84.82,2,15.0,203.57,173.03,121.46,51.57,Mobile Wallet,Returning,53.0,Male,3.4,4.0
ORD101474,2024-12-14,West,Store_20,Electronics,249.49,2,15.0,798.37,678.61,341.16,337.45,Bank Transfer,Returning,33.0,Male,,2.0
ORD101568,2024-10-25,Central,Store_17,Electronics,1000.18,5,0.0,5000.9,5000.9,2812.04,2188.86,Credit Card,New,42.0,Female,3.3,5.0
ORD100465,2024-12-06,North,Store_02,Groceries,54.52,1,15.0,87.23,74.15,44.68,29.47,Cash,New,44.0,Male,4.0,4.0
ORD101589,2023-01-22,West,Store_11,Electronics,156.39,2,10.0,312.78,281.5,204.99,76.51,Cash,Returning,30.0,Male,4.1,2.0
ORD101008,2024-06-19,Central,Store_12,Groceries,4.47,1,0.0,5.36,5.36,3.15,2.21,Cash,New,46.0,Female,3.5,4.0
ORD104146,2023-10-29,North,Store_15,Home & Living,103.29,1,5.0,103.29,98.13,57.23,40.9,Credit Card,Returning,33.0,Female,4.3,4.0
ORD101579,2024-03-14,East,Store_16,Beauty,92.85,5,10.0,464.25,417.82,278.55,139.27,Debit Card,New,73.0,Male,3.9,
ORD101304,2024-03-21,South,Store_20,Clothing,102.1,1,0.0,102.1,102.1,52.83,49.27,Cash,Returning,33.0,Male,4.1,2.0
ORD104038,2023-08-12,South,Store_15,Beauty,100.78,4,5.0,403.12,382.96,260.99,121.97,Cash,Returning,22.0,Male,5.0,4.0
ORD105330,2024-02-16,North,Store_19,Electronics,1007.54,1,0.0,1007.54,1007.54,685.37,322.17,Cash,VIP,27.0,Female,,4.0
ORD100346,2024-12-24,North,Store_09,Electronics,807.67,1,0.0,1292.27,1292.27,796.24,496.03,Bank Transfer,Returning,,Female,4.4,2.0
ORD100502,2024-12-03,East,Store_12,Home & Living,343.28,2,0.0,1098.5,1098.5,764.07,334.43,Debit Card,New,49.0,Male,3.5,2.0
ORD101232,2024-12-09,Central,Store_20,Home & Living,427.13,1,0.0,683.41,683.41,389.76,293.65,Bank Transfer,New,31.0,Female,3.2,0.0
ORD101643,2024-03-10,Central,Store_04,Groceries,21.29,1,0.0,21.29,21.29,10.29,11.0,Bank Transfer,VIP,49.0,Male,4.1,2.0
ORD100833,2023-04-15,West,Store_19,Clothing,135.59,1,0.0,135.59,135.59,70.91,64.68,Mobile Wallet,VIP,41.0,Male,2.3,6.0
ORD103702,2023-07-02,East,Store_12,Sports,125.68,1,0.0,150.82,150.82,86.4,64.42,Mobile Wallet,Returning,41.0,Male,4.8,3.0
ORD102140,2024-05-26,North,Store_16,Electronics,319.46,1,20.0,319.46,255.57,147.14,108.43,Bank Transfer,New,24.0,Female,5.0,1.0
ORD103677,2024-07-15,North,Store_20,Groceries,21.03,1,0.0,25.24,25.24,18.1,7.14,Cash,New,,Female,5.0,3.0
ORD101362,2023-09-14,North,Store_15,Groceries,55.87,2,0.0,111.74,111.74,53.46,58.28,Bank Transfer,New,16.0,Other,2.6,6.0
ORD101164,2024-01-13,South,Store_08,Sports,126.97,1,25.0,126.97,95.23,46.91,48.32,Debit Card,New,51.0,Male,2.9,3.0
ORD101764,2024-02-25,East,Store_05,Clothing,133.72,3,10.0,401.16,361.04,169.45,191.59,Mobile Wallet,New,23.0,Male,4.0,3.0
ORD104004,2024-08-07,South,,Clothing,26.8,1,15.0,26.8,22.78,14.76,8.02,Bank Transfer,Returning,40.0,Male,3.0,6.0
ORD101425,2024-08-17,West,Store_10,Beauty,141.76,1,10.0,141.76,127.58,72.2,55.38,Mobile Wallet,New,,Male,3.9,3.0
ORD100542,2023-05-23,North,Store_10,Electronics,73.62,1,5.0,73.62,69.94,42.42,27.52,Mobile Wallet,Returning,29.0,Female,3.6,3.0
ORD101491,2023-12-24,East,Store_01,Groceries,27.58,2,0.0,88.26,88.26,47.42,40.84,Cash,Returning,30.0,Female,2.0,6.0
ORD103125,2024-10-11,North,Store_06,Clothing,122.45,1,0.0,122.45,122.45,75.26,47.19,Mobile Wallet,New,35.0,Male,2.9,2.0
ORD101666,2024-07-02,North,Store_06,Groceries,48.49,2,5.0,116.38,110.56,72.53,38.03,Credit Card,New,40.0,Female,5.0,5.0
ORD101945,2023-03-28,West,Store_08,Electronics,962.41,4,10.0,3849.64,3464.68,2444.26,1020.42,Cash,Returning,28.0,Male,1.0,5.0
ORD103484,2023-10-25,West,Store_01,Sports,70.6,2,0.0,141.2,141.2,80.73,60.47,Debit Card,Returning,70.0,Female,3.4,5.0
ORD103908,2023-05-24,East,Store_18,Groceries,3.58,1,0.0,3.58,3.58,2.19,1.39,Bank Transfer,New,48.0,Female,4.2,4.0
ORD100565,2023-06-22,Central,Store_10,Groceries,43.17,2,10.0,103.61,93.25,42.21,51.04,Cash,New,20.0,Male,4.6,5.0
ORD100263,2024-11-06,West,Store_14,Sports,214.97,1,0.0,343.95,343.95,199.23,144.72,Credit Card,Returning,34.0,,3.4,3.0
ORD103732,2023-10-21,East,Store_14,Groceries,27.03,1,0.0,27.03,27.03,17.19,9.84,Mobile Wallet,Returning,50.0,Female,3.6,2.0
ORD101324,2024-09-24,East,Store_13,Groceries,28.51,2,5.0,57.02,54.17,24.56,29.61,Mobile Wallet,VIP,17.0,Female,5.0,3.0
ORD100381,2024-11-14,South,Store_07,Home & Living,216.4,1,,346.24,311.62,167.69,143.93,Mobile Wallet,New,55.0,Male,5.0,5.0
ORD105640,2024-07-03,North,Store_10,Groceries,2.82,1,10.0,3.38,3.04,2.2,0.84,Credit Card,New,31.0,Female,4.7,4.0
ORD100613,2023-10-09,South,Store_12,Groceries,58.01,1,0.0,58.01,58.01,26.42,31.59,Debit Card,Returning,31.0,,4.4,1.0
ORD105066,2024-01-20,East,Store_06,Electronics,420.64,5,0.0,2103.2,2103.2,1357.49,745.71,Credit Card,VIP,55.0,Male,3.8,5.0
ORD100215,2023-07-18,East,Store_02,Groceries,35.32,1,0.0,42.38,42.38,19.93,22.45,Credit Card,Returning,34.0,Male,3.6,4.0
ORD101977,2023-09-07,West,Store_03,Groceries,22.34,1,0.0,22.34,22.34,11.81,10.53,Cash,Returning,35.0,Male,5.0,3.0
ORD101102,2024-11-01,South,Store_15,Home & Living,383.67,3,20.0,1841.62,1473.3,699.35,773.95,Bank Transfer,Returning,16.0,Male,3.9,2.0
ORD101978,2023-02-11,West,Store_09,Electronics,342.16,2,15.0,684.32,581.67,371.39,210.28,Cash,Returning,41.0,Male,4.1,3.0
ORD104095,2024-02-04,East,Store_05,Groceries,49.22,1,15.0,49.22,41.84,24.11,17.73,Cash,New,44.0,Female,3.7,4.0
ORD102865,2023-01-26,Central,Store_13,Sports,281.06,1,5.0,281.06,267.01,131.82,135.19,Bank Transfer,Returning,43.0,Male,4.4,2.0
ORD101112,2023-05-21,South,Store_16,Groceries,50.26,3,,150.78,150.78,99.92,50.86,Debit Card,VIP,45.0,Male,3.4,5.0
ORD103903,2023-01-09,West,Store_19,Electronics,632.16,3,0.0,1896.48,1896.48,1347.51,548.97,Bank Transfer,New,36.0,Female,2.8,2.0
ORD104924,2023-08-30,North,Store_11,Home & Living,122.13,2,0.0,244.26,244.26,111.01,133.25,Debit Card,VIP,40.0,Female,4.5,0.0
ORD104836,2023-04-11,East,Store_02,Electronics,62.2,4,0.0,248.8,248.8,114.74,134.06,Credit Card,Returning,16.0,Male,5.0,0.0
ORD103618,2023-11-14,West,Store_11,Groceries,50.98,2,5.0,163.14,154.98,98.2,56.78,Cash,Returning,38.0,Female,3.8,6.0
ORD101693,2023-10-16,Central,Store_19,Home & Living,120.32,1,0.0,120.32,120.32,80.0,40.32,Debit Card,Returning,30.0,Male,3.7,1.0
ORD101617,2024-01-06,South,Store_20,Home & Living,146.96,2,25.0,293.92,220.44,115.97,104.47,Mobile Wallet,New,31.0,Male,2.3,3.0
ORD105628,2023-11-21,North,Store_06,Clothing,103.5,1,0.0,165.6,165.6,76.51,89.09,Cash,VIP,,Male,5.0,2.0
ORD104559,2024-04-18,East,Store_02,Home & Living,41.06,1,0.0,41.06,41.06,25.45,15.61,Bank Transfer,VIP,55.0,Male,3.3,6.0
ORD100032,2023-03-09,Central,Store_18,Sports,137.39,1,0.0,137.39,137.39,90.62,46.77,Credit Card,New,49.0,Female,3.9,2.0
ORD105692,2024-10-08,East,Store_13,Clothing,39.26,1,10.0,39.26,35.33,22.17,13.16,Debit Card,New,46.0,Male,4.6,3.0
ORD100114,2024-01-05,Central,Store_11,Home & Living,109.69,3,0.0,329.07,329.07,199.61,129.46,Bank Transfer,New,33.0,Male,3.1,6.0
ORD104202,2023-09-09,West,Store_04,Groceries,30.29,1,0.0,30.29,30.29,16.89,13.4,Credit Card,New,42.0,Male,,2.0
ORD104198,2024-11-26,South,Store_10,Beauty,11.81,2,0.0,37.79,37.79,18.99,18.8,Mobile Wallet,Returning,31.0,Male,4.6,3.0
ORD102288,2024-11-14,North,Store_14,Home & Living,396.3,5,0.0,3170.4,3170.4,1775.5,1394.9,Debit Card,VIP,47.0,Female,4.3,2.0
ORD100820,2023-01-18,South,Store_11,Clothing,64.3,1,15.0,64.3,54.66,27.11,27.55,Mobile Wallet,Returning,49.0,Female,3.9,7.0
ORD102249,2023-11-06,South,Store_10,Electronics,663.63,2,0.0,2123.62,2123.62,1541.26,582.36,Credit Card,New,36.0,Female,4.7,3.0
ORD104631,2023-07-29,Central,Store_13,Groceries,49.06,1,0.0,58.87,58.87,36.89,21.98,Mobile Wallet,Returning,16.0,Male,4.1,7.0
ORD100586,2024-05-18,East,Store_03,Beauty,106.06,2,0.0,212.12,212.12,127.08,85.04,Bank Transfer,Returning,43.0,Male,3.3,4.0
ORD101347,2024-05-26,West,Store_01,Electronics,59.59,1,0.0,59.59,59.59,36.5,23.09,Debit Card,New,33.0,Female,3.5,7.0
ORD101098,2023-01-31,Central,Store_13,Beauty,144.08,1,20.0,144.08,115.26,61.53,53.73,Bank Transfer,VIP,29.0,Male,,5.0
ORD101363,2023-05-28,West,Store_06,Home & Living,160.74,1,10.0,160.74,144.67,84.0,60.67,Cash,New,51.0,Female,4.8,7.0
ORD100393,2024-03-13,North,Store_17,Electronics,450.05,1,0.0,450.05,450.05,329.72,120.33,Mobile Wallet,Returning,37.0,Other,3.8,3.0
ORD101515,2024-11-10,North,Store_07,Groceries,50.27,1,20.0,80.43,64.34,35.23,29.11,Bank Transfer,Returning,46.0,Male,3.9,2.0
ORD104179,2023-12-07,West,Store_07,Electronics,766.13,1,0.0,1225.81,1225.81,819.23,406.58,Credit Card,Returning,18.0,Female,3.7,2.0
ORD105723,2024-01-19,North,Store_08,Clothing,61.47,2,0.0,122.94,122.94,78.57,44.37,Mobile Wallet,Returning,72.0,Other,5.0,2.0
ORD103027,2024-06-29,North,Store_09,Groceries,2.86,2,10.0,6.86,6.17,2.79,3.38,Bank Transfer,New,60.0,Male,4.1,1.0
ORD102445,2024-10-14,South,Store_20,Electronics,135.64,1,0.0,135.64,135.64,72.31,63.33,Credit Card,Returning,45.0,Female,3.8,5.0
ORD101851,2023-07-04,Central,Store_10,Clothing,26.92,2,0.0,64.61,64.61,32.47,32.14,Mobile Wallet,Returning,,Other,4.7,4.0
ORD101522,2023-05-20,Central,Store_14,Groceries,46.58,1,0.0,46.58,46.58,26.31,20.27,Credit Card,Returning,48.0,Female,,2.0
ORD102328,2023-01-20,East,Store_09,Electronics,1111.64,2,15.0,2223.28,1889.79,1082.2,807.59,Credit Card,VIP,35.0,Male,3.7,5.0
ORD100217,2023-03-12,South,Store_05,Groceries,39.22,1,0.0,39.22,39.22,24.8,14.42,Cash,New,48.0,Male,4.3,2.0
ORD104387,2023-02-12,East,Store_15,Home & Living,303.41,1,0.0,303.41,303.41,164.1,139.31,Bank Transfer,VIP,25.0,Male,3.7,1.0
ORD101709,2023-06-04,East,Store_06,Electronics,353.09,1,0.0,423.71,423.71,300.09,123.62,Cash,VIP,26.0,Female,4.5,2.0
ORD100983,2024-04-18,West,Store_12,Clothing,89.43,2,15.0,178.86,152.03,90.74,61.29,Credit Card,New,24.0,Female,3.9,4.0
ORD100189,2023-08-09,South,Store_11,Groceries,13.58,1,,13.58,12.22,7.53,4.69,Bank Transfer,Returning,28.0,Female,2.3,1.0
ORD105959,2024-09-30,East,Store_10,Groceries,33.16,1,0.0,33.16,33.16,20.07,13.09,Mobile Wallet,VIP,26.0,Female,3.4,6.0
ORD105052,2024-12-03,East,Store_06,Clothing,178.01,1,10.0,284.82,256.34,167.54,88.8,Bank Transfer,Returning,,Female,3.7,4.0
ORD101621,2023-01-03,West,Store_13,Electronics,655.14,2,0.0,1310.28,1310.28,731.11,579.17,Debit Card,New,23.0,Male,4.8,3.0
ORD100553,2023-08-21,South,Store_17,Beauty,18.82,1,0.0,18.82,18.82,9.52,9.3,Cash,Returning,16.0,Male,4.6,1.0
ORD105175,2023-05-02,East,Store_20,Home & Living,461.21,2,0.0,922.42,922.42,446.53,475.89,Bank Transfer,VIP,55.0,Male,2.7,4.0
ORD105332,2023-10-13,North,Store_01,Clothing,135.04,5,0.0,675.2,675.2,456.77,218.43,Debit Card,Returning,46.0,Female,3.9,10.0
ORD104608,2024-09-28,West,Store_07,Beauty,116.05,1,5.0,116.05,1271.757857584451,66.02,575.2904360885566,Debit Card,New,30.0,Male,3.7,1.0
ORD101380,2024-12-16,East,Store_06,Home & Living,96.25,1,0.0,154.0,154.0,98.03,55.97,Debit Card,Returning,41.0,Male,4.5,4.0
ORD103395,2024-08-03,South,Store_16,Beauty,119.11,4,0.0,476.44,476.44,309.22,167.22,Credit Card,New,31.0,Female,3.6,2.0
ORD101253,2024-08-02,Central,Store_20,Clothing,191.92,1,10.0,191.92,172.73,92.19,80.54,Mobile Wallet,New,29.0,Male,3.1,
ORD103572,2024-05-18,North,Store_19,Clothing,109.29,1,0.0,109.29,109.29,63.58,45.71,Bank Transfer,Returning,20.0,Female,3.5,5.0
ORD103199,2023-07-13,South,Store_03,Groceries,5.58,4,0.0,26.78,26.78,18.92,7.86,Mobile Wallet,New,44.0,Female,5.0,6.0
ORD104116,2023-01-14,West,Store_12,Groceries,36.99,4,15.0,147.96,125.77,75.63,50.14,Credit Card,New,38.0,Female,3.9,2.0
ORD104129,2023-11-06,North,Store_14,Home & Living,243.39,3,0.0,1168.27,1168.27,817.69,350.58,Cash,Returning,46.0,Female,5.0,4.0
ORD102787,2023-02-13,West,Store_11,Electronics,356.2,3,0.0,1068.6,1068.6,610.73,457.87,Debit Card,Returning,49.0,Female,5.0,6.0
ORD104166,2023-12-04,North,Store_05,Sports,163.28,1,0.0,261.25,261.25,129.79,131.46,Mobile Wallet,New,43.0,Male,3.5,5.0
ORD104211,2024-06-02,East,Store_12,Beauty,134.76,1,5.0,161.71,153.62,74.26,79.36,Debit Card,New,35.0,Female,3.9,2.0
ORD100404,2023-12-31,North,Store_16,Clothing,111.74,3,0.0,536.35,536.35,265.44,270.91,Bank Transfer,New,39.0,Male,3.6,7.0
ORD101783,2024-11-28,Central,Store_12,Clothing,93.8,1,0.0,150.08,150.08,98.3,51.78,Credit Card,New,35.0,Female,4.3,4.0
ORD100666,2024-01-03,East,Store_03,Groceries,20.4,2,0.0,40.8,40.8,21.5,19.3,Debit Card,New,30.0,Male,3.5,2.0
ORD103448,2024-03-17,South,Store_16,Electronics,79.38,1,5.0,79.38,75.41,41.16,34.25,Credit Card,Returning,27.0,,3.6,1.0
ORD102679,2023-10-01,South,Store_03,Beauty,64.7,2,15.0,129.4,109.99,74.35,35.64,Cash,VIP,37.0,Male,3.5,5.0
ORD101413,2024-08-01,East,Store_04,Groceries,10.86,5,0.0,54.3,54.3,34.97,19.33,Mobile Wallet,New,44.0,Other,4.5,7.0
ORD103610,2024-02-13,West,Store_18,Beauty,117.38,2,0.0,234.76,234.76,156.09,78.67,Credit Card,New,29.0,Other,4.6,3.0
ORD100528,2024-10-30,West,Store_05,Beauty,123.57,1,0.0,123.57,123.57,78.94,44.63,Mobile Wallet,Returning,53.0,Female,3.7,6.0
ORD101386,2024-02-14,North,Store_06,Groceries,45.77,1,5.0,45.77,43.48,22.31,21.17,Debit Card,Returning,41.0,Female,3.4,
ORD104756,2024-02-24,North,Store_13,Electronics,492.17,3,0.0,1476.51,1476.51,879.19,597.32,Mobile Wallet,New,30.0,Male,4.9,3.0
ORD103190,2023-01-03,East,Store_07,Clothing,188.06,1,0.0,188.06,188.06,122.39,65.67,Cash,VIP,42.0,Female,4.1,6.0
ORD102060,2024-10-14,East,Store_15,Beauty,66.08,1,15.0,66.08,56.17,31.31,24.86,Cash,New,33.0,Male,3.7,1.0
ORD100485,2023-06-19,South,Store_20,Electronics,517.15,1,5.0,620.58,589.55,362.48,227.07,Bank Transfer,Returning,16.0,Male,3.8,5.0
ORD105848,2024-03-16,East,Store_10,Clothing,185.46,1,0.0,185.46,185.46,116.54,68.92,Mobile Wallet,Returning,33.0,Female,2.2,3.0
ORD103496,2023-03-17,West,Store_03,Beauty,29.96,1,,29.96,29.96,13.68,16.28,Cash,Returning,49.0,Male,5.0,2.0
ORD104553,2024-02-11,Central,Store_12,Groceries,41.05,1,20.0,41.05,32.84,20.23,12.61,Debit Card,VIP,40.0,Male,4.0,2.0
ORD104865,2024-03-03,Central,Store_11,Groceries,48.04,1,0.0,48.04,48.04,22.71,25.33,Debit Card,New,30.0,Male,3.5,3.0
ORD103236,2023-09-23,South,Store_15,Sports,142.13,1,0.0,142.13,142.13,99.6,42.53,Bank Transfer,VIP,64.0,Male,4.1,3.0
ORD103602,2023-04-24,South,Store_15,Beauty,23.19,1,20.0,23.19,18.55,12.0,6.55,Debit Card,VIP,49.0,Female,5.0,
ORD102781,2024-11-14,South,Store_03,Clothing,81.47,1,0.0,130.35,130.35,64.09,66.26,Debit Card,Returning,46.0,Male,3.7,4.0
ORD105590,2023-03-01,East,Store_12,Home & Living,407.12,1,0.0,407.12,407.12,201.28,205.84,Debit Card,New,24.0,Male,3.9,0.0
ORD102917,2024-11-21,Central,Store_10,Electronics,732.18,1,0.0,1171.49,1171.49,690.89,480.6,Mobile Wallet,Returning,50.0,Female,4.0,3.0
ORD105074,2023-04-15,West,Store_08,Sports,208.44,2,5.0,416.88,396.04,258.87,137.17,Cash,New,42.0,Female,,2.0
ORD102687,2024-02-17,South,Store_15,Beauty,28.15,3,5.0,84.45,80.23,48.16,32.07,Mobile Wallet,Returning,40.0,Female,4.0,1.0
ORD105337,2024-02-24,Central,Store_11,Groceries,3.5,1,0.0,3.5,3.5,2.35,1.15,Bank Transfer,Returning,48.0,Female,3.9,4.0
ORD103803,2023-01-16,North,Store_18,Electronics,268.64,1,5.0,268.64,255.21,147.53,107.68,Debit Card,Returning,31.0,Male,3.7,4.0
ORD101597,2024-06-13,North,Store_11,Groceries,19.03,1,10.0,22.84,20.56,14.65,5.91,Credit Card,Returning,32.0,Female,,4.0
ORD104583,2024-05-31,South,Store_19,Groceries,41.51,1,0.0,41.51,41.51,27.31,14.2,Mobile Wallet,VIP,16.0,Female,4.8,4.0
ORD100598,2024-04-03,South,Store_20,Groceries,32.6,2,0.0,65.2,65.2,34.72,30.48,Debit Card,New,40.0,Male,4.8,
ORD100158,2024-01-04,Central,Store_03,Groceries,8.99,1,0.0,8.99,8.99,6.58,2.41,Cash,Returning,26.0,Male,4.3,5.0
ORD100203,2024-05-25,North,Store_13,Clothing,152.03,1,20.0,152.03,121.62,74.08,47.54,Mobile Wallet,New,43.0,Male,4.4,4.0
ORD101467,2023-10-08,West,Store_17,Clothing,133.39,1,0.0,133.39,133.39,99.47,33.92,Bank Transfer,New,21.0,Female,3.3,4.0
ORD105702,2023-07-22,North,Store_04,Clothing,135.31,1,15.0,162.37,138.01,77.52,60.49,Mobile Wallet,New,18.0,Female,4.0,3.0
ORD103674,2024-04-16,North,Store_11,Clothing,111.58,2,0.0,223.16,223.16,106.68,116.48,Debit Card,New,33.0,Male,4.2,6.0
ORD103532,2023-02-14,West,Store_02,Sports,113.54,1,0.0,113.54,113.54,67.49,46.05,Bank Transfer,Returning,46.0,Female,3.5,2.0
ORD103517,2024-10-21,South,Store_18,Groceries,42.76,1,15.0,42.76,36.35,19.11,17.24,Credit Card,Returning,37.0,Male,4.3,3.0
ORD105845,2023-04-28,West,Store_06,Clothing,43.84,1,5.0,43.84,41.65,20.28,21.37,Bank Transfer,VIP,25.0,Male,1.8,2.0
ORD104534,2023-01-22,South,Store_08,Home & Living,423.25,2,0.0,846.5,846.5,527.31,319.19,Credit Card,VIP,53.0,Male,3.1,4.0
ORD104044,2023-10-29,North,Store_01,Groceries,15.62,2,0.0,31.24,31.24,21.04,10.2,Mobile Wallet,Returning,40.0,Female,4.3,2.0
ORD101123,2023-06-27,West,Store_12,Clothing,195.67,2,0.0,469.61,469.61,283.78,185.83,Mobile Wallet,New,,Female,4.8,4.0
ORD105418,2024-02-12,West,Store_13,Home & Living,362.52,2,20.0,725.04,580.03,305.61,274.42,Credit Card,New,30.0,Female,4.5,3.0
ORD100226,2024-08-13,West,Store_02,Groceries,17.98,3,5.0,53.94,51.24,36.83,14.41,Bank Transfer,Returning,33.0,Female,5.0,6.0
ORD104926,2023-10-19,North,Store_20,Clothing,123.08,1,0.0,123.08,123.08,68.79,54.29,Mobile Wallet,VIP,41.0,Female,4.2,3.0
ORD101028,2024-02-17,East,Store_16,Groceries,50.08,1,0.0,50.08,50.08,32.45,17.63,Debit Card,VIP,52.0,Female,3.5,4.0
ORD103552,2024-11-16,South,Store_17,Groceries,41.8,2,0.0,133.76,133.76,78.22,55.54,Cash,New,48.0,Female,3.3,3.0
ORD100555,2024-01-04,North,Store_02,Groceries,51.85,2,0.0,103.7,103.7,61.84,41.86,Mobile Wallet,VIP,39.0,Female,2.5,5.0
ORD103766,2024-05-10,South,Store_02,Groceries,59.97,1,0.0,59.97,59.97,33.87,26.1,Cash,Returning,25.0,Other,5.0,2.0
ORD101206,2024-01-12,Central,Store_17,Electronics,823.06,1,0.0,823.06,823.06,515.64,307.42,Credit Card,Returning,32.0,Male,5.0,3.0
ORD104329,2024-10-03,West,Store_04,Beauty,71.82,2,25.0,143.64,107.73,64.5,43.23,Debit Card,Returning,26.0,Female,4.4,6.0
ORD103612,2024-03-20,Central,Store_17,Beauty,40.58,1,0.0,40.58,40.58,19.57,21.01,Mobile Wallet,New,43.0,Other,4.4,0.0
ORD102920,2023-08-26,North,Store_08,Electronics,88.4,2,0.0,176.8,176.8,110.79,66.01,Mobile Wallet,Returning,50.0,Male,4.3,3.0
ORD103471,2024-06-28,Central,Store_03,Clothing,28.41,2,10.0,68.18,61.36,43.03,18.33,Debit Card,VIP,42.0,Female,3.7,2.0
ORD105111,2024-05-20,East,Store_17,Beauty,57.85,2,20.0,115.7,92.56,43.34,49.22,Bank Transfer,New,52.0,Male,5.0,0.0
ORD102345,2023-07-07,Central,Store_01,Groceries,49.84,1,0.0,59.81,59.81,29.3,30.51,Debit Card,VIP,,Female,3.5,4.0
ORD103359,2024-01-21,North,Store_01,Home & Living,370.9,2,25.0,741.8,556.35,266.36,289.99,Mobile Wallet,Returning,30.0,Female,3.8,4.0
ORD104046,2023-11-27,West,Store_08,Clothing,83.94,1,0.0,134.3,134.3,85.14,49.16,Cash,Returning,49.0,Female,5.0,3.0
ORD105032,2023-09-20,North,Store_17,Clothing,23.19,1,0.0,23.19,23.19,12.76,10.43,Mobile Wallet,Returning,60.0,Male,4.4,4.0
ORD100707,2024-02-22,West,Store_13,Clothing,75.97,1,5.0,75.97,72.17,35.37,36.8,Cash,New,25.0,Other,3.8,1.0
ORD105087,2023-07-02,North,Store_09,Groceries,38.07,5,5.0,228.42,217.0,109.25,107.75,Debit Card,Returning,35.0,Female,4.5,1.0
ORD105648,2024-12-12,South,Store_20,Electronics,1122.53,2,10.0,3592.1,3232.89,2303.0,929.89,Cash,Returning,71.0,Female,4.3,0.0
ORD104689,2024-06-12,West,Store_07,Sports,250.91,1,10.0,301.09,270.98,199.77,71.21,Debit Card,New,55.0,Male,4.4,1.0
ORD105182,2024-04-10,South,Store_08,Groceries,55.54,1,0.0,55.54,55.54,28.1,27.44,Debit Card,New,35.0,Female,3.5,1.0
ORD103338,2024-09-18,North,Store_10,Sports,205.91,1,0.0,205.91,205.91,97.34,108.57,Debit Card,New,16.0,Female,5.0,1.0
ORD101171,2024-04-05,North,Store_17,Electronics,659.24,1,5.0,659.24,626.28,457.65,168.63,Bank Transfer,New,52.0,Female,5.0,6.0
ORD101455,2023-02-17,North,Store_18,Electronics,482.36,1,0.0,482.36,482.36,237.54,244.82,Cash,New,59.0,Male,5.0,3.0
ORD102776,2024-01-17,West,Store_03,Clothing,141.07,1,5.0,141.07,134.02,61.87,72.15,Cash,Returning,29.0,Male,4.9,5.0
ORD104653,2023-06-02,South,Store_05,Sports,58.09,2,0.0,139.42,139.42,89.69,49.73,Debit Card,VIP,54.0,Male,3.6,
ORD105745,2023-01-15,South,Store_01,Beauty,148.08,1,5.0,148.08,140.68,87.38,53.3,Credit Card,New,37.0,Female,2.2,0.0
ORD102676,2024-12-03,North,Store_01,Groceries,16.21,2,0.0,51.87,51.87,31.66,20.21,Mobile Wallet,Returning,16.0,Other,5.0,3.0
ORD105577,2024-11-13,South,Store_05,Groceries,21.66,1,20.0,34.66,27.73,15.86,11.87,Credit Card,Returning,49.0,Female,3.3,1.0
ORD100326,2023-06-22,East,,Home & Living,365.91,2,5.0,878.18,834.27,598.26,236.01,Mobile Wallet,Returning,21.0,Male,5.0,6.0
ORD103197,2024-08-15,South,Store_01,Beauty,49.71,2,0.0,99.42,99.42,71.67,27.75,Debit Card,Returning,31.0,Male,4.0,3.0
ORD100476,2024-09-10,West,Store_19,Groceries,13.2,1,0.0,13.2,13.2,7.01,6.19,Bank Transfer,Returning,,Male,3.9,3.0
ORD103759,2024-02-14,North,Store_05,Clothing,122.66,1,0.0,122.66,122.66,89.21,33.45,Mobile Wallet,Returning,42.0,Female,2.4,6.0
ORD104891,2024-02-22,north,Store_20,Clothing,198.07,2,0.0,396.14,396.14,218.37,177.77,Credit Card,Returning,34.0,Male,4.6,4.0
ORD105542,2023-08-07,West,Store_19,Home & Living,404.61,3,5.0,1213.83,1153.14,618.71,534.43,Bank Transfer,Returning,42.0,Female,5.0,4.0
ORD102512,2024-12-03,South,Store_03,Clothing,135.75,1,5.0,217.2,206.34,146.3,60.04,Bank Transfer,VIP,53.0,Male,3.7,3.0
ORD103769,2023-09-01,South,Store_14,Clothing,20.89,1,15.0,20.89,17.76,11.85,5.91,Debit Card,New,33.0,Female,2.8,1.0
ORD100103,2023-01-06,North,Store_10,Home & Living,142.72,2,0.0,285.44,285.44,145.21,140.23,Cash,VIP,42.0,Male,3.2,2.0
ORD104024,2023-11-28,South,Store_14,Clothing,52.24,2,0.0,167.17,167.17,85.94,81.23,Credit Card,New,28.0,Male,4.1,5.0
ORD101419,2023-12-14,West,Store_04,Clothing,101.08,1,15.0,161.73,137.47,81.55,55.92,Bank Transfer,New,41.0,Female,5.0,8.0
ORD103403,2024-12-19,South,Store_13,Beauty,90.49,1,0.0,144.78,144.78,65.97,78.81,Credit Card,New,27.0,Male,3.2,4.0
ORD103278,2024-12-25,North,Store_04,Clothing,135.66,1,0.0,217.06,217.06,161.88,55.18,Mobile Wallet,VIP,47.0,Female,4.3,3.0
ORD104741,2023-12-04,North,Store_18,Beauty,24.9,2,10.0,79.68,71.71,33.25,38.46,Bank Transfer,VIP,60.0,Female,3.2,4.0
ORD100523,2024-08-25,West,Store_04,Clothing,108.9,1,0.0,108.9,108.9,68.65,40.25,Bank Transfer,Returning,16.0,Female,3.9,2.0
ORD100992,2023-05-24,Central,Store_01,Sports,196.18,2,10.0,392.36,353.12,250.15,102.97,Credit Card,New,16.0,Male,2.6,7.0
ORD105366,2023-03-05,North,Store_17,Home & Living,280.3,1,20.0,280.3,224.24,114.01,110.23,Debit Card,Returning,29.0,Male,4.1,4.0
ORD101830,2023-09-17,South,Store_19,Beauty,148.96,1,0.0,148.96,148.96,101.27,47.69,Debit Card,Returning,55.0,Female,4.2,1.0
ORD103157,2024-12-27,North,Store_02,Groceries,11.98,2,0.0,38.34,38.34,24.21,14.13,Cash,Returning,51.0,Male,2.6,4.0
ORD102606,2024-01-24,North,Store_18,Beauty,105.19,1,0.0,105.19,105.19,77.3,27.89,Credit Card,Returning,34.0,Male,4.0,2.0
ORD100730,2024-06-16,North,Store_18,Home & Living,332.58,2,0.0,798.19,798.19,471.74,326.45,Cash,Returning,52.0,Male,3.6,4.0
ORD100066,2024-10-23,North,Store_10,Home & Living,216.41,1,0.0,216.41,216.41,110.8,105.61,Mobile Wallet,Returning,26.0,Female,4.7,4.0
ORD103286,2023-04-06,South,Store_19,Clothing,185.63,1,0.0,185.63,185.63,122.56,63.07,Cash,VIP,42.0,Female,5.0,5.0
ORD104063,2024-01-12,South,Store_05,Electronics,168.45,1,15.0,168.45,143.18,68.66,74.52,Bank Transfer,Returning,36.0,Female,4.7,1.0
ORD104769,2023-02-04,East,Store_11,Beauty,78.78,2,0.0,157.56,157.56,72.29,85.27,Credit Card,Returning,19.0,Male,,6.0
ORD105192,2023-12-29,East,Store_01,Home & Living,256.31,2,0.0,820.19,820.19,480.26,339.93,Credit Card,Returning,20.0,Male,3.2,5.0
ORD105927,2024-03-08,West,Store_12,Groceries,28.02,1,20.0,28.02,22.42,10.97,11.45,Mobile Wallet,Returning,37.0,Male,,0.0
ORD101939,2023-06-01,South,Store_20,Electronics,1132.16,1,0.0,1358.59,1358.59,807.17,551.42,Cash,Returning,23.0,Female,,5.0
ORD102666,2023-06-25,East,Store_14,Clothing,34.12,1,0.0,40.94,40.94,26.28,14.66,Bank Transfer,New,30.0,Female,,5.0
ORD101396,2024-03-28,Central,Store_06,Sports,174.39,1,0.0,174.39,174.39,119.49,54.9,Mobile Wallet,New,22.0,Female,2.7,7.0
ORD102868,2024-09-20,West,Store_09,Groceries,5.48,1,0.0,5.48,5.48,4.1,1.38,Mobile Wallet,VIP,55.0,Male,3.1,6.0
ORD100751,2023-04-18,West,Store_03,Sports,46.61,1,15.0,46.61,39.62,28.25,11.37,Mobile Wallet,New,23.0,Male,3.4,3.0
ORD100885,2024-06-20,West,Store_08,Groceries,16.11,1,15.0,19.33,16.43,8.9,7.53,Credit Card,Returning,72.0,Other,4.2,0.0
ORD100488,2024-07-12,East,Store_15,Sports,79.29,1,10.0,95.15,85.63,49.91,35.72,Cash,Returning,19.0,Male,2.9,4.0
ORD104274,2023-01-25,North,Store_17,Home & Living,177.85,3,0.0,533.55,533.55,314.43,219.12,Bank Transfer,Returning,30.0,Female,,5.0
ORD101016,2023-10-08,West,Store_17,Electronics,830.48,1,15.0,830.48,705.91,356.62,349.29,Credit Card,VIP,31.0,Female,5.0,1.0
ORD102106,2024-07-13,north,Store_16,Groceries,15.83,1,5.0,19.0,18.05,13.42,4.63,Bank Transfer,Returning,50.0,Female,3.8,7.0
ORD104352,2024-02-07,West,Store_04,Home & Living,40.75,1,0.0,40.75,40.75,26.74,14.01,Debit Card,Returning,37.0,Female,5.0,4.0
ORD102724,2024-07-31,North,Store_01,Electronics,476.17,1,15.0,571.4,485.69,325.68,160.01,Bank Transfer,VIP,46.0,Male,3.4,3.0
ORD105696,2023-02-25,North,Store_03,Clothing,17.07,1,0.0,17.07,17.07,12.59,4.48,Cash,VIP,21.0,Female,,7.0
ORD103642,2024-11-09,Central,Store_14,Beauty,98.86,2,20.0,316.35,253.08,166.0,87.08,Bank Transfer,New,39.0,Female,4.3,3.0
ORD102319,2024-07-19,South,Store_13,Clothing,144.98,2,10.0,347.95,313.15,211.55,101.6,Credit Card,New,43.0,Female,4.6,5.0
ORD102003,2023-12-01,East,Store_11,Home & Living,107.89,1,15.0,172.62,146.73,86.79,59.94,Mobile Wallet,New,48.0,Male,3.4,1.0
ORD105274,2024-03-25,North,Store_17,Beauty,97.71,1,5.0,97.71,92.82,50.38,42.44,Credit Card,Returning,34.0,Male,4.7,0.0
ORD103343,2024-03-27,East,Store_02,Home & Living,67.78,2,0.0,135.56,135.56,68.68,66.88,Credit Card,New,34.0,Male,4.8,0.0
ORD100702,2023-05-03,West,Store_17,Sports,262.48,1,5.0,262.48,249.36,120.0,129.36,Debit Card,New,43.0,Other,3.8,4.0
ORD100617,2023-07-14,South,Store_08,Electronics,860.76,1,15.0,1032.91,877.97,496.2,381.77,Cash,Returning,33.0,Female,4.4,4.0
ORD101724,2024-01-25,North,Store_19,Groceries,16.02,1,0.0,16.02,16.02,9.44,6.58,Mobile Wallet,Returning,43.0,Female,3.8,2.0
ORD100010,2024-01-20,Central,Store_11,Groceries,13.04,1,,13.04,13.04,6.37,6.67,Credit Card,New,32.0,Female,3.0,3.0
ORD103416,2024-03-25,West,Store_18,Groceries,10.98,1,20.0,10.98,8.78,5.7,3.08,Cash,Returning,53.0,Male,,0.0
ORD102200,2023-09-25,Central,Store_08,Sports,261.36,1,0.0,261.36,261.36,155.27,106.09,Bank Transfer,VIP,28.0,Male,2.6,1.0
ORD102097,2024-09-20,East,Store_07,Groceries,3.78,2,5.0,7.56,7.18,3.77,3.41,Debit Card,New,26.0,Other,4.2,3.0
ORD100978,2023-09-14,East,Store_12,Electronics,161.8,1,10.0,161.8,145.62,106.71,38.91,Debit Card,VIP,41.0,Female,2.5,5.0
ORD102272,2023-08-05,East,Store_13,Groceries,15.88,1,25.0,15.88,11.91,6.33,5.58,Credit Card,Returning,16.0,Female,5.0,2.0
ORD105277,2024-08-23,North,Store_19,Electronics,918.54,4,20.0,3674.16,2939.33,1946.27,993.06,Cash,VIP,22.0,Female,3.7,4.0
ORD100774,2024-09-09,North,Store_16,Groceries,26.85,3,0.0,80.55,80.55,58.52,22.03,Mobile Wallet,VIP,16.0,Female,3.5,4.0
ORD100759,2024-06-16,West,Store_14,Clothing,190.62,1,0.0,228.74,228.74,163.93,64.81,Bank Transfer,Returning,31.0,Female,4.1,6.0
ORD103079,2023-11-24,South,Store_17,Clothing,111.37,1,5.0,178.19,169.28,125.2,44.08,Cash,Returning,38.0,Female,3.4,2.0
ORD101611,2023-04-15,South,Store_06,Beauty,25.91,2,10.0,51.82,46.64,21.49,25.15,Credit Card,Returning,36.0,Female,3.9,3.0
ORD100936,2023-04-26,West,Store_20,Groceries,4.03,1,10.0,4.03,3.63,2.16,1.47,Mobile Wallet,Returning,30.0,Female,3.4,0.0
ORD102220,2024-11-21,West,Store_05,Groceries,16.17,2,5.0,51.74,49.15,26.35,22.8,Mobile Wallet,Returning,56.0,Male,4.2,3.0
ORD104065,2023-09-09,South,Store_11,Home & Living,195.33,1,25.0,195.33,146.5,81.66,64.84,Bank Transfer,Returning,23.0,Female,,5.0
ORD102075,2023-10-25,Central,Store_10,Clothing,140.44,1,0.0,140.44,140.44,86.88,53.56,Debit Card,VIP,32.0,Female,,4.0
ORD104655,2023-05-25,West,Store_19,Groceries,57.94,1,0.0,57.94,57.94,27.99,29.95,Credit Card,New,,Female,1.7,3.0
ORD100110,2023-07-22,North,Store_20,Beauty,138.45,1,20.0,166.14,132.91,62.51,70.4,Credit Card,Returning,56.0,Female,5.0,5.0
ORD104944,2023-01-27,Central,Store_09,Home & Living,80.18,1,0.0,80.18,80.18,37.32,42.86,Mobile Wallet,New,35.0,Female,3.7,6.0
ORD105423,2023-06-30,West,Store_12,Groceries,52.36,1,0.0,62.83,62.83,40.41,22.42,Mobile Wallet,New,34.0,Male,3.6,5.0
ORD104278,2024-06-19,South,Store_02,Clothing,135.55,1,5.0,162.66,154.53,101.51,53.02,Credit Card,New,34.0,Female,4.8,3.0
ORD102992,2023-05-21,West,Store_08,Groceries,42.13,1,0.0,42.13,42.13,29.75,12.38,Cash,Returning,44.0,Male,5.0,1.0
ORD100490,2024-11-12,North,Store_18,Groceries,22.33,1,0.0,35.73,35.73,17.59,18.14,Credit Card,Returning,50.0,Female,4.6,6.0
ORD101190,2023-10-31,Central,Store_07,Groceries,44.36,3,10.0,133.08,119.77,80.37,39.4,Bank Transfer,New,27.0,Male,4.5,6.0
ORD101089,2023-04-14,South,,Clothing,96.5,2,0.0,193.0,193.0,138.21,54.79,Mobile Wallet,New,34.0,Male,2.5,4.0
ORD105956,2023-06-09,East,Store_16,Clothing,178.49,4,0.0,856.75,856.75,441.63,415.12,Credit Card,New,43.0,Female,2.9,4.0
ORD101479,2023-11-01,North,Store_15,Groceries,30.75,1,0.0,49.2,49.2,28.05,21.15,Cash,New,43.0,Female,4.3,4.0
ORD103690,2023-10-21,North,Store_15,Home & Living,93.18,1,15.0,93.18,79.2,46.37,32.83,Mobile Wallet,New,35.0,Male,3.0,5.0
ORD103492,2023-09-29,South,Store_05,Beauty,22.42,2,0.0,44.84,44.84,29.24,15.6,Cash,New,37.0,Female,4.1,5.0
ORD101906,2023-08-05,East,Store_03,Electronics,555.4,1,0.0,555.4,555.4,336.63,218.77,Debit Card,Returning,40.0,Female,1.6,3.0
ORD105317,2023-03-19,North,Store_05,Groceries,25.34,1,0.0,25.34,25.34,11.56,13.78,Bank Transfer,Returning,25.0,Female,3.5,2.0
ORD103047,2024-07-09,South,Store_11,Electronics,771.71,2,5.0,1852.1,1759.49,1256.34,503.15,Cash,New,36.0,Male,,4.0
ORD101298,2024-01-23,South,Store_05,Clothing,181.7,1,0.0,181.7,181.7,121.01,60.69,Mobile Wallet,Returning,38.0,Female,3.2,3.0
ORD102072,2023-10-21,Central,Store_07,Clothing,14.46,1,0.0,14.46,14.46,9.23,5.23,Cash,New,54.0,Female,4.8,4.0
ORD102743,2024-11-22,Central,Store_14,Home & Living,20.37,1,20.0,32.59,26.07,15.26,10.81,Debit Card,New,47.0,Female,5.0,6.0
ORD105982,2024-11-08,Central,Store_17,Groceries,9.07,1,5.0,14.51,13.78,9.96,3.82,Mobile Wallet,New,33.0,Male,4.4,3.0
ORD100071,2023-05-19,South,Store_06,Groceries,42.96,1,0.0,42.96,42.96,19.7,23.26,Cash,New,45.0,Female,5.0,2.0
ORD102608,2024-01-20,West,Store_19,Clothing,83.58,1,0.0,83.58,83.58,48.33,35.25,Credit Card,New,26.0,Male,4.4,0.0
ORD104472,2023-12-23,South,Store_13,Groceries,42.09,1,0.0,67.34,67.34,35.92,31.42,Credit Card,New,32.0,Female,2.9,6.0
ORD104621,2024-12-27,South,Store_07,Groceries,21.23,1,5.0,33.97,32.27,20.0,12.27,Cash,New,36.0,Male,3.3,2.0
ORD101852,2023-11-28,East,Store_03,Home & Living,28.56,1,0.0,45.7,45.7,21.71,23.99,Debit Card,VIP,54.0,Female,,5.0
ORD102727,2023-01-30,Central,Store_13,Electronics,452.18,1,5.0,452.18,429.57,247.11,182.46,Credit Card,Returning,30.0,Female,3.8,1.0
ORD101942,2024-09-30,West,Store_09,Beauty,82.27,1,10.0,82.27,74.04,45.02,29.02,Bank Transfer,Returning,37.0,Female,4.6,2.0
ORD101254,2024-04-19,West,Store_10,Groceries,30.71,1,5.0,30.71,29.17,19.45,9.72,Bank Transfer,Returning,50.0,Male,4.7,2.0
ORD103474,2023-08-06,East,Store_05,Groceries,59.23,1,5.0,59.23,833.0771009928947,32.21,359.180578441859,Bank Transfer,VIP,37.0,Male,3.4,5.0
ORD103087,2023-05-09,East,Store_02,Home & Living,393.87,2,0.0,787.74,787.74,555.12,232.62,Mobile Wallet,VIP,43.0,Male,4.0,3.0
ORD100184,2023-12-28,Central,Store_05,Electronics,602.59,1,0.0,964.14,964.14,435.15,528.99,Cash,Returning,27.0,Female,4.8,3.0
ORD104856,2024-09-09,West,Store_10,Sports,74.66,2,0.0,149.32,149.32,97.47,51.85,Bank Transfer,New,30.0,Female,2.8,3.0
ORD100824,2024-03-31,North,Store_08,Sports,255.11,1,5.0,255.11,242.35,166.63,75.72,Credit Card,Returning,34.0,Male,5.0,3.0
ORD100386,2023-02-19,Central,Store_14,Sports,126.46,1,0.0,126.46,126.46,66.97,59.49,Mobile Wallet,Returning,20.0,Female,3.8,1.0
ORD101719,2024-01-13,South,Store_20,Electronics,456.83,1,0.0,456.83,456.83,207.08,249.75,Mobile Wallet,New,36.0,Male,4.3,1.0
ORD100347,2024-11-14,North,Store_08,Groceries,21.95,1,25.0,35.12,26.34,16.65,9.69,Mobile Wallet,Returning,40.0,Female,3.8,5.0
ORD104883,2023-04-28,North,Store_14,Groceries,37.65,1,10.0,37.65,33.88,16.35,17.53,Mobile Wallet,VIP,,Female,3.4,7.0
ORD103435,2024-03-18,West,Store_18,Home & Living,360.48,1,0.0,360.48,360.48,221.95,138.53,Debit Card,Returning,41.0,Female,3.3,1.0
ORD102769,2024-11-30,North,Store_20,Groceries,54.62,1,5.0,87.39,83.02,62.13,20.89,Debit Card,Returning,40.0,Male,,4.0
ORD103548,2023-08-13,North,Store_19,Sports,241.39,4,0.0,965.56,965.56,522.05,443.51,Bank Transfer,Returning,22.0,Female,2.9,5.0
ORD100468,2023-05-13,North,Store_01,Sports,277.87,1,5.0,277.87,263.98,154.97,109.01,Debit Card,VIP,39.0,Male,2.8,3.0
ORD101418,2024-09-20,East,Store_04,Home & Living,123.78,1,0.0,123.78,123.78,77.45,46.33,Bank Transfer,New,64.0,Female,3.8,3.0
ORD105732,2024-09-07,East,Store_10,Electronics,903.84,4,5.0,3615.36,3434.59,2522.54,912.05,Mobile Wallet,VIP,59.0,Female,5.0,5.0
ORD100536,2023-11-29,South,Store_09,Sports,195.14,2,0.0,624.45,624.45,401.48,222.97,Bank Transfer,VIP,35.0,Female,3.2,4.0
ORD103224,2024-03-20,Central,Store_08,Groceries,57.59,2,0.0,115.18,115.18,61.36,53.82,Mobile Wallet,Returning,48.0,Male,3.0,4.0
ORD100341,2023-08-01,North,Store_10,Beauty,49.17,1,5.0,49.17,46.71,22.85,23.86,Debit Card,Returning,33.0,Male,4.6,2.0
ORD104424,2023-08-18,South,Store_18,Groceries,14.64,2,0.0,29.28,29.28,20.49,8.79,Bank Transfer,Returning,50.0,Male,2.2,3.0
ORD101299,2023-01-22,South,Store_10,Beauty,45.37,2,0.0,90.74,90.74,52.22,38.52,Credit Card,Returning,28.0,Female,4.2,5.0
ORD101117,2024-03-04,South,Store_08,Electronics,681.49,2,0.0,1362.98,1362.98,717.85,645.13,Bank Transfer,New,,,,2.0
ORD101995,2023-01-02,South,Store_05,Clothing,119.65,3,0.0,358.95,358.95,178.45,180.5,Cash,Returning,38.0,Male,4.7,0.0
ORD104396,2023-08-04,North,Store_11,Groceries,14.45,5,0.0,72.25,72.25,34.98,37.27,Cash,Returning,30.0,Female,4.9,2.0
ORD101619,2024-12-24,Central,Store_02,Home & Living,250.17,1,0.0,400.27,400.27,253.99,146.28,Debit Card,Returning,31.0,Male,4.6,6.0
ORD104439,2023-08-18,North,Store_06,Home & Living,231.95,2,,463.9,371.12,211.69,159.43,Cash,Returning,26.0,Female,2.4,3.0
ORD104247,2023-05-21,West,Store_02,Groceries,4.18,1,0.0,4.18,4.18,2.56,1.62,Credit Card,VIP,17.0,Male,5.0,4.0
ORD102490,2023-09-07,Central,Store_03,Home & Living,87.06,2,0.0,174.12,174.12,79.5,94.62,Mobile Wallet,VIP,32.0,Female,4.0,1.0
ORD104128,2024-02-04,South,Store_10,Clothing,143.43,3,0.0,430.29,430.29,227.69,202.6,Cash,Returning,32.0,Male,5.0,4.0
ORD105683,2023-11-13,Central,Store_01,Clothing,95.86,5,5.0,766.88,728.54,502.25,226.29,Credit Card,VIP,16.0,Female,3.6,2.0
ORD103256,2023-05-07,East,Store_18,Beauty,123.32,2,0.0,246.64,246.64,182.23,64.41,Debit Card,VIP,22.0,Male,2.7,5.0
ORD105515,2024-05-24,West,Store_18,Clothing,107.17,1,5.0,107.17,101.81,60.16,41.65,Cash,VIP,40.0,Male,3.8,4.0
ORD101927,2023-04-02,North,Store_10,Clothing,81.48,2,0.0,162.96,162.96,115.04,47.92,Credit Card,Returning,36.0,Male,3.2,6.0
ORD105240,2023-09-14,Central,Store_07,Clothing,57.47,1,0.0,57.47,57.47,27.29,30.18,Credit Card,Returning,,Male,5.0,2.0
ORD100719,2024-03-13,West,Store_07,Groceries,45.28,1,0.0,45.28,45.28,24.54,20.74,Bank Transfer,Returning,26.0,,4.6,2.0
ORD105464,2023-05-25,South,Store_04,Groceries,33.5,2,15.0,67.0,56.95,30.54,26.41,Credit Card,New,36.0,Male,4.1,1.0
ORD101083,2024-02-10,South,Store_13,Home & Living,352.56,2,10.0,705.12,634.61,387.52,247.09,Debit Card,VIP,34.0,Male,4.1,4.0
ORD103446,2023-08-22,West,Store_02,Sports,110.02,1,10.0,110.02,99.02,62.92,36.1,Credit Card,New,39.0,Male,3.1,5.0
ORD102765,2024-01-26,North,Store_04,Groceries,32.89,2,5.0,65.78,62.49,36.41,26.08,Mobile Wallet,Returning,26.0,Male,3.1,4.0
ORD103180,2023-06-13,South,Store_09,Beauty,122.51,2,10.0,294.02,264.62,196.33,68.29,Cash,Returning,30.0,Other,2.4,1.0
ORD103801,2024-02-29,East,Store_09,Electronics,748.25,1,10.0,748.25,673.42,463.19,210.23,Cash,Returning,48.0,Female,3.9,4.0
ORD104015,2023-04-14,Central,Store_09,Beauty,13.79,1,0.0,13.79,13.79,9.17,4.62,Debit Card,Returning,39.0,Female,3.7,
ORD100749,2023-04-26,West,Store_05,Groceries,55.53,1,0.0,55.53,55.53,40.13,15.4,Mobile Wallet,Returning,36.0,Male,4.0,6.0
ORD100688,2023-11-21,South,Store_02,Electronics,846.32,1,0.0,1354.11,1354.11,745.4,608.71,Mobile Wallet,New,37.0,Female,5.0,4.0
ORD104981,2024-12-01,North,Store_15,Sports,232.84,1,0.0,372.54,372.54,220.22,152.32,Bank Transfer,Returning,42.0,Female,4.6,3.0
ORD105081,2024-01-06,South,Store_01,Home & Living,227.16,2,0.0,454.32,454.32,255.15,199.17,Credit Card,New,35.0,Other,4.2,4.0
ORD103933,2024-06-16,East,Store_13,Electronics,697.59,1,5.0,837.11,795.25,543.66,251.59,Bank Transfer,Returning,20.0,Female,3.7,8.0
ORD103016,2024-01-24,Central,Store_10,Electronics,352.0,1,0.0,352.0,352.0,227.42,124.58,Bank Transfer,New,38.0,Female,2.3,4.0
ORD103096,2023-05-08,North,Store_16,Electronics,1097.1,2,5.0,2194.2,2084.49,1155.05,929.44,Cash,Returning,58.0,Male,4.8,5.0
ORD101558,2024-12-27,Central,Store_13,Groceries,10.58,1,0.0,16.93,16.93,7.66,9.27,Mobile Wallet,New,59.0,Male,4.7,3.0
ORD101081,2024-12-23,Central,Store_09,Home & Living,386.99,1,0.0,619.18,619.18,314.21,304.97,Credit Card,VIP,22.0,Male,5.0,1.0
ORD100920,2024-09-29,Central,Store_17,Electronics,836.05,1,0.0,836.05,836.05,446.84,389.21,Debit Card,Returning,33.0,Female,3.3,4.0
ORD105313,2023-10-15,Central,Store_20,Home & Living,111.72,1,0.0,111.72,111.72,60.27,51.45,Debit Card,VIP,29.0,Male,4.1,1.0
ORD101853,2023-04-28,West,Store_11,Electronics,143.01,2,0.0,286.02,286.02,182.27,103.75,Mobile Wallet,New,17.0,Female,4.5,8.0
ORD104221,2024-01-14,North,Store_05,Electronics,79.03,1,0.0,79.03,79.03,46.26,32.77,Cash,Returning,,Male,3.9,4.0
ORD105746,2023-11-13,North,Store_18,Beauty,40.12,1,0.0,64.19,64.19,41.57,22.62,Mobile Wallet,New,19.0,Male,3.2,2.0
ORD102782,2024-07-10,Central,Store_17,Electronics,330.25,1,5.0,396.3,376.48,259.73,116.75,Mobile Wallet,New,70.0,Other,3.7,6.0
ORD100848,2024-08-21,Central,Store_04,Electronics,517.61,1,5.0,517.61,491.73,223.65,268.08,Debit Card,New,18.0,Male,4.4,3.0
ORD101603,2023-08-20,East,Store_04,Electronics,737.21,3,0.0,2211.63,2211.63,1082.81,1128.82,Cash,VIP,28.0,Male,4.6,3.0
ORD105716,2023-05-26,East,Store_05,Groceries,32.27,1,0.0,32.27,32.27,20.42,11.85,Bank Transfer,Returning,44.0,Female,4.3,0.0
ORD103040,2023-10-16,South,Store_04,Clothing,13.28,1,20.0,13.28,10.62,7.92,2.7,Mobile Wallet,New,21.0,Male,3.7,7.0
ORD105110,2024-02-05,North,Store_19,Groceries,40.39,2,0.0,80.78,80.78,53.3,27.48,Cash,VIP,45.0,Female,5.0,4.0
ORD103255,2023-05-18,East,Store_10,Home & Living,230.59,2,15.0,461.18,392.0,224.97,167.03,Credit Card,Returning,16.0,Male,4.6,0.0
ORD104366,2023-05-02,North,Store_02,Electronics,772.75,1,0.0,772.75,772.75,562.14,210.61,Debit Card,New,41.0,Male,3.1,5.0
ORD105314,2023-10-26,West,Store_20,Groceries,36.54,1,20.0,36.54,29.23,21.1,8.13,Mobile Wallet,Returning,44.0,Female,3.5,4.0
ORD104503,2024-07-17,Central,Store_06,Clothing,49.28,2,20.0,118.27,94.62,57.64,36.98,Bank Transfer,New,41.0,Male,4.4,6.0
ORD105417,2023-05-05,North,Store_13,Home & Living,79.87,1,10.0,79.87,71.88,44.73,27.15,Mobile Wallet,Returning,22.0,Other,2.9,4.0
ORD105840,2024-07-22,Central,Store_07,Beauty,142.56,1,0.0,171.07,171.07,105.94,65.13,Cash,New,29.0,Female,4.6,3.0
ORD105446,2024-05-02,Central,Store_13,Clothing,78.96,1,0.0,78.96,78.96,49.82,29.14,Debit Card,VIP,27.0,Male,5.0,4.0
ORD102659,2023-04-28,East,Store_10,Clothing,178.64,1,0.0,178.64,178.64,113.93,64.71,Cash,New,21.0,Female,3.6,4.0
ORD101294,2024-11-25,South,Store_03,Home & Living,401.09,2,0.0,1283.49,1283.49,960.07,323.42,Mobile Wallet,Returning,32.0,Male,3.5,5.0
ORD102189,2024-03-03,North,Store_01,Clothing,199.16,1,5.0,199.16,189.2,141.65,47.55,Credit Card,New,32.0,Female,4.2,0.0
ORD101531,2023-01-07,South,Store_15,Home & Living,268.37,1,0.0,268.37,268.37,176.41,91.96,Mobile Wallet,Returning,35.0,Female,2.7,0.0
ORD103647,2024-03-15,North,Store_05,Beauty,85.97,2,15.0,171.94,146.15,96.25,49.9,Credit Card,Returning,36.0,Male,1.0,2.0
ORD105844,2024-09-29,Central,Store_15,Groceries,26.62,5,0.0,133.1,133.1,96.71,36.39,Debit Card,New,16.0,Female,4.6,4.0
ORD101387,2023-08-26,West,Store_05,Home & Living,288.25,1,15.0,288.25,245.01,141.47,103.54,Credit Card,New,33.0,Male,1.9,5.0
ORD103438,2024-11-13,South,Store_18,Groceries,35.02,4,0.0,224.13,224.13,130.18,93.95,Credit Card,Returning,28.0,Male,4.3,1.0
ORD102721,2024-05-02,Central,Store_11,Home & Living,450.5,2,0.0,901.0,901.0,448.64,452.36,Debit Card,Returning,23.0,Female,3.7,3.0
ORD102347,2024-07-03,North,Store_11,Clothing,75.06,1,0.0,90.07,90.07,44.53,45.54,Bank Transfer,Returning,37.0,Male,4.1,4.0
ORD101251,2023-10-28,East,Store_11,Electronics,474.61,2,5.0,949.22,901.76,491.86,409.9,Debit Card,New,39.0,Other,5.0,3.0
ORD101892,2024-10-03,West,Store_08,Beauty,78.12,1,0.0,78.12,78.12,35.88,42.24,Mobile Wallet,Returning,31.0,Male,4.3,3.0
ORD100568,2024-04-14,West,Store_14,Home & Living,95.59,3,0.0,286.77,286.77,199.66,87.11,Bank Transfer,New,48.0,Male,3.0,1.0
ORD105580,2024-01-29,Central,Store_09,Groceries,33.51,1,25.0,33.51,25.13,15.54,9.59,Debit Card,Returning,45.0,Female,4.6,2.0
ORD102910,2023-03-23,Central,Store_14,Electronics,1106.81,1,0.0,1106.81,1106.81,741.15,365.66,Bank Transfer,Returning,25.0,Male,3.9,3.0
ORD104327,2023-11-07,South,Store_03,Groceries,3.82,2,0.0,12.22,12.22,7.46,4.76,Debit Card,Returning,48.0,Other,4.5,4.0
ORD100436,2024-02-19,North,Store_13,Groceries,45.36,3,0.0,136.08,136.08,80.53,55.55,Credit Card,Returning,22.0,Female,3.8,3.0
ORD101559,2024-09-16,West,Store_05,Clothing,118.29,2,0.0,236.58,236.58,175.93,60.65,Mobile Wallet,New,60.0,Male,4.3,3.0
ORD105605,2023-02-14,North,Store_19,Sports,123.93,1,5.0,123.93,117.73,55.47,62.26,Credit Card,New,36.0,Male,3.4,5.0
ORD100655,2024-01-24,East,Store_13,Beauty,5.15,1,5.0,5.15,4.89,3.25,1.64,Bank Transfer,VIP,52.0,Male,3.4,3.0
ORD103788,2024-12-13,Central,Store_07,Clothing,42.18,2,0.0,134.98,134.98,74.68,60.3,Debit Card,Returning,16.0,Male,3.4,4.0
ORD100780,2024-10-02,East,Store_19,Beauty,149.68,1,0.0,149.68,149.68,105.66,44.02,Credit Card,New,48.0,Female,2.7,6.0
ORD104983,2023-10-21,Central,Store_17,Groceries,48.93,1,15.0,48.93,41.59,26.66,14.93,Debit Card,New,39.0,Female,4.7,4.0
ORD104080,2024-10-21,East,Store_17,Home & Living,44.0,1,0.0,44.0,44.0,23.86,20.14,Mobile Wallet,New,40.0,Male,4.1,6.0
ORD102042,2024-06-28,East,Store_13,Beauty,51.02,5,0.0,306.12,306.12,170.24,135.88,Debit Card,Returning,47.0,Female,3.8,2.0
ORD102532,2024-11-06,South,Store_03,Beauty,106.58,2,0.0,341.06,341.06,205.3,135.76,Credit Card,Returning,17.0,Male,3.1,4.0
ORD101197,2024-12-17,North,Store_13,Home & Living,62.07,2,0.0,198.62,198.62,146.36,52.26,Debit Card,Returning,25.0,Male,4.0,2.0
ORD103688,2024-12-06,Central,Store_17,Groceries,37.73,1,0.0,60.37,60.37,44.72,15.65,Bank Transfer,New,63.0,Female,4.1,1.0
ORD104363,2024-12-07,North,Store_09,Groceries,22.92,1,0.0,36.67,36.67,21.36,15.31,Debit Card,New,61.0,Male,4.4,4.0
ORD104348,2024-07-13,North,Store_18,Clothing,133.03,1,0.0,159.64,159.64,86.21,73.43,Debit Card,New,18.0,Male,3.6,2.0
ORD101987,2023-06-04,East,Store_16,Beauty,81.59,1,0.0,97.91,97.91,52.67,45.24,Mobile Wallet,Returning,26.0,Female,4.6,3.0
ORD100845,2023-01-04,North,Store_17,Electronics,1126.87,1,5.0,1126.87,1070.53,647.71,422.82,Cash,Returning,47.0,Female,3.5,5.0
ORD100602,2024-06-23,Central,Store_06,Sports,204.68,2,0.0,491.23,491.23,361.86,129.37,Cash,New,28.0,Male,4.5,3.0
ORD102877,2024-11-14,West,Store_01,Home & Living,298.01,1,0.0,476.82,476.82,334.24,142.58,Mobile Wallet,New,52.0,Male,4.1,3.0
ORD100611,2023-12-04,Central,Store_15,Home & Living,467.77,1,0.0,748.43,748.43,481.99,266.44,Bank Transfer,VIP,51.0,Male,5.0,4.0
ORD104690,2023-01-02,Central,Store_14,Clothing,18.0,3,,54.0,54.0,26.02,27.98,Cash,New,27.0,Female,4.3,3.0
ORD104942,2024-09-03,South,Store_18,Electronics,658.28,1,10.0,658.28,592.45,380.15,212.3,Debit Card,VIP,32.0,Male,2.5,3.0
ORD100108,2023-12-11,South,Store_16,Electronics,194.47,1,0.0,311.15,311.15,227.76,83.39,Bank Transfer,New,38.0,Female,,5.0
ORD102530,2024-10-30,Central,Store_05,Clothing,106.04,1,20.0,106.04,84.83,55.08,29.75,Cash,VIP,26.0,Female,3.9,1.0
ORD105146,2023-12-14,East,Store_11,Groceries,40.92,1,15.0,65.47,55.65,34.99,20.66,Debit Card,VIP,52.0,Female,4.6,1.0
ORD103017,2023-06-07,East,Store_02,Beauty,121.76,2,0.0,292.22,292.22,152.49,139.73,Cash,Returning,58.0,Female,2.7,4.0
ORD102471,2023-03-14,South,Store_11,Clothing,148.44,2,5.0,296.88,282.04,188.93,93.11,Credit Card,New,31.0,Female,4.4,2.0
ORD101733,2024-09-23,West,Store_14,Groceries,35.96,2,0.0,71.92,71.92,37.55,34.37,Credit Card,Returning,29.0,Male,4.8,6.0
ORD105121,2024-03-26,West,Store_16,Home & Living,162.13,3,0.0,486.39,486.39,269.86,216.53,Credit Card,Returning,44.0,Male,4.3,4.0
ORD101302,2024-05-25,North,Store_15,Electronics,1076.02,3,15.0,3228.06,2743.85,1238.71,1505.14,Mobile Wallet,New,56.0,Male,2.8,2.0
ORD100828,2024-09-22,South,Store_13,Groceries,28.27,1,25.0,28.27,21.2,11.2,10.0,Debit Card,New,71.0,Female,3.4,1.0
ORD100151,2023-07-25,West,Store_04,Groceries,12.38,1,10.0,14.86,13.37,9.66,3.71,Debit Card,VIP,52.0,Male,3.2,2.0
ORD104652,2023-08-30,Central,Store_03,Groceries,26.3,1,0.0,26.3,26.3,19.61,6.69,Cash,Returning,,Male,5.0,4.0
ORD101417,2023-11-17,South,Store_18,Sports,208.51,2,20.0,667.23,533.78,278.46,255.32,Mobile Wallet,VIP,26.0,Male,4.3,0.0
ORD103728,2023-09-06,West,Store_10,Groceries,46.78,1,0.0,46.78,46.78,34.83,11.95,Bank Transfer,New,27.0,Male,4.5,7.0
ORD105260,2024-12-26,South,Store_10,Beauty,51.29,2,0.0,164.13,164.13,114.99,49.14,Debit Card,Returning,31.0,Male,4.9,5.0
ORD102084,2023-04-06,South,Store_08,Electronics,575.08,1,0.0,575.08,575.08,271.9,303.18,Credit Card,New,38.0,Female,5.0,8.0
ORD102073,2023-09-07,Central,Store_18,Sports,43.61,1,,43.61,43.61,24.07,19.54,Mobile Wallet,Returning,43.0,Male,4.7,3.0
ORD100782,2023-03-31,West,Store_16,Beauty,105.19,2,0.0,210.38,210.38,149.96,60.42,Debit Card,New,41.0,Male,,3.0
ORD100397,2023-05-24,South,Store_17,Home & Living,393.8,1,20.0,393.8,315.04,144.66,170.38,Cash,New,35.0,Female,4.3,2.0
ORD103053,2023-09-19,East,Store_03,Groceries,10.57,1,0.0,10.57,10.57,7.3,3.27,Bank Transfer,Returning,35.0,Male,3.2,4.0
ORD100166,2023-08-23,North,Store_02,Home & Living,330.63,2,0.0,661.26,661.26,344.18,317.08,Debit Card,Returning,45.0,Female,2.7,1.0
ORD105566,2023-06-10,West,Store_20,Groceries,39.01,1,5.0,46.81,44.47,32.07,12.4,Cash,Returning,28.0,Male,2.7,7.0
ORD103601,2024-03-21,West,Store_07,Groceries,4.35,1,10.0,4.35,3.92,2.33,1.59,Bank Transfer,Returning,16.0,Other,3.4,1.0
ORD101225,2024-12-08,West,Store_15,Home & Living,296.06,2,0.0,947.39,947.39,636.13,311.26,Bank Transfer,VIP,26.0,Female,4.5,1.0
ORD101796,2024-12-13,North,Store_16,Sports,18.46,2,0.0,59.07,59.07,32.62,26.45,Debit Card,Returning,18.0,Female,4.9,4.0
ORD104450,2024-09-19,East,Store_09,Home & Living,466.18,1,25.0,466.18,349.63,240.91,108.72,Bank Transfer,Returning,25.0,Male,5.0,1.0
ORD101642,2023-11-23,West,Store_14,Groceries,53.0,2,5.0,169.6,161.12,105.05,56.07,Cash,Returning,46.0,Male,5.0,3.0
ORD105768,2023-12-09,Central,Store_02,Electronics,317.08,1,10.0,507.33,456.6,286.23,170.37,Debit Card,New,31.0,Male,4.2,3.0
ORD100142,2023-07-21,South,Store_15,Clothing,106.26,1,0.0,127.51,127.51,78.15,49.36,Bank Transfer,New,40.0,Female,3.0,6.0
ORD101240,2024-01-06,South,Store_19,Groceries,3.57,1,5.0,3.57,3.39,2.4,0.99,Credit Card,New,38.0,Female,4.9,2.0
ORD101986,2024-08-26,Central,Store_08,Home & Living,435.93,1,0.0,435.93,435.93,252.47,183.46,Mobile Wallet,Returning,34.0,Male,5.0,
ORD104016,2023-07-17,South,Store_16,Sports,109.95,1,5.0,131.94,125.34,81.42,43.92,Credit Card,Returning,47.0,Male,2.7,3.0
ORD102452,2023-03-11,South,Store_01,Groceries,37.08,2,0.0,74.16,74.16,39.14,35.02,Mobile Wallet,Returning,51.0,Male,2.8,4.0
ORD104744,2024-05-23,Central,Store_18,Clothing,18.39,4,0.0,73.56,73.56,43.48,30.08,Credit Card,Returning,65.0,Male,4.8,2.0
ORD105646,2024-10-03,South,Store_06,Groceries,47.87,1,25.0,47.87,35.9,23.82,12.08,Bank Transfer,VIP,28.0,Male,4.2,3.0
ORD102461,2023-06-07,South,Store_05,Beauty,77.93,4,0.0,374.06,374.06,194.57,179.49,Debit Card,New,47.0,Male,2.7,3.0
ORD103668,2023-11-07,West,Store_19,Groceries,32.58,1,10.0,52.13,46.92,23.46,23.46,Bank Transfer,Returning,26.0,Female,4.3,2.0
ORD102223,2023-11-05,South,Store_04,Sports,125.98,2,0.0,403.14,403.14,219.98,183.16,Debit Card,VIP,36.0,Male,4.0,4.0
ORD100237,2023-11-12,North,Store_13,Electronics,792.91,2,5.0,2537.31,2410.44,1324.86,1085.58,Mobile Wallet,New,20.0,Male,2.1,4.0
ORD100989,2024-07-28,South,Store_19,Groceries,2.76,1,10.0,3.31,2.98,1.73,1.25,Mobile Wallet,Returning,39.0,,2.8,4.0
ORD105062,2024-03-26,West,Store_03,Home & Living,286.46,1,0.0,286.46,286.46,181.65,104.81,Cash,Returning,16.0,Female,5.0,2.0
ORD101758,2024-02-22,South,Store_12,Electronics,363.14,1,0.0,363.14,363.14,232.8,130.34,Cash,Returning,31.0,Female,4.6,1.0
ORD105435,2024-12-24,West,Store_18,Groceries,9.33,1,0.0,14.93,14.93,8.79,6.14,Credit Card,New,44.0,Male,4.4,2.0
ORD101021,2023-02-22,North,Store_02,Electronics,700.53,1,0.0,700.53,700.53,445.4,255.13,Bank Transfer,Returning,26.0,Male,3.9,1.0
ORD104984,2023-05-21,North,Store_08,Sports,203.65,1,0.0,203.65,203.65,128.75,74.9,Debit Card,Returning,23.0,Male,5.0,3.0
ORD103094,2024-10-26,South,Store_13,Electronics,1070.31,4,5.0,4281.24,4067.18,2181.22,1885.96,Cash,New,54.0,Other,4.4,0.0
ORD100866,2024-08-21,West,Store_11,Groceries,39.75,2,0.0,79.5,79.5,38.79,40.71,Mobile Wallet,VIP,48.0,Male,4.6,6.0
ORD103020,2023-09-13,North,Store_16,Home & Living,286.98,1,0.0,286.98,286.98,135.5,151.48,Credit Card,VIP,29.0,Male,2.4,5.0
ORD105363,2024-09-15,West,Store_10,Groceries,45.47,1,0.0,45.47,45.47,27.71,17.76,Credit Card,VIP,39.0,Female,4.1,3.0
ORD103366,2024-03-29,East,Store_20,Beauty,22.83,1,0.0,22.83,22.83,16.98,5.85,Bank Transfer,New,37.0,Male,2.8,3.0
ORD105287,2024-09-21,East,Store_15,Electronics,693.07,1,0.0,693.07,693.07,348.99,344.08,Cash,Returning,60.0,Male,3.2,1.0
ORD103544,2023-01-28,North,Store_20,Groceries,4.88,1,0.0,4.88,4.88,2.81,2.07,Debit Card,VIP,46.0,Female,3.6,6.0
ORD101697,2023-04-20,West,Store_15,Groceries,56.81,2,5.0,113.62,107.94,58.43,49.51,Cash,New,65.0,Male,4.7,3.0
ORD105324,2024-10-28,East,Store_04,Groceries,37.1,4,0.0,148.4,148.4,85.8,62.6,Debit Card,VIP,55.0,Female,4.5,3.0
ORD102217,2024-12-29,North,Store_19,Electronics,377.85,1,0.0,604.56,604.56,359.27,245.29,Mobile Wallet,Returning,32.0,Female,4.3,6.0
ORD103422,2024-03-14,East,Store_09,Groceries,22.53,3,15.0,67.59,57.45,34.94,22.51,Bank Transfer,Returning,25.0,Other,5.0,
ORD100327,2023-01-28,East,Store_05,Clothing,79.3,3,0.0,237.9,237.9,119.6,118.3,Cash,New,47.0,Female,3.7,4.0
ORD104337,2023-08-28,West,Store_19,Groceries,22.62,4,0.0,90.48,90.48,51.78,38.7,Credit Card,New,39.0,Male,3.2,6.0
ORD105054,2023-02-06,West,Store_05,Electronics,1130.82,1,20.0,1130.82,904.66,562.56,342.1,Debit Card,VIP,46.0,Female,4.2,7.0
ORD101582,2024-01-12,Central,Store_01,Groceries,41.05,1,0.0,41.05,41.05,29.95,11.1,Bank Transfer,New,16.0,Male,4.7,6.0
ORD100803,2024-11-01,West,Store_09,Groceries,50.06,1,0.0,80.1,80.1,44.34,35.76,Cash,New,37.0,Male,4.2,0.0
ORD104448,2024-02-07,Central,Store_09,Clothing,112.63,1,10.0,112.63,101.37,64.04,37.33,Debit Card,VIP,23.0,Male,4.5,1.0
ORD104177,2024-06-07,West,Store_10,Electronics,516.84,2,20.0,1240.42,992.34,685.06,307.28,Credit Card,Returning,32.0,Female,4.7,2.0
ORD101226,2023-03-20,North,Store_12,Groceries,50.36,1,5.0,50.36,47.84,24.92,22.92,Cash,VIP,44.0,Female,2.8,4.0
ORD101203,2024-07-09,Central,Store_02,Electronics,327.2,1,10.0,392.64,353.38,234.76,118.62,Credit Card,New,31.0,Male,3.7,3.0
ORD105786,2024-04-16,South,Store_13,Electronics,384.89,1,0.0,384.89,384.89,256.72,128.17,Cash,New,29.0,Male,2.8,5.0
ORD102887,2023-02-16,North,Store_06,Clothing,95.48,2,0.0,190.96,190.96,138.56,52.4,Mobile Wallet,VIP,47.0,Male,4.4,
ORD102903,2024-03-26,West,Store_04,Electronics,897.01,1,0.0,897.01,897.01,432.82,464.19,Bank Transfer,VIP,38.0,Male,2.8,4.0
ORD101034,2023-02-18,West,Store_03,Groceries,53.99,2,0.0,107.98,107.98,77.6,30.38,Debit Card,Returning,42.0,Male,4.9,4.0
ORD103899,2024-11-06,East,Store_01,Clothing,76.43,2,5.0,244.58,232.35,111.59,120.76,Credit Card,Returning,46.0,Female,3.6,3.0
ORD104105,2023-11-27,West,Store_10,Beauty,33.49,1,0.0,53.58,53.58,29.25,24.33,Mobile Wallet,New,50.0,Male,5.0,4.0
ORD102392,2024-03-26,Central,Store_10,Clothing,132.9,1,25.0,132.9,99.67,67.48,32.19,Debit Card,Returning,29.0,Male,3.8,3.0
ORD105671,2024-04-14,West,Store_02,Groceries,21.94,3,5.0,65.82,62.53,28.39,34.14,Credit Card,New,28.0,Male,2.7,
ORD104012,2024-05-18,Central,Store_13,Electronics,909.78,1,20.0,909.78,727.82,407.28,320.54,Debit Card,Returning,,Male,3.6,6.0
ORD100401,2024-07-21,North,Store_14,Clothing,59.64,2,0.0,143.14,143.14,74.81,68.33,Credit Card,Returning,40.0,Female,5.0,6.0
ORD104362,2023-12-29,West,Store_07,Beauty,64.37,1,20.0,102.99,82.39,59.54,22.85,Debit Card,VIP,25.0,Female,5.0,5.0
ORD101346,2024-09-16,North,Store_13,Clothing,72.43,1,15.0,72.43,61.57,45.3,16.27,Credit Card,Returning,47.0,Male,3.6,3.0
ORD102391,2023-05-21,Central,Store_07,Clothing,108.66,1,0.0,108.66,108.66,49.26,59.4,Mobile Wallet,Returning,44.0,Female,3.5,6.0
ORD101267,2023-09-30,Central,Store_16,Groceries,18.07,1,0.0,18.07,18.07,9.26,8.81,Debit Card,New,47.0,Female,4.9,5.0
ORD100805,2024-07-24,South,Store_03,Groceries,39.64,3,0.0,142.7,142.7,74.65,68.05,Bank Transfer,New,19.0,Female,4.4,7.0
ORD101443,2023-11-13,South,Store_01,Groceries,31.27,2,10.0,100.06,90.05,50.72,39.33,Cash,New,42.0,Male,3.9,3.0
ORD100959,2023-10-28,Central,Store_06,Groceries,44.4,1,5.0,44.4,42.18,24.69,17.49,Credit Card,Returning,31.0,,,3.0
ORD105220,2023-08-09,North,Store_04,Home & Living,231.61,1,0.0,231.61,231.61,144.95,86.66,Credit Card,Returning,32.0,Male,4.1,5.0
ORD100185,2023-11-22,South,Store_20,Clothing,44.99,1,0.0,71.98,71.98,44.59,27.39,Cash,Returning,35.0,Female,3.4,5.0
ORD104702,2024-02-02,East,Store_12,Clothing,26.33,4,10.0,105.32,94.79,60.83,33.96,Debit Card,VIP,26.0,Male,3.7,3.0
ORD102085,2024-04-23,South,Store_14,Home & Living,92.77,2,5.0,185.54,176.26,87.46,88.8,Cash,New,30.0,Female,3.4,4.0
ORD103226,2024-02-27,North,Store_16,Clothing,136.0,5,0.0,680.0,680.0,505.03,174.97,Cash,New,40.0,Female,5.0,5.0
ORD100096,2023-06-24,South,Store_08,Groceries,32.38,1,15.0,38.86,33.03,18.79,14.24,Cash,Returning,36.0,Other,2.0,3.0
ORD103978,2024-01-31,South,Store_05,Electronics,1134.85,2,0.0,2269.7,2269.7,1456.67,813.03,Bank Transfer,New,,Female,3.8,6.0
ORD105711,2024-11-16,North,Store_15,Sports,133.89,1,15.0,214.22,182.09,110.42,71.67,Cash,Returning,23.0,Female,3.8,3.0
ORD102119,2024-05-27,West,Store_03,Groceries,44.46,1,0.0,44.46,44.46,31.54,12.92,Debit Card,Returning,31.0,Male,4.1,2.0
ORD102789,2024-09-01,West,Store_19,Clothing,153.09,1,15.0,153.09,130.13,76.25,53.88,Debit Card,VIP,42.0,Female,5.0,7.0
ORD102927,2023-08-23,South,Store_09,Home & Living,311.36,5,5.0,1556.8,1478.96,1008.39,470.57,Debit Card,Returning,35.0,Male,3.5,4.0
ORD101250,2023-06-26,South,Store_03,Clothing,31.35,1,0.0,37.62,37.62,26.34,11.28,Debit Card,New,58.0,Male,3.0,5.0
ORD103626,2024-07-16,East,Store_11,Clothing,113.8,2,5.0,273.12,259.46,192.32,67.14,Cash,VIP,21.0,Female,5.0,2.0
ORD100669,2023-04-07,West,Store_11,Clothing,115.02,1,5.0,115.02,109.27,61.45,47.82,Credit Card,Returning,46.0,Female,4.7,
ORD101752,2024-04-03,West,Store_07,Clothing,84.37,1,0.0,84.37,84.37,40.7,43.67,Bank Transfer,Returning,34.0,Other,3.7,3.0
ORD100469,2024-11-12,West,,Electronics,888.32,2,5.0,2842.62,2700.49,1844.05,856.44,Bank Transfer,New,57.0,Male,4.2,0.0
ORD103634,2024-12-02,West,Store_08,Groceries,39.46,3,15.0,189.41,161.0,95.05,65.95,Bank Transfer,Returning,27.0,Male,3.0,4.0
ORD104064,2024-07-06,North,Store_19,Groceries,12.63,1,0.0,15.16,15.16,8.19,6.97,Bank Transfer,Returning,47.0,Female,4.0,2.0
ORD101659,2023-07-05,Central,Store_10,Home & Living,454.69,1,0.0,545.63,545.63,377.38,168.25,Cash,Returning,16.0,Male,5.0,
ORD103238,2024-10-06,East,Store_11,Beauty,83.23,3,0.0,249.69,249.69,150.31,99.38,Bank Transfer,New,25.0,Male,1.9,2.0
ORD101476,2023-12-25,South,Store_02,Electronics,876.17,2,0.0,2803.74,2803.74,2013.1,790.64,Mobile Wallet,Returning,21.0,Female,4.3,3.0
ORD105785,2024-03-26,Central,Store_15,Groceries,38.8,2,0.0,77.6,77.6,54.27,23.33,Cash,Returning,29.0,Male,4.8,3.0
ORD104296,2023-11-22,North,Store_11,Clothing,119.92,1,0.0,191.87,191.87,96.35,95.52,Mobile Wallet,New,28.0,Male,4.1,0.0
ORD104084,2024-01-02,South,Store_18,Groceries,38.75,1,0.0,38.75,38.75,28.22,10.53,Mobile Wallet,New,29.0,Male,3.7,1.0
ORD105891,2023-11-02,Central,Store_05,Home & Living,400.89,1,0.0,641.42,641.42,376.07,265.35,Credit Card,New,55.0,Male,4.8,5.0
ORD101377,2024-07-02,Central,Store_12,Home & Living,433.64,1,5.0,520.37,494.35,261.59,232.76,Debit Card,Returning,24.0,Male,1.0,2.0
ORD104766,2024-02-21,West,Store_16,Clothing,145.71,1,10.0,145.71,131.14,64.55,66.59,Debit Card,New,33.0,Female,4.8,5.0
ORD103041,2023-08-01,East,Store_15,Groceries,10.27,1,20.0,10.27,8.22,4.73,3.49,Bank Transfer,New,48.0,Female,4.4,7.0
ORD104243,2023-01-24,West,Store_10,Clothing,116.26,3,0.0,348.78,348.78,217.5,131.28,Credit Card,Returning,27.0,Female,2.5,4.0
ORD105685,2023-11-16,South,Store_08,Sports,44.17,1,5.0,70.67,67.14,50.04,17.1,Cash,Returning,,Male,3.8,4.0
ORD103210,2024-12-02,North,Store_15,Home & Living,378.3,2,0.0,1210.56,1210.56,641.3,569.26,Bank Transfer,Returning,52.0,Female,5.0,5.0
ORD101221,2024-02-08,North,Store_09,Groceries,56.88,1,0.0,56.88,56.88,38.88,18.0,Mobile Wallet,Returning,54.0,Female,3.9,0.0
ORD103723,2024-12-26,West,Store_01,Beauty,35.77,3,5.0,171.7,163.12,96.16,66.96,Mobile Wallet,New,25.0,Male,4.8,3.0
ORD102126,2023-08-13,North,Store_01,Groceries,9.2,1,0.0,9.2,9.2,6.51,2.69,Cash,New,32.0,Female,3.8,6.0
ORD105830,2023-08-30,Central,Store_11,Clothing,135.39,1,0.0,135.39,135.39,100.19,35.2,Cash,New,62.0,Male,5.0,4.0
ORD103015,2023-12-02,Central,Store_14,Clothing,87.78,3,5.0,421.34,400.27,287.81,112.46,Cash,Returning,34.0,Male,4.2,4.0
ORD102422,2023-03-17,South,Store_18,Home & Living,388.47,1,5.0,388.47,369.05,192.96,176.09,Mobile Wallet,Returning,38.0,Female,2.7,6.0
ORD103892,2023-11-15,Central,Store_16,Home & Living,384.88,1,25.0,615.81,461.86,218.99,242.87,Credit Card,Returning,38.0,Female,2.9,3.0
ORD105587,2024-12-22,East,Store_10,Groceries,55.11,1,0.0,88.18,88.18,43.24,44.94,Credit Card,New,44.0,Male,4.9,3.0
ORD105138,2023-02-28,South,Store_06,Clothing,152.67,1,0.0,152.67,152.67,113.3,39.37,Credit Card,New,27.0,Female,4.4,5.0
ORD100943,2023-12-13,South,Store_17,Beauty,111.94,1,5.0,179.1,170.14,83.31,86.83,Bank Transfer,Returning,31.0,Female,3.1,4.0
ORD101759,2024-02-29,Central,Store_08,Groceries,32.69,1,0.0,32.69,32.69,23.09,9.6,Mobile Wallet,Returning,16.0,Other,4.2,7.0
ORD103716,2023-09-13,North,Store_17,Electronics,405.47,1,0.0,405.47,405.47,271.55,133.92,Debit Card,Returning,54.0,Male,4.4,4.0
ORD100241,2024-03-02,West,Store_16,Electronics,1155.35,1,0.0,1155.35,1155.35,614.38,540.97,Bank Transfer,New,40.0,Male,5.0,2.0
ORD101789,2024-07-04,South,Store_02,Groceries,58.89,1,5.0,70.67,67.14,43.12,24.02,Debit Card,Returning,32.0,Male,5.0,3.0
ORD101926,2023-09-20,South,,Groceries,58.71,2,0.0,117.42,117.42,82.3,35.12,Bank Transfer,VIP,44.0,Female,3.8,0.0
ORD103077,2024-08-18,South,Store_16,Beauty,52.22,2,0.0,104.44,104.44,47.12,57.32,Credit Card,New,46.0,Female,4.2,7.0
ORD102603,2024-02-15,East,Store_07,Clothing,143.19,1,5.0,143.19,136.03,88.82,47.21,Credit Card,Returning,48.0,Male,4.4,3.0
ORD100526,2024-11-05,Central,Store_20,Clothing,107.43,2,0.0,343.78,343.78,227.12,116.66,Credit Card,Returning,43.0,Other,4.4,4.0
ORD105871,2023-12-11,North,Store_12,Home & Living,200.04,4,0.0,1280.26,1280.26,779.49,500.77,Mobile Wallet,New,29.0,Male,2.4,4.0
ORD104932,2024-10-18,West,Store_18,Clothing,169.33,1,5.0,169.33,160.86,101.46,59.4,Bank Transfer,New,35.0,Female,5.0,6.0
ORD103686,2023-03-19,North,Store_02,Home & Living,384.9,1,10.0,384.9,346.41,189.72,156.69,Bank Transfer,New,34.0,Female,5.0,0.0
ORD103776,2024-01-24,South,Store_09,Beauty,148.28,1,0.0,148.28,148.28,67.09,81.19,Bank Transfer,New,16.0,Male,,2.0
ORD102960,2024-11-03,South,Store_02,Home & Living,38.1,3,0.0,182.88,182.88,118.29,64.59,Bank Transfer,New,,Female,5.0,4.0
ORD102252,2023-06-27,East,Store_13,Beauty,32.41,3,5.0,116.68,110.85,75.92,34.93,Bank Transfer,New,61.0,Male,3.7,4.0
ORD104932,2024-10-18,West,Store_18,Clothing,169.33,1,5.0,169.33,160.86,101.46,59.4,Bank Transfer,New,35.0,Female,5.0,6.0
ORD105145,2024-07-02,East,Store_07,Groceries,52.63,2,0.0,126.31,126.31,92.8,33.51,Debit Card,New,30.0,Male,4.2,5.0
ORD102136,2024-02-02,South,Store_18,Beauty,122.2,1,10.0,122.2,109.98,65.36,44.62,Bank Transfer,Returning,35.0,Male,4.2,2.0
ORD104401,2023-03-28,Central,Store_12,Groceries,57.86,4,10.0,231.44,208.3,117.61,90.69,Debit Card,VIP,36.0,Male,2.5,4.0
ORD100429,2024-06-06,South,Store_19,Beauty,101.93,2,0.0,244.63,244.63,177.94,66.69,Debit Card,New,41.0,Other,4.3,6.0
ORD105928,2023-03-24,North,Store_18,Home & Living,19.97,2,0.0,39.94,39.94,28.08,11.86,Debit Card,Returning,61.0,Female,4.8,3.0
ORD102066,2024-06-13,North,Store_12,Groceries,25.41,1,10.0,30.49,27.44,18.47,8.97,Credit Card,New,46.0,Male,3.8,7.0
ORD102325,2024-08-23,North,Store_05,Groceries,32.15,2,5.0,64.3,61.09,33.93,27.16,Cash,Returning,57.0,Male,3.5,4.0
ORD101928,2023-05-14,Central,Store_04,Beauty,32.96,1,0.0,32.96,32.96,16.09,16.87,Cash,New,38.0,Male,5.0,6.0
ORD103029,2024-10-15,North,Store_06,Groceries,7.2,1,0.0,7.2,7.2,3.65,3.55,Mobile Wallet,Returning,44.0,Male,4.9,5.0
ORD103335,2023-06-16,South,Store_13,Groceries,23.12,1,10.0,27.74,24.97,17.39,7.58,Cash,New,39.0,Male,4.7,2.0
ORD102807,2023-08-15,West,Store_02,Beauty,25.23,1,5.0,25.23,23.97,16.34,7.63,Debit Card,Returning,53.0,Female,4.1,4.0
ORD105010,2024-09-08,North,Store_04,Beauty,126.9,2,10.0,253.8,228.42,164.49,63.93,Debit Card,New,,Female,2.1,2.0
ORD101478,2023-06-18,North,Store_03,Electronics,123.6,1,10.0,148.32,133.49,64.68,68.81,Debit Card,VIP,,Male,5.0,5.0
ORD100338,2023-05-28,South,Store_17,Beauty,116.51,2,0.0,233.02,233.02,138.34,94.68,Debit Card,Returning,56.0,Male,2.7,3.0
ORD102074,2024-05-23,West,Store_07,Clothing,180.71,1,0.0,180.71,180.71,132.04,48.67,Mobile Wallet,New,39.0,Male,,5.0
ORD102011,2023-10-14,West,Store_18,Beauty,11.65,1,0.0,11.65,11.65,6.12,5.53,Credit Card,Returning,45.0,Female,3.6,2.0
ORD102674,2024-11-10,West,Store_14,Home & Living,261.04,1,0.0,417.66,417.66,306.31,111.35,Bank Transfer,Returning,29.0,,4.8,5.0
ORD100253,2023-08-29,South,Store_06,Groceries,3.6,1,0.0,3.6,3.6,2.24,1.36,Credit Card,Returning,42.0,Male,4.1,4.0
ORD103221,2023-07-04,South,Store_06,Groceries,36.86,1,10.0,44.23,39.81,29.7,10.11,Bank Transfer,Returning,22.0,Female,3.7,4.0
ORD100320,2023-08-23,North,Store_20,Clothing,93.2,1,0.0,93.2,93.2,55.92,37.28,Credit Card,Returning,31.0,Male,3.7,5.0
ORD102048,2024-07-02,South,Store_13,Groceries,19.95,3,10.0,71.82,64.64,40.68,23.96,Cash,New,44.0,Female,3.7,6.0
ORD104555,2023-06-07,South,Store_15,Sports,146.06,2,0.0,350.54,350.54,203.36,147.18,Mobile Wallet,New,40.0,Male,4.0,4.0
ORD100946,2024-12-11,West,Store_19,Home & Living,179.36,2,10.0,573.95,516.55,368.44,148.11,Debit Card,Returning,34.0,,4.1,3.0
ORD103637,2023-12-31,West,Store_11,Sports,132.95,1,0.0,212.72,212.72,113.63,99.09,Bank Transfer,VIP,24.0,Female,2.9,4.0
ORD102455,2023-12-14,West,Store_01,Sports,29.44,4,0.0,188.42,188.42,104.77,83.65,Debit Card,New,35.0,Female,4.8,4.0
ORD101084,2023-05-27,East,Store_02,Electronics,1141.8,1,0.0,1141.8,1141.8,541.53,600.27,Debit Card,Returning,35.0,Female,5.0,0.0
ORD104469,2024-06-30,Central,Store_10,Sports,181.63,1,0.0,217.96,217.96,156.46,61.5,Cash,Returning,28.0,Male,3.5,
ORD105388,2023-12-29,North,Store_09,Home & Living,434.48,1,0.0,695.17,695.17,489.39,205.78,Credit Card,Returning,19.0,Male,4.0,4.0
ORD101191,2023-07-22,East,Store_12,Home & Living,347.63,1,25.0,417.16,312.87,191.98,120.89,Bank Transfer,New,62.0,Female,4.6,3.0
ORD100620,2023-11-13,East,Store_19,Home & Living,389.04,1,0.0,622.46,622.46,312.05,310.41,Credit Card,New,19.0,Female,4.5,3.0
ORD102098,2024-07-02,West,Store_05,Beauty,112.44,1,0.0,134.93,134.93,89.19,45.74,Cash,Returning,40.0,Male,3.7,2.0
ORD100750,2024-12-02,North,Store_01,Groceries,11.76,4,0.0,75.26,75.26,48.52,26.74,Cash,VIP,26.0,Male,3.5,0.0
ORD102993,2024-09-17,South,Store_13,Electronics,1095.84,1,0.0,1095.84,1095.84,740.38,355.46,Bank Transfer,Returning,33.0,Female,4.9,2.0
ORD104147,2024-09-16,West,Store_11,Beauty,39.54,1,0.0,39.54,39.54,28.58,10.96,Debit Card,Returning,51.0,Male,4.4,4.0
ORD102803,2023-02-16,South,Store_15,Beauty,10.79,1,5.0,10.79,10.25,4.85,5.4,Credit Card,VIP,44.0,Male,4.5,4.0
ORD101797,2023-05-16,East,Store_18,Electronics,1004.53,3,0.0,3013.59,3013.59,2131.12,882.47,Cash,New,44.0,Female,3.0,4.0
ORD101864,2024-09-01,East,Store_07,Electronics,410.49,2,25.0,820.98,615.73,325.83,289.9,Cash,New,47.0,Male,5.0,4.0
ORD103559,2023-12-08,West,Store_20,Electronics,210.37,1,5.0,336.59,319.76,233.14,86.62,Debit Card,Returning,37.0,Male,5.0,3.0
ORD101958,2024-04-27,Central,Store_02,Home & Living,143.35,1,0.0,143.35,143.35,107.22,36.13,Bank Transfer,VIP,25.0,,4.6,
ORD102295,2024-08-08,North,Store_09,Clothing,24.24,1,5.0,24.24,23.03,15.45,7.58,Debit Card,Returning,,Female,3.7,6.0
ORD105807,2024-12-28,East,Store_17,Beauty,134.11,1,0.0,214.58,214.58,144.21,70.37,Debit Card,New,50.0,,4.1,6.0
ORD101777,2023-04-29,West,Store_15,Home & Living,86.68,2,0.0,173.36,173.36,107.07,66.29,Bank Transfer,New,42.0,Female,3.5,2.0
ORD103870,2023-02-03,North,Store_17,Clothing,82.24,1,10.0,82.24,74.02,34.8,39.22,Mobile Wallet,Returning,27.0,Female,,0.0
ORD100577,2024-01-18,East,Store_16,Home & Living,422.62,1,0.0,422.62,422.62,225.81,196.81,Bank Transfer,VIP,34.0,Female,5.0,5.0
ORD101667,2024-05-09,South,Store_11,Clothing,95.53,1,10.0,95.53,85.98,41.83,44.15,Debit Card,VIP,37.0,Male,3.9,3.0
ORD101395,2024-03-07,Central,Store_17,Home & Living,378.81,3,0.0,1136.43,1136.43,530.51,605.92,Cash,VIP,37.0,Male,4.0,7.0
ORD103580,2024-10-05,East,Store_19,Electronics,218.67,1,0.0,218.67,218.67,120.74,97.93,Debit Card,New,36.0,Female,3.4,5.0
ORD102183,2024-04-15,East,Store_09,Groceries,56.41,2,0.0,112.82,112.82,70.91,41.91,Cash,Returning,16.0,Female,3.7,6.0
ORD102754,2024-12-24,South,Store_03,Beauty,121.64,5,0.0,973.12,973.12,474.94,498.18,Bank Transfer,Returning,40.0,Male,3.9,4.0
ORD101805,2023-02-02,West,Store_17,Clothing,50.04,1,0.0,50.04,50.04,36.13,13.91,Credit Card,Returning,16.0,Male,3.3,4.0
ORD102854,2024-06-12,South,Store_19,Home & Living,223.3,3,,803.88,803.88,463.5,340.38,Bank Transfer,New,48.0,Male,5.0,4.0
ORD105242,2024-10-25,North,Store_03,Groceries,19.89,1,5.0,19.89,18.9,13.74,5.16,Debit Card,Returning,32.0,Male,3.9,4.0
ORD100270,2023-08-04,West,Store_10,Groceries,53.33,1,0.0,53.33,53.33,35.27,18.06,Credit Card,New,43.0,Male,5.0,1.0
ORD100170,2023-03-19,South,Store_09,Beauty,44.83,1,0.0,44.83,44.83,28.28,16.55,Credit Card,VIP,47.0,Female,3.1,4.0
ORD102041,2024-10-13,South,Store_06,Sports,171.64,1,15.0,171.64,145.89,94.54,51.35,Credit Card,VIP,32.0,Female,4.7,6.0
ORD100344,2024-10-23,West,Store_04,Sports,131.05,2,0.0,262.1,262.1,159.98,102.12,Mobile Wallet,Returning,34.0,Male,4.0,5.0
ORD101233,2024-07-01,West,Store_08,Groceries,30.55,1,20.0,36.66,29.33,14.82,14.51,Mobile Wallet,VIP,41.0,Female,3.9,4.0
ORD101815,2023-03-22,Central,Store_13,Electronics,709.23,1,0.0,709.23,709.23,529.42,179.81,Cash,Returning,32.0,Female,4.4,6.0
ORD105879,2023-01-09,Central,Store_10,Beauty,117.01,1,5.0,117.01,111.16,65.95,45.21,Debit Card,Returning,17.0,Other,4.8,3.0
ORD105695,2023-02-16,Central,Store_06,Electronics,222.37,1,0.0,222.37,222.37,122.68,99.69,Credit Card,Returning,27.0,Male,3.4,3.0
ORD103654,2024-05-03,South,Store_18,Groceries,3.49,1,15.0,3.49,2.97,1.69,1.28,Cash,New,24.0,Male,3.3,3.0
ORD105477,2024-05-30,Central,Store_08,Home & Living,46.5,1,0.0,46.5,46.5,32.88,13.62,Cash,New,42.0,Male,3.7,4.0
ORD102722,2023-03-24,West,Store_20,Beauty,29.72,1,0.0,29.72,29.72,22.22,7.5,Credit Card,New,53.0,Female,3.8,5.0
ORD105211,2023-04-16,Central,Store_18,Groceries,9.63,1,0.0,9.63,9.63,4.7,4.93,Credit Card,Returning,24.0,Female,3.4,4.0
ORD104338,2024-06-24,West,Store_04,Home & Living,148.37,3,20.0,534.13,427.3,220.69,206.61,Bank Transfer,Returning,37.0,Male,3.5,3.0
ORD104575,2024-07-11,Central,Store_20,Home & Living,310.67,1,0.0,372.8,372.8,253.17,119.63,Credit Card,New,43.0,Other,3.6,2.0
ORD101496,2024-02-07,West,Store_03,Groceries,8.65,2,0.0,17.3,17.3,9.92,7.38,Debit Card,Returning,33.0,Male,3.4,6.0
ORD104067,2023-11-04,North,Store_11,Clothing,106.75,1,0.0,170.8,170.8,88.15,82.65,Bank Transfer,VIP,75.0,Female,4.2,2.0
ORD101275,2024-06-04,East,Store_06,Home & Living,196.22,1,0.0,235.46,235.46,149.97,85.49,Debit Card,Returning,42.0,Female,4.2,4.0
ORD101309,2024-09-14,East,Store_19,Beauty,109.28,1,5.0,109.28,103.82,71.63,32.19,Credit Card,Returning,41.0,Female,4.1,7.0
ORD101786,2023-05-25,Central,Store_04,Groceries,19.28,2,5.0,38.56,36.63,17.95,18.68,Debit Card,New,25.0,Male,2.7,4.0
ORD104039,2023-09-30,South,Store_18,Clothing,78.12,2,0.0,156.24,156.24,96.38,59.86,Mobile Wallet,New,31.0,Female,3.1,4.0
ORD104185,2024-02-22,Central,Store_14,Sports,176.03,1,0.0,176.03,176.03,99.77,76.26,Credit Card,Returning,29.0,Female,4.6,4.0
ORD102949,2024-01-15,North,Store_13,Clothing,56.5,2,0.0,113.0,113.0,54.91,58.09,Debit Card,Returning,51.0,Female,3.5,7.0
ORD105860,2024-01-11,East,Store_02,Clothing,135.15,1,20.0,135.15,108.12,54.38,53.74,Mobile Wallet,New,43.0,Female,5.0,6.0
ORD101890,2023-05-16,East,Store_15,Home & Living,488.58,2,0.0,977.16,977.16,514.65,462.51,Cash,New,32.0,Female,3.4,4.0
ORD100677,2023-03-03,East,Store_07,Groceries,56.52,1,0.0,56.52,56.52,31.43,25.09,Mobile Wallet,Returning,43.0,Male,4.7,2.0
ORD104523,2024-12-21,South,Store_15,Groceries,20.26,1,5.0,32.42,30.8,20.66,10.14,Mobile Wallet,Returning,27.0,Male,3.5,2.0
ORD102170,2023-01-16,North,Store_04,Sports,108.7,2,5.0,217.4,206.53,98.88,107.65,Bank Transfer,VIP,50.0,Male,4.6,3.0
ORD103566,2023-11-05,East,Store_01,Beauty,118.89,2,20.0,380.45,304.36,192.24,112.12,Mobile Wallet,New,28.0,Female,3.5,3.0
ORD102301,2023-04-16,North,Store_19,Sports,66.23,2,15.0,132.46,112.59,71.83,40.76,Debit Card,Returning,55.0,Female,4.4,2.0
ORD103553,2024-06-04,West,Store_17,Groceries,33.11,2,0.0,79.46,79.46,40.76,38.7,Cash,Returning,34.0,Female,5.0,4.0
ORD104369,2024-01-20,East,Store_08,Home & Living,436.62,1,5.0,436.62,414.79,211.18,203.61,Debit Card,VIP,33.0,Female,4.0,3.0
ORD102733,2023-06-06,South,Store_07,Electronics,148.89,4,0.0,714.67,714.67,493.62,221.05,Bank Transfer,VIP,26.0,Female,3.3,6.0
ORD103636,2024-01-30,Central,Store_08,Groceries,11.16,1,0.0,11.16,11.16,6.17,4.99,Bank Transfer,Returning,30.0,Male,5.0,5.0
ORD103557,2023-09-10,West,Store_11,Electronics,1145.91,2,0.0,2291.82,2291.82,1442.29,849.53,Credit Card,Returning,42.0,Female,1.5,2.0
ORD100295,2024-01-16,Central,Store_08,Home & Living,273.25,1,5.0,273.25,259.59,150.55,109.04,Bank Transfer,Returning,,Female,4.1,1.0
ORD101070,2024-05-07,North,Store_18,Clothing,173.93,2,5.0,347.86,330.47,186.44,144.03,Bank Transfer,New,26.0,Male,3.9,6.0
ORD100053,2023-12-07,Central,Store_16,Electronics,988.21,1,0.0,1581.14,1581.14,1070.06,511.08,Debit Card,New,21.0,Male,3.8,6.0
ORD105618,2024-10-21,South,Store_13,Sports,275.93,2,0.0,551.86,551.86,313.17,238.69,Bank Transfer,New,16.0,Male,3.7,3.0
ORD103400,2024-08-17,South,Store_14,Electronics,397.65,1,0.0,397.65,397.65,246.81,150.84,Bank Transfer,Returning,36.0,Male,3.1,7.0
ORD103560,2023-02-19,Central,Store_10,Home & Living,332.76,1,20.0,332.76,266.21,161.54,104.67,Debit Card,VIP,61.0,Female,3.7,5.0
ORD105421,2024-12-10,East,Store_08,Groceries,44.33,1,20.0,70.93,56.74,37.66,19.08,Credit Card,Returning,44.0,Female,3.1,4.0
ORD104200,2024-05-10,South,Store_01,Electronics,1144.87,1,5.0,1144.87,1087.63,627.63,460.0,Debit Card,Returning,31.0,Female,3.0,6.0
ORD103938,2024-06-11,South,Store_01,Electronics,248.49,2,0.0,596.38,596.38,279.01,317.37,Bank Transfer,Returning,35.0,Female,3.7,4.0
ORD103342,2023-03-14,North,Store_02,Sports,14.94,1,0.0,14.94,14.94,8.4,6.54,Bank Transfer,New,51.0,Other,3.3,2.0
ORD102006,2023-11-13,East,Store_08,Electronics,331.22,1,0.0,529.95,529.95,397.13,132.82,Credit Card,Returning,39.0,Male,2.4,5.0
ORD100301,2024-08-26,Central,Store_13,Groceries,38.44,1,0.0,38.44,38.44,17.59,20.85,Mobile Wallet,Returning,35.0,Female,3.4,3.0
ORD100365,2024-01-14,Central,Store_11,Groceries,7.6,1,0.0,7.6,7.6,4.06,3.54,Credit Card,Returning,16.0,Female,3.0,4.0
ORD103710,2023-09-20,South,Store_04,Home & Living,193.47,3,0.0,580.41,580.41,269.42,310.99,Credit Card,New,28.0,Male,3.3,1.0
ORD100102,2024-08-10,West,Store_20,Electronics,892.17,2,0.0,1784.34,1784.34,894.96,889.38,Bank Transfer,Returning,36.0,Female,5.0,4.0
ORD105397,2023-10-15,South,Store_10,Electronics,807.82,2,0.0,1615.64,1615.64,951.12,664.52,Credit Card,Returning,38.0,Female,4.5,4.0
ORD102792,2024-06-11,East,Store_17,Groceries,15.66,3,20.0,56.38,45.1,20.49,24.61,Cash,Returning,,Other,3.7,0.0
ORD105325,2023-10-15,East,Store_19,Electronics,847.39,4,10.0,3389.56,3050.6,1720.91,1329.69,Credit Card,New,48.0,Female,4.7,2.0
ORD102795,2024-10-30,East,Store_02,Home & Living,326.77,1,0.0,326.77,326.77,163.29,163.48,Cash,Returning,16.0,Female,3.9,2.0
ORD103223,2024-07-20,North,Store_05,Sports,134.56,4,5.0,645.89,613.6,385.73,227.87,Credit Card,Returning,44.0,Male,5.0,2.0
ORD102731,2024-01-17,East,Store_08,Home & Living,149.6,1,0.0,149.6,149.6,108.81,40.79,Cash,VIP,28.0,Female,3.0,5.0
ORD103787,2023-01-16,West,Store_17,Groceries,10.46,1,0.0,10.46,10.46,6.02,4.44,Credit Card,Returning,40.0,Female,5.0,4.0
ORD104223,2024-01-25,South,Store_13,Clothing,40.74,1,10.0,40.74,36.67,21.52,15.15,Debit Card,Returning,24.0,Female,5.0,4.0
ORD103730,2024-06-10,South,Store_19,Groceries,33.56,1,0.0,40.27,40.27,24.84,15.43,Cash,New,42.0,Male,3.4,0.0
ORD103005,2023-09-28,West,Store_19,Electronics,734.17,1,0.0,734.17,734.17,440.56,293.61,Credit Card,Returning,31.0,Female,4.5,1.0
ORD104161,2023-10-14,West,Store_06,Home & Living,82.72,1,0.0,82.72,82.72,37.87,44.85,Bank Transfer,Returning,,Other,3.2,2.0
ORD101487,2023-01-01,West,Store_14,Groceries,19.07,1,20.0,19.07,15.26,8.77,6.49,Credit Card,Returning,57.0,Female,4.0,8.0
ORD104186,2023-07-14,West,Store_02,Clothing,126.53,3,5.0,455.51,432.73,229.89,202.84,Debit Card,Returning,41.0,Male,3.1,1.0
ORD104949,2023-09-26,Central,Store_09,Clothing,139.17,1,0.0,139.17,139.17,86.14,53.03,Mobile Wallet,Returning,53.0,Female,4.1,6.0
ORD100374,2024-10-08,East,Store_07,Groceries,12.0,1,0.0,12.0,12.0,6.81,5.19,Bank Transfer,New,44.0,Male,4.6,6.0
ORD101213,2024-09-24,North,Store_12,Beauty,34.28,2,0.0,68.56,68.56,38.78,29.78,Credit Card,Returning,40.0,Male,5.0,7.0
ORD100544,2024-08-29,South,Store_04,Electronics,134.62,2,,269.24,269.24,139.29,129.95,Cash,Returning,55.0,Male,3.4,6.0
ORD101351,2023-10-14,West,Store_17,Clothing,79.82,4,0.0,319.28,319.28,231.11,88.17,Mobile Wallet,Returning,37.0,Male,2.9,8.0
ORD100291,2023-07-14,South,Store_09,Electronics,302.52,1,25.0,363.02,272.27,147.25,125.02,Bank Transfer,Returning,34.0,Male,4.0,2.0
ORD104423,2023-11-29,West,Store_02,Sports,212.7,1,0.0,340.32,340.32,232.72,107.6,Credit Card,Returning,18.0,Female,3.0,2.0
ORD100389,2023-04-22,West,Store_16,Home & Living,225.89,2,0.0,451.78,451.78,235.26,216.52,Mobile Wallet,Returning,32.0,Male,4.4,5.0
ORD102869,2023-05-31,North,Store_05,Groceries,52.51,1,5.0,52.51,49.88,34.56,15.32,Bank Transfer,Returning,39.0,Female,3.0,3.0
ORD105279,2023-05-25,Central,Store_09,Electronics,472.04,1,0.0,472.04,472.04,260.11,211.93,Cash,Returning,16.0,Male,3.0,3.0
ORD103679,2024-06-19,North,Store_18,Clothing,25.85,1,0.0,31.02,31.02,15.31,15.71,Mobile Wallet,Returning,37.0,Female,2.9,0.0
ORD101870,2023-02-01,North,Store_17,Electronics,1057.42,1,0.0,1057.42,1057.42,747.34,310.08,Mobile Wallet,VIP,50.0,Female,3.0,
ORD104527,2023-03-09,Central,Store_01,Groceries,15.47,2,0.0,30.94,30.94,17.3,13.64,Debit Card,Returning,36.0,Female,3.8,5.0
ORD100247,2023-10-31,East,Store_13,Clothing,167.2,1,5.0,167.2,158.84,88.93,69.91,Credit Card,Returning,45.0,Other,4.0,6.0
ORD103984,2024-09-18,South,Store_10,Electronics,57.67,1,15.0,57.67,49.02,31.1,17.92,Mobile Wallet,VIP,43.0,Female,5.0,5.0
ORD103231,2023-06-05,West,Store_11,Clothing,137.02,2,0.0,328.85,328.85,163.2,165.65,Credit Card,VIP,26.0,Female,3.0,1.0
ORD102164,2024-11-27,West,Store_18,Clothing,62.27,1,15.0,99.63,84.69,46.39,38.3,Debit Card,Returning,50.0,Female,5.0,1.0
ORD101645,2023-08-04,North,Store_15,Electronics,232.57,5,0.0,1162.85,1162.85,683.97,478.88,Cash,New,51.0,Male,5.0,1.0
ORD101296,2023-07-11,Central,Store_06,Clothing,119.62,1,0.0,143.54,143.54,93.25,50.29,Cash,Returning,24.0,Other,4.0,4.0
ORD105619,2023-05-01,North,Store_08,Electronics,732.17,1,0.0,732.17,732.17,430.94,301.23,Mobile Wallet,Returning,23.0,Female,,5.0
ORD103064,2024-05-31,South,Store_19,Clothing,185.22,1,0.0,185.22,185.22,93.92,91.3,Bank Transfer,New,43.0,Female,4.1,2.0
ORD105461,2023-01-02,North,Store_15,Electronics,723.13,1,0.0,723.13,723.13,455.92,267.21,Mobile Wallet,New,38.0,Male,3.2,5.0
ORD100410,2023-05-08,North,Store_08,Groceries,42.08,2,0.0,84.16,84.16,58.43,25.73,Mobile Wallet,New,36.0,Female,3.0,9.0
ORD102005,2023-04-05,South,Store_02,Home & Living,355.17,2,0.0,710.34,710.34,322.79,387.55,Credit Card,New,30.0,Male,2.6,1.0
ORD105197,2024-11-19,Central,Store_08,Clothing,88.83,1,5.0,142.13,135.02,100.34,34.68,Bank Transfer,Returning,16.0,Male,5.0,2.0
ORD101894,2023-04-08,South,Store_04,Electronics,753.27,2,10.0,1506.54,1355.89,789.88,566.01,Debit Card,Returning,32.0,Male,5.0,5.0
ORD101184,2023-11-03,Central,Store_13,Groceries,24.81,1,,39.7,39.7,28.33,11.37,Bank Transfer,Returning,42.0,Male,2.7,5.0
ORD104929,2023-06-11,Central,Store_04,Sports,183.38,3,0.0,660.17,660.17,422.42,237.75,Bank Transfer,New,39.0,Female,5.0,10.0
ORD103004,2024-05-29,East,Store_06,Electronics,1115.19,2,0.0,2230.38,2230.38,1501.43,728.95,Mobile Wallet,New,16.0,Male,4.7,5.0
ORD101898,2024-06-29,Central,Store_03,Home & Living,77.65,1,5.0,93.18,88.52,42.56,45.96,Debit Card,Returning,37.0,Female,3.2,2.0
ORD100832,2023-11-27,North,Store_01,Clothing,86.24,1,0.0,137.98,137.98,101.06,36.92,Mobile Wallet,VIP,56.0,Male,3.0,5.0
ORD102227,2024-11-12,West,Store_10,Home & Living,219.7,1,0.0,351.52,351.52,239.17,112.35,Credit Card,New,44.0,Female,4.3,3.0
ORD101803,2023-07-09,West,Store_18,Clothing,73.58,1,10.0,88.3,79.47,44.07,35.4,Mobile Wallet,VIP,43.0,Female,3.6,3.0
ORD100690,2024-12-28,Central,Store_02,Electronics,425.14,1,5.0,680.22,646.21,390.94,255.27,Credit Card,Returning,56.0,Male,3.4,2.0
ORD104954,2023-10-02,South,Store_04,Groceries,3.15,1,0.0,3.15,3.15,1.56,1.59,Bank Transfer,VIP,47.0,Male,4.1,2.0
ORD102518,2023-04-15,East,Store_11,Groceries,46.23,1,5.0,46.23,43.92,31.44,12.48,Debit Card,Returning,44.0,Male,3.4,2.0
ORD102752,2024-03-01,Central,,Groceries,18.37,1,10.0,18.37,16.53,10.06,6.47,Cash,Returning,16.0,Male,4.1,5.0
ORD104375,2024-03-02,North,Store_15,Beauty,11.01,1,5.0,11.01,10.46,7.28,3.18,Cash,Returning,47.0,Female,3.5,6.0
ORD101512,2024-06-27,South,Store_07,Groceries,21.22,4,10.0,101.86,91.67,49.97,41.7,Cash,VIP,36.0,Female,3.3,6.0
ORD105292,2023-09-05,East,Store_06,Sports,37.24,1,5.0,37.24,35.38,23.24,12.14,Bank Transfer,Returning,31.0,Female,3.3,5.0
ORD105080,2023-08-19,East,Store_02,Sports,227.34,1,0.0,227.34,227.34,107.14,120.2,Cash,New,30.0,Male,4.9,5.0
ORD104036,2024-05-15,North,Store_08,Sports,59.36,1,10.0,59.36,53.42,39.98,13.44,Credit Card,Returning,26.0,Female,3.9,5.0
ORD101075,2023-04-30,North,Store_08,Groceries,10.93,2,0.0,21.86,21.86,10.26,11.6,Cash,Returning,54.0,Female,3.2,2.0
ORD105849,2023-02-13,South,Store_20,Electronics,568.55,1,0.0,568.55,568.55,376.88,191.67,Debit Card,Returning,41.0,Male,2.5,2.0
ORD103490,2023-03-20,East,Store_17,Sports,144.22,2,15.0,288.44,245.17,174.82,70.35,Mobile Wallet,Returning,31.0,Female,4.7,4.0
ORD104048,2023-09-03,South,Store_13,Home & Living,236.87,1,5.0,236.87,225.03,153.74,71.29,Bank Transfer,VIP,45.0,Female,4.3,5.0
ORD102357,2023-06-10,West,Store_09,ELECTRONICS,698.84,1,0.0,838.61,838.61,583.02,255.59,Credit Card,VIP,,Male,3.1,4.0
ORD102439,2023-02-18,West,Store_11,Clothing,153.86,1,0.0,153.86,153.86,102.97,50.89,Debit Card,Returning,36.0,Female,4.1,6.0
ORD102111,2024-05-07,West,Store_07,Beauty,79.07,1,0.0,79.07,79.07,54.43,24.64,Credit Card,Returning,22.0,Male,3.3,2.0
ORD100769,2023-10-02,South,Store_20,Clothing,134.53,2,25.0,269.06,201.79,93.24,108.55,Bank Transfer,Returning,23.0,Female,3.9,4.0
ORD104632,2023-07-20,South,Store_13,Electronics,211.04,1,15.0,253.25,215.26,143.75,71.51,Mobile Wallet,New,36.0,Female,5.0,2.0
ORD104554,2024-06-01,South,Store_01,Sports,149.84,2,5.0,359.62,341.64,181.02,160.62,Debit Card,Returning,54.0,Female,3.6,2.0
ORD102867,2023-04-25,South,Store_19,Electronics,309.81,1,0.0,309.81,309.81,151.21,158.6,Bank Transfer,Returning,32.0,Female,3.4,3.0
ORD105674,2023-12-27,West,Store_05,Sports,229.1,1,0.0,366.56,366.56,181.51,185.05,Debit Card,VIP,41.0,Other,2.6,4.0
ORD102966,2023-06-25,West,Store_08,Beauty,43.49,4,0.0,208.75,208.75,147.32,61.43,Bank Transfer,VIP,56.0,Female,3.6,2.0
ORD102602,2024-07-23,West,Store_07,Home & Living,127.88,1,0.0,153.46,153.46,98.99,54.47,Debit Card,Returning,36.0,Male,3.4,9.0
ORD101946,2023-04-25,South,Store_18,Clothing,180.53,2,0.0,361.06,361.06,229.3,131.76,Debit Card,VIP,,Male,3.9,0.0
ORD100554,2024-12-19,Central,Store_14,Groceries,5.76,1,25.0,9.22,6.91,3.69,3.22,Mobile Wallet,Returning,30.0,Female,4.0,4.0
ORD105839,2024-06-01,South,Store_06,Groceries,48.5,1,0.0,58.2,58.2,36.55,21.65,Debit Card,VIP,40.0,Female,3.8,3.0
ORD100752,2023-03-04,North,Store_03,Clothing,105.05,1,0.0,105.05,105.05,59.63,45.42,Bank Transfer,Returning,74.0,Male,4.2,3.0
ORD103115,2023-12-30,East,Store_11,Sports,220.56,1,0.0,352.9,352.9,166.19,186.71,Mobile Wallet,Returning,63.0,Female,4.6,2.0
ORD101361,2023-02-19,West,Store_17,Electronics,691.21,1,0.0,691.21,691.21,507.61,183.6,Credit Card,Returning,20.0,Female,3.3,5.0
ORD103693,2023-08-27,Central,Store_04,Home & Living,330.14,1,5.0,330.14,313.63,143.25,170.38,Cash,Returning,37.0,Other,3.4,5.0
ORD102682,2023-10-12,North,Store_05,Electronics,524.1,1,10.0,524.1,471.69,347.01,124.68,Cash,New,19.0,Male,2.9,2.0
ORD101041,2024-09-17,North,Store_04,Groceries,45.61,1,0.0,45.61,45.61,34.09,11.52,Debit Card,Returning,28.0,Male,3.0,6.0
ORD103284,2023-10-30,North,Store_17,Electronics,245.3,2,10.0,490.6,441.54,263.78,177.76,Credit Card,VIP,30.0,Female,2.8,4.0
ORD104841,2023-04-01,North,Store_06,Electronics,640.0,1,0.0,640.0,640.0,343.07,296.93,Cash,New,19.0,Female,5.0,1.0
ORD105690,2023-09-28,North,Store_17,Home & Living,41.36,1,,41.36,41.36,27.16,14.2,Credit Card,New,67.0,Male,3.2,5.0
ORD100363,2024-10-14,South,Store_15,Groceries,44.82,2,15.0,89.64,76.19,43.2,32.99,Cash,Returning,26.0,Male,4.6,3.0
ORD104643,2023-02-18,East,Store_14,Groceries,12.9,2,5.0,25.8,24.51,15.3,9.21,Credit Card,VIP,42.0,Female,2.4,5.0
ORD102764,2023-05-30,East,Store_13,Sports,176.72,1,10.0,176.72,159.05,107.34,51.71,Bank Transfer,Returning,75.0,Male,3.9,6.0
ORD101135,2023-02-12,North,Store_18,Groceries,39.33,1,0.0,39.33,39.33,23.5,15.83,Cash,New,24.0,Female,4.2,7.0
ORD103212,2023-09-07,West,Store_08,Electronics,566.28,1,10.0,566.28,509.65,237.82,271.83,Mobile Wallet,Returning,40.0,Male,5.0,5.0
ORD104671,2024-05-18,Central,,Groceries,35.57,1,0.0,35.57,35.57,18.09,17.48,Mobile Wallet,Returning,22.0,Male,4.2,2.0
ORD103411,2024-12-21,Central,Store_12,Groceries,37.4,1,5.0,59.84,56.85,39.21,17.64,Cash,Returning,37.0,Male,4.0,3.0
ORD102427,2023-10-09,North,Store_05,Home & Living,368.57,2,,737.14,737.14,451.24,285.9,Bank Transfer,Returning,53.0,Male,4.4,7.0
ORD101679,2024-01-11,South,Store_07,Electronics,100.15,1,0.0,100.15,100.15,47.25,52.9,Credit Card,Returning,21.0,Male,3.5,4.0
ORD100550,2024-08-09,South,Store_13,Beauty,28.64,2,15.0,57.28,48.69,33.88,14.81,Debit Card,Returning,47.0,Male,3.3,2.0
ORD103589,2024-10-26,East,Store_06,Groceries,48.45,3,5.0,145.35,138.08,88.24,49.84,Bank Transfer,Returning,21.0,Male,5.0,5.0
ORD102356,2023-10-28,Central,Store_14,Home & Living,325.15,1,5.0,325.15,308.89,230.43,78.46,Credit Card,Returning,58.0,Male,3.8,5.0
ORD102797,2024-02-19,North,Store_07,Electronics,986.26,1,5.0,986.26,936.95,552.52,384.43,Credit Card,VIP,48.0,Female,4.4,1.0
ORD104087,2024-11-09,East,Store_09,Groceries,50.21,2,0.0,160.67,160.67,88.34,72.33,Debit Card,Returning,29.0,Female,4.0,1.0
ORD101622,2024-11-05,East,Store_12,Sports,171.33,1,10.0,274.13,246.72,157.4,89.32,Debit Card,VIP,,Female,4.0,3.0
ORD102520,2023-11-20,South,Store_18,Electronics,960.48,1,0.0,1536.77,1536.77,721.03,815.74,Cash,VIP,27.0,Male,4.3,0.0
ORD104828,2024-11-01,East,Store_10,Clothing,79.0,2,0.0,252.8,252.8,128.22,124.58,Bank Transfer,New,65.0,Female,5.0,2.0
ORD104849,2024-10-19,West,Store_07,Clothing,117.24,3,0.0,351.72,351.72,219.51,132.21,Bank Transfer,VIP,33.0,Female,4.1,7.0
ORD103813,2023-11-20,South,Store_18,Home & Living,300.85,1,0.0,481.36,481.36,302.82,178.54,Bank Transfer,Returning,38.0,Male,4.0,2.0
ORD104712,2024-10-09,North,Store_04,Electronics,330.06,1,15.0,330.06,280.55,192.0,88.55,Cash,Returning,20.0,Male,4.8,4.0
ORD103014,2023-12-24,South,Store_12,Clothing,107.03,1,0.0,171.25,171.25,122.18,49.07,Cash,New,36.0,Male,2.8,7.0
ORD104853,2023-02-20,East,Store_10,Groceries,14.15,1,10.0,14.15,12.73,7.99,4.74,Cash,Returning,43.0,Male,4.9,2.0
ORD103120,2024-03-31,South,Store_09,Electronics,841.01,1,0.0,841.01,841.01,452.67,388.34,Bank Transfer,Returning,36.0,Female,4.1,5.0
ORD100842,2024-10-25,South,Store_13,Groceries,15.61,4,0.0,62.44,62.44,45.5,16.94,Credit Card,New,26.0,Male,,
ORD102495,2023-05-30,West,Store_10,Sports,107.27,1,0.0,107.27,107.27,58.63,48.64,Credit Card,Returning,38.0,Female,4.9,0.0
ORD102068,2023-08-30,East,Store_14,Electronics,861.39,2,0.0,1722.78,1722.78,1133.05,589.73,Mobile Wallet,VIP,36.0,Female,3.3,5.0
ORD104842,2023-03-13,West,Store_08,Electronics,625.16,1,10.0,625.16,562.64,262.66,299.98,Debit Card,Returning,16.0,Male,3.3,6.0
ORD100879,2024-04-04,North,Store_10,Clothing,146.19,1,15.0,146.19,124.26,72.95,51.31,Mobile Wallet,New,,Male,4.8,5.0
ORD105076,2023-08-29,West,Store_07,Groceries,21.69,1,,21.69,21.69,15.81,5.88,Credit Card,New,55.0,Male,3.5,3.0
ORD105229,2023-07-17,South,Store_09,Home & Living,391.8,1,25.0,470.16,352.62,187.57,165.05,Debit Card,Returning,16.0,Male,3.4,2.0
ORD105442,2024-11-04,Central,Store_17,Clothing,120.06,1,0.0,192.1,192.1,114.52,77.58,Mobile Wallet,Returning,,Male,5.0,2.0
ORD104184,2023-02-10,South,Store_01,Home & Living,348.57,1,10.0,348.57,313.71,160.8,152.91,Credit Card,Returning,16.0,Female,4.8,1.0
ORD100863,2024-07-17,North,Store_06,Home & Living,417.03,1,0.0,500.44,500.44,270.45,229.99,Debit Card,VIP,43.0,Male,,3.0
ORD100758,2023-04-04,East,Store_04,Clothing,42.63,2,0.0,85.26,85.26,40.44,44.82,Cash,VIP,,Male,5.0,4.0
ORD103121,2024-12-30,South,Store_01,Home & Living,153.9,1,15.0,246.24,209.3,108.71,100.59,Cash,VIP,27.0,Male,3.2,3.0
ORD104378,2023-05-02,East,Store_20,Sports,28.36,1,15.0,28.36,24.11,11.09,13.02,Bank Transfer,New,35.0,Male,5.0,3.0
ORD102402,2024-06-28,East,Store_07,Groceries,20.65,3,5.0,74.34,70.62,35.7,34.92,Cash,New,,Male,2.9,3.0
ORD105814,2024-03-08,South,Store_05,Home & Living,173.78,4,0.0,695.12,695.12,490.2,204.92,Mobile Wallet,Returning,60.0,Male,3.3,7.0
ORD102059,2023-10-22,East,Store_11,Groceries,24.25,3,20.0,72.75,58.2,32.94,25.26,Cash,Returning,47.0,Male,5.0,3.0
ORD104374,2023-08-10,South,Store_14,Groceries,41.66,1,25.0,41.66,31.25,14.48,16.77,Credit Card,New,36.0,Male,3.6,2.0
ORD104051,2023-10-15,Central,Store_01,Electronics,381.89,3,0.0,1145.67,1145.67,671.52,474.15,Cash,New,50.0,Male,5.0,2.0
ORD103616,2023-02-07,East,Store_17,Electronics,450.72,2,5.0,901.44,856.37,507.98,348.39,Credit Card,New,25.0,Female,3.6,0.0
ORD102577,2023-11-26,North,Store_14,Clothing,183.95,1,0.0,294.32,294.32,133.45,160.87,Debit Card,New,35.0,Female,4.3,0.0
ORD101911,2024-10-10,North,Store_06,Groceries,16.35,3,0.0,49.05,49.05,23.98,25.07,Bank Transfer,VIP,54.0,Male,3.0,3.0
ORD102645,2023-01-04,East,Store_16,Electronics,822.1,1,10.0,822.1,739.89,551.35,188.54,Credit Card,Returning,40.0,Female,5.0,2.0
ORD103966,2024-07-27,West,Store_08,Groceries,21.66,1,5.0,25.99,24.69,17.22,7.47,Mobile Wallet,Returning,25.0,Male,4.9,5.0
ORD104945,2024-06-12,West,Store_10,Clothing,94.61,2,0.0,227.06,227.06,156.87,70.19,Mobile Wallet,VIP,38.0,Male,5.0,4.0
ORD101073,2024-01-19,North,Store_02,Home & Living,290.43,1,25.0,290.43,217.82,120.78,97.04,Mobile Wallet,New,47.0,Female,3.7,6.0
ORD101753,2023-10-16,North,Store_07,Clothing,63.83,2,0.0,127.66,127.66,61.37,66.29,Mobile Wallet,New,19.0,Male,3.8,2.0
ORD101159,2023-09-06,North,Store_19,Home & Living,112.54,1,0.0,112.54,112.54,54.9,57.64,Mobile Wallet,Returning,41.0,Female,5.0,3.0
ORD100058,2024-06-26,West,Store_15,Groceries,35.3,2,0.0,84.72,84.72,42.02,42.7,Bank Transfer,Returning,34.0,Other,,2.0
ORD101326,2024-05-10,North,Store_12,Beauty,72.36,2,0.0,144.72,144.72,101.34,43.38,Bank Transfer,Returning,36.0,Female,4.6,1.0
ORD105136,2023-12-01,North,Store_16,Electronics,1053.22,1,0.0,1685.15,1685.15,1105.27,579.88,Credit Card,New,43.0,Female,4.1,4.0
ORD102294,2024-06-05,South,Store_06,Clothing,29.69,1,0.0,35.63,35.63,25.86,9.77,Credit Card,New,33.0,Female,3.4,2.0
ORD105822,2024-09-28,South,Store_06,Groceries,53.8,1,0.0,53.8,53.8,30.67,23.13,Mobile Wallet,VIP,40.0,Male,3.8,5.0
ORD105519,2024-01-19,East,Store_11,Clothing,104.78,1,0.0,104.78,104.78,63.41,41.37,Cash,Returning,33.0,Male,3.5,5.0
ORD101238,2023-08-06,South,Store_10,Clothing,186.47,1,15.0,186.47,158.5,91.82,66.68,Credit Card,VIP,36.0,Female,4.4,5.0
ORD104797,2023-04-01,East,Store_09,Home & Living,356.47,1,0.0,356.47,356.47,231.39,125.08,Mobile Wallet,New,31.0,Female,3.4,0.0
ORD104144,2023-04-05,South,Store_20,Beauty,48.8,1,10.0,48.8,43.92,22.7,21.22,Mobile Wallet,VIP,38.0,Female,3.3,5.0
ORD102398,2023-07-03,West,Store_12,Electronics,1185.4,1,0.0,1422.48,1422.48,822.12,600.36,Cash,Returning,41.0,Female,,4.0
ORD103503,2023-05-28,Central,Store_09,Groceries,27.56,2,0.0,55.12,55.12,27.85,27.27,Credit Card,VIP,36.0,Male,,4.0
ORD102693,2023-11-07,South,Store_06,Electronics,1129.08,2,0.0,3613.06,3613.06,1843.09,1769.97,Mobile Wallet,VIP,34.0,Male,4.8,4.0
ORD104563,2023-05-18,West,Store_09,Groceries,57.54,1,0.0,57.54,57.54,35.55,21.99,Cash,New,48.0,Female,3.6,7.0
ORD103133,2023-03-01,South,Store_06,Groceries,40.28,1,0.0,40.28,40.28,25.35,14.93,Mobile Wallet,New,36.0,Other,3.8,4.0
ORD103682,2023-06-07,South,Store_02,Groceries,17.63,3,0.0,63.47,63.47,32.15,31.32,Bank Transfer,Returning,35.0,Male,4.5,5.0
ORD102529,2024-02-26,North,Store_18,Groceries,14.46,1,0.0,14.46,14.46,10.6,3.86,Mobile Wallet,Returning,32.0,Female,4.7,2.0
ORD105294,2024-11-04,South,Store_02,Clothing,195.29,2,0.0,624.93,624.93,326.52,298.41,Cash,VIP,28.0,Other,2.9,1.0
ORD101477,2023-10-15,West,Store_03,Home & Living,308.6,1,0.0,308.6,308.6,173.85,134.75,Cash,New,33.0,Male,4.4,4.0
ORD101513,2023-08-30,East,Store_10,Clothing,192.8,1,10.0,192.8,173.52,84.7,88.82,Bank Transfer,Returning,31.0,Male,4.5,3.0
ORD102196,2023-08-01,South,Store_18,Sports,165.73,2,15.0,331.46,281.74,153.86,127.88,Bank Transfer,Returning,32.0,Female,3.6,0.0
ORD105346,2023-12-30,East,Store_03,Beauty,85.2,1,10.0,136.32,122.69,83.57,39.12,Credit Card,Returning,16.0,Male,3.8,4.0
ORD103285,2023-12-08,South,Store_04,Sports,221.48,2,0.0,708.74,708.74,342.22,366.52,Mobile Wallet,Returning,30.0,Male,5.0,2.0
ORD100355,2024-12-25,East,Store_17,Home & Living,53.43,3,5.0,256.46,243.64,142.99,100.65,Cash,New,42.0,Female,3.9,5.0
ORD103068,2023-04-19,North,Store_10,Clothing,177.57,2,0.0,355.14,355.14,194.07,161.07,Debit Card,Returning,,Male,4.2,2.0
ORD103932,2024-05-28,South,Store_11,Groceries,52.27,3,0.0,156.81,156.81,82.84,73.97,Bank Transfer,New,39.0,Female,2.3,4.0
ORD101068,2023-09-01,South,Store_09,Electronics,416.39,2,20.0,832.78,666.22,464.1,202.12,Cash,VIP,38.0,Female,3.4,2.0
ORD103413,2023-03-10,Central,Store_14,Groceries,6.92,1,10.0,6.92,6.23,2.98,3.25,Debit Card,New,25.0,Female,3.3,5.0
ORD102195,2024-08-18,Central,Store_17,Groceries,40.24,1,0.0,40.24,40.24,23.94,16.3,Cash,New,31.0,Male,5.0,2.0
ORD104904,2023-05-19,West,Store_18,Home & Living,373.61,1,5.0,373.61,354.93,182.82,172.11,Credit Card,New,31.0,Male,5.0,3.0
ORD100076,2023-08-30,East,Store_05,Clothing,135.49,1,,135.49,135.49,96.21,39.28,Cash,VIP,65.0,Male,3.8,2.0
ORD100516,2024-10-05,West,Store_05,Clothing,15.5,1,0.0,15.5,15.5,9.74,5.76,Debit Card,New,53.0,Female,4.7,7.0
ORD104809,2024-08-11,North,Store_18,Clothing,133.89,2,0.0,267.78,267.78,130.34,137.44,Bank Transfer,Returning,38.0,Female,4.8,3.0
ORD103289,2023-05-16,West,Store_04,Electronics,537.27,1,10.0,537.27,483.54,329.28,154.26,Debit Card,VIP,50.0,Male,3.7,5.0
ORD101799,2024-01-17,North,Store_13,Clothing,68.07,1,5.0,68.07,64.67,29.27,35.4,Bank Transfer,Returning,36.0,Male,4.2,
ORD105997,2024-12-15,North,Store_15,Clothing,108.56,2,0.0,347.39,347.39,191.54,155.85,Bank Transfer,New,40.0,Female,4.3,2.0
ORD101126,2024-09-15,South,Store_06,Home & Living,175.69,1,0.0,175.69,175.69,84.99,90.7,Credit Card,VIP,38.0,Male,2.2,5.0
ORD104987,2024-11-05,North,Store_12,Beauty,146.83,1,0.0,234.93,234.93,168.1,66.83,Mobile Wallet,VIP,58.0,Female,4.9,3.0
ORD102500,2024-05-25,Central,Store_15,Electronics,1142.91,1,0.0,1142.91,1142.91,711.22,431.69,Mobile Wallet,Returning,52.0,Female,5.0,1.0
ORD104037,2024-03-24,West,Store_08,Groceries,44.83,1,0.0,44.83,44.83,24.06,20.77,Bank Transfer,New,23.0,Male,1.3,7.0
ORD105169,2023-01-03,North,Store_09,Clothing,88.34,1,0.0,88.34,88.34,58.53,29.81,Mobile Wallet,New,31.0,Male,4.0,0.0
ORD105841,2024-12-30,East,Store_07,Beauty,86.63,1,0.0,138.61,138.61,76.09,62.52,Debit Card,VIP,40.0,Male,3.6,3.0
ORD105863,2023-06-01,West,Store_10,Groceries,59.2,1,10.0,71.04,63.94,34.6,29.34,Bank Transfer,New,32.0,Male,4.2,2.0
ORD100192,2024-03-19,Central,Store_16,Groceries,7.02,1,15.0,7.02,5.97,2.76,3.21,Cash,New,35.0,Female,4.2,3.0
ORD104511,2024-01-17,South,Store_12,Beauty,28.8,4,0.0,115.2,115.2,79.71,35.49,Cash,Returning,21.0,Male,3.9,3.0
ORD103464,2023-09-20,West,Store_15,Sports,223.67,1,20.0,223.67,178.94,117.1,61.84,Debit Card,New,24.0,Female,3.6,4.0
ORD101038,2023-11-15,West,Store_16,Clothing,16.64,1,20.0,26.62,21.3,11.94,9.36,Debit Card,Returning,38.0,Male,3.5,2.0
ORD102178,2024-04-02,West,Store_09,Clothing,38.42,1,20.0,38.42,30.74,19.67,11.07,Credit Card,Returning,40.0,Male,3.0,4.0
ORD101959,2023-05-17,North,Store_04,Groceries,17.73,1,5.0,17.73,16.84,9.31,7.53,Debit Card,Returning,30.0,Female,3.1,3.0
ORD102995,2024-04-05,West,Store_06,Sports,56.9,1,5.0,56.9,54.05,34.33,19.72,Bank Transfer,VIP,43.0,Female,3.9,5.0
ORD104058,2023-05-30,South,Store_03,Sports,284.46,1,15.0,284.46,241.79,139.34,102.45,Mobile Wallet,Returning,16.0,Female,3.6,5.0
ORD105486,2023-06-05,East,Store_09,Home & Living,474.25,1,10.0,569.1,512.19,324.83,187.36,Debit Card,VIP,41.0,Male,3.7,3.0
ORD102681,2023-03-15,East,Store_11,HOME & LIVING,200.11,5,0.0,1000.55,1000.55,599.24,401.31,Bank Transfer,Returning,27.0,Male,4.5,5.0
ORD104971,2023-10-07,West,Store_05,Clothing,198.81,1,0.0,198.81,198.81,117.72,81.09,Bank Transfer,Returning,63.0,Female,3.5,3.0
ORD102505,2023-03-26,South,Store_10,Clothing,185.78,1,20.0,185.78,148.62,91.43,57.19,Bank Transfer,Returning,33.0,Male,5.0,6.0
ORD101303,2024-10-15,Central,Store_08,Sports,137.67,3,0.0,413.01,413.01,228.81,184.2,Bank Transfer,New,16.0,Male,2.9,1.0
ORD100626,2023-09-04,South,Store_15,Clothing,107.76,1,0.0,107.76,107.76,74.94,32.82,Credit Card,Returning,45.0,Male,3.8,5.0
ORD101173,2023-05-10,South,Store_17,Home & Living,71.6,1,5.0,71.6,68.02,33.66,34.36,Debit Card,Returning,21.0,Female,5.0,
ORD101432,2023-05-05,North,Store_15,Clothing,191.39,2,0.0,382.78,382.78,196.31,186.47,Debit Card,Returning,52.0,Male,3.7,0.0
ORD101099,2023-11-13,West,Store_08,Clothing,61.88,1,0.0,99.01,99.01,72.37,26.64,Debit Card,Returning,27.0,Female,5.0,0.0
ORD105458,2024-01-13,West,Store_18,Electronics,488.21,1,25.0,488.21,366.16,272.61,93.55,Credit Card,New,60.0,Female,5.0,7.0
ORD101908,2023-01-27,East,Store_06,Electronics,979.24,1,0.0,979.24,979.24,529.55,449.69,Credit Card,Returning,27.0,Male,2.3,5.0
ORD105234,2023-10-02,Central,Store_17,Clothing,40.03,1,0.0,40.03,40.03,21.02,19.01,Cash,New,25.0,Male,4.4,0.0
ORD105320,2023-08-18,South,Store_12,Home & Living,499.26,1,0.0,499.26,499.26,325.33,173.93,Debit Card,Returning,33.0,Female,4.9,2.0
ORD105212,2023-12-04,Central,Store_06,Home & Living,172.91,1,0.0,276.66,276.66,156.89,119.77,Cash,VIP,39.0,Female,3.8,7.0
ORD105188,2024-08-20,South,Store_04,Home & Living,481.6,1,0.0,481.6,481.6,314.1,167.5,Bank Transfer,Returning,35.0,Female,4.1,2.0
ORD103862,2023-06-30,North,Store_07,Groceries,48.13,2,5.0,115.51,109.73,52.97,56.76,Mobile Wallet,Returning,39.0,Female,3.2,1.0
ORD101405,2023-04-24,West,Store_15,Home & Living,171.81,2,0.0,343.62,343.62,172.95,170.67,Cash,Returning,41.0,Female,3.3,3.0
ORD101910,2023-02-24,South,Store_15,Beauty,101.62,1,0.0,101.62,101.62,71.13,30.49,Credit Card,New,27.0,Female,4.6,7.0
ORD102198,2024-02-21,North,Store_03,Home & Living,496.22,2,5.0,992.44,942.82,594.41,348.41,Credit Card,Returning,54.0,Female,4.0,6.0
ORD105357,2024-06-28,Central,Store_18,Clothing,184.84,1,5.0,221.81,210.72,102.06,108.66,Credit Card,Returning,29.0,Female,2.6,4.0
ORD100835,2024-07-21,North,Store_19,Home & Living,204.21,1,0.0,245.05,245.05,123.13,121.92,Cash,Returning,44.0,Male,3.9,4.0
ORD105924,2024-10-27,South,Store_11,Electronics,593.69,1,15.0,593.69,504.64,364.33,140.31,Mobile Wallet,Returning,32.0,Female,3.8,0.0
ORD102813,2024-12-04,West,Store_08,Electronics,494.74,1,0.0,791.58,791.58,519.94,271.64,Cash,Returning,28.0,Male,3.6,2.0
ORD100309,2023-03-21,East,Store_16,Groceries,36.72,1,0.0,36.72,36.72,16.62,20.1,Cash,Returning,45.0,Male,2.4,0.0
ORD101412,2023-07-02,North,Store_16,Beauty,11.43,1,0.0,13.72,13.72,8.03,5.69,Debit Card,VIP,46.0,Male,3.3,4.0
ORD100775,2024-11-25,North,Store_05,Sports,71.87,1,0.0,114.99,114.99,82.77,32.22,Credit Card,New,21.0,Female,3.6,3.0
ORD100484,2023-12-04,Central,Store_09,Clothing,45.0,3,20.0,216.0,172.8,90.89,81.91,Cash,New,21.0,Female,2.9,4.0
ORD105565,2024-04-10,Central,Store_10,Beauty,13.43,2,0.0,26.86,26.86,13.34,13.52,Credit Card,VIP,50.0,Male,4.2,4.0
ORD100367,2023-08-19,South,Store_03,Home & Living,89.72,1,5.0,89.72,85.23,54.78,30.45,Mobile Wallet,VIP,46.0,Female,5.0,4.0
ORD100570,2024-11-23,South,Store_07,Electronics,1082.31,1,10.0,1731.7,1558.53,1007.83,550.7,Debit Card,Returning,27.0,Female,4.9,5.0
ORD104227,2024-03-23,East,Store_18,Clothing,109.49,3,0.0,328.47,328.47,173.79,154.68,Credit Card,Returning,55.0,Male,4.2,1.0
ORD100649,2024-09-11,Central,Store_05,Home & Living,41.54,2,0.0,83.08,83.08,48.67,34.41,Debit Card,Returning,45.0,Female,5.0,1.0
ORD100040,2023-05-01,East,Store_08,Clothing,143.0,2,5.0,286.0,271.7,183.08,88.62,Credit Card,VIP,44.0,Female,4.0,0.0
ORD103515,2024-12-10,South,Store_07,Sports,117.06,1,5.0,187.3,177.93,91.77,86.16,Bank Transfer,VIP,23.0,Female,3.7,2.0
ORD100441,2023-08-08,West,Store_05,Beauty,20.88,1,5.0,20.88,19.84,9.9,9.94,Cash,Returning,51.0,Male,4.4,5.0
ORD101593,2023-01-14,West,Store_16,Groceries,7.54,1,20.0,7.54,6.03,3.97,2.06,Mobile Wallet,VIP,54.0,Female,,4.0
ORD102263,2024-01-13,West,Store_04,Groceries,43.12,1,0.0,43.12,43.12,29.53,13.59,Cash,VIP,48.0,Female,5.0,3.0
ORD100896,2024-01-07,South,Store_03,Electronics,315.97,1,0.0,315.97,315.97,221.82,94.15,Cash,Returning,47.0,Male,3.5,3.0
ORD101071,2023-06-02,South,Store_05,Beauty,88.67,2,0.0,212.81,212.81,121.6,91.21,Debit Card,New,41.0,Male,4.0,1.0
ORD101541,2023-06-26,Central,Store_17,Groceries,47.04,1,0.0,56.45,56.45,41.23,15.22,Cash,New,46.0,Male,4.4,5.0
ORD101404,2023-05-10,Central,Store_05,Groceries,39.53,2,0.0,79.06,79.06,51.91,27.15,Mobile Wallet,New,21.0,Male,,1.0
ORD100351,2023-02-02,South,Store_08,Home & Living,306.46,1,0.0,306.46,306.46,216.37,90.09,Bank Transfer,Returning,16.0,Male,4.5,3.0
ORD103562,2023-11-04,South,Store_20,Groceries,32.45,1,25.0,51.92,38.94,28.44,10.5,Debit Card,VIP,16.0,Male,4.2,6.0
ORD105585,2024-06-24,North,Store_01,Clothing,27.01,1,10.0,32.41,29.17,14.53,14.64,Credit Card,New,36.0,Male,3.4,6.0
ORD105091,2023-10-01,West,Store_02,Beauty,24.33,1,0.0,24.33,24.33,17.5,6.83,Bank Transfer,New,45.0,Female,4.1,3.0
ORD105420,2024-08-07,Central,Store_18,Groceries,6.21,1,0.0,6.21,6.21,4.02,2.19,Mobile Wallet,Returning,26.0,Female,4.4,5.0
ORD101269,2023-02-05,West,Store_19,Sports,85.33,1,0.0,85.33,85.33,56.16,29.17,Credit Card,Returning,46.0,Female,3.1,6.0
ORD105953,2024-04-22,West,Store_16,Sports,17.73,1,0.0,17.73,17.73,10.43,7.3,Bank Transfer,New,32.0,Other,5.0,0.0
ORD105872,2024-06-22,West,Store_14,Groceries,38.57,3,0.0,138.85,138.85,90.72,48.13,Bank Transfer,New,34.0,Male,4.9,2.0
ORD102031,2023-05-10,North,Store_02,Electronics,1151.27,2,0.0,2302.54,2302.54,1523.5,779.04,Mobile Wallet,Returning,71.0,Male,3.8,
ORD100945,2023-03-29,South,Store_15,Home & Living,215.52,1,15.0,215.52,183.19,113.56,69.63,Credit Card,New,33.0,Male,3.2,1.0
ORD101689,2023-03-10,South,Store_17,Groceries,44.1,1,5.0,44.1,41.89,30.21,11.68,Mobile Wallet,New,22.0,Male,3.8,6.0
ORD105097,2023-08-22,North,Store_14,Groceries,50.54,1,5.0,50.54,48.01,33.31,14.7,Credit Card,VIP,53.0,Other,4.1,6.0
ORD100072,2023-12-04,Central,Store_03,Groceries,23.5,1,0.0,37.6,37.6,18.27,19.33,Credit Card,Returning,22.0,Female,3.7,4.0
ORD104827,2024-01-28,Central,Store_05,Groceries,11.51,1,0.0,11.51,11.51,7.22,4.29,Mobile Wallet,New,17.0,Male,5.0,1.0
ORD105038,2024-12-27,Central,Store_12,Beauty,14.75,2,0.0,47.2,47.2,25.51,21.69,Mobile Wallet,Returning,37.0,Male,4.6,3.0
ORD104302,2023-04-08,South,Store_03,Beauty,91.06,2,0.0,182.12,182.12,125.88,56.24,Mobile Wallet,New,,Female,5.0,2.0
ORD100994,2024-01-22,South,Store_20,Groceries,57.31,1,0.0,57.31,57.31,28.42,28.89,Bank Transfer,Returning,44.0,Female,3.3,3.0
ORD100762,2024-11-23,South,Store_07,Electronics,966.09,1,5.0,1545.74,1468.45,1041.63,426.82,Bank Transfer,Returning,29.0,Female,3.5,2.0
ORD102137,2023-01-17,north,Store_11,Electronics,1066.52,1,15.0,1066.52,906.54,424.74,481.8,Credit Card,Returning,38.0,Female,3.4,4.0
ORD102835,2024-02-01,East,Store_13,Clothing,179.36,1,0.0,179.36,179.36,109.83,69.53,Debit Card,Returning,39.0,Other,2.9,1.0
ORD100173,2024-06-11,West,Store_20,Groceries,46.01,1,0.0,55.21,55.21,41.32,13.89,Bank Transfer,Returning,32.0,Male,3.4,4.0
ORD102065,2024-01-07,Central,Store_04,Groceries,16.36,1,10.0,16.36,14.72,8.1,6.62,Mobile Wallet,Returning,42.0,Female,1.9,2.0
ORD102856,2024-02-19,Central,Store_13,Home & Living,167.69,1,0.0,167.69,167.69,103.86,63.83,Bank Transfer,Returning,66.0,Female,3.5,
ORD101734,2024-09-20,South,Store_15,Electronics,498.89,4,0.0,1995.56,1995.56,1084.92,910.64,Credit Card,Returning,45.0,Female,3.2,2.0
ORD105427,2023-04-12,East,Store_01,Clothing,142.95,1,0.0,142.95,142.95,100.77,42.18,Credit Card,New,27.0,Male,3.8,5.0
ORD103736,2023-10-04,South,Store_14,Clothing,102.56,1,10.0,102.56,1053.3638378946803,68.33,295.65660714284877,Mobile Wallet,VIP,26.0,Female,3.5,4.0
ORD104833,2023-06-22,East,Store_11,Sports,219.11,2,10.0,525.86,473.27,274.38,198.89,Debit Card,New,23.0,Other,4.2,1.0
ORD102852,2023-03-25,South,Store_07,Beauty,40.76,1,0.0,40.76,40.76,23.75,17.01,Debit Card,Returning,35.0,Female,3.6,1.0
ORD102511,2024-09-14,South,Store_16,Clothing,83.21,4,0.0,332.84,332.84,199.54,133.3,Bank Transfer,VIP,16.0,Female,3.9,5.0
ORD102958,2024-01-10,South,Store_09,Clothing,102.39,5,0.0,511.95,511.95,374.03,137.92,Debit Card,VIP,16.0,Other,3.4,4.0
ORD103187,2023-10-22,South,Store_08,Clothing,153.85,1,10.0,153.85,138.47,71.08,67.39,Cash,New,,Male,4.0,0.0
ORD103175,2024-02-11,Central,Store_16,Electronics,1074.02,1,0.0,1074.02,1074.02,602.93,471.09,Credit Card,New,31.0,Female,4.7,7.0
ORD101780,2023-02-04,West,Store_15,Beauty,117.69,1,10.0,117.69,105.92,62.96,42.96,Bank Transfer,New,56.0,Other,3.2,3.0
ORD102351,2024-07-01,North,Store_06,Clothing,123.62,2,0.0,296.69,296.69,178.66,118.03,Mobile Wallet,Returning,29.0,Female,3.6,4.0
ORD101775,2023-04-06,North,Store_20,Clothing,165.95,3,10.0,497.85,448.06,330.2,117.86,Mobile Wallet,VIP,45.0,Female,2.7,3.0
ORD101534,2024-08-19,North,Store_15,Groceries,21.66,1,0.0,21.66,21.66,10.12,11.54,Credit Card,New,32.0,Male,,4.0
ORD100838,2023-01-11,North,Store_03,Electronics,802.12,2,0.0,1604.24,1604.24,969.55,634.69,Debit Card,VIP,59.0,Female,4.5,0.0
ORD103105,2023-08-10,West,Store_12,Clothing,79.74,1,0.0,79.74,79.74,57.32,22.42,Cash,New,16.0,Male,3.3,3.0
ORD103765,2023-10-26,Central,Store_03,Groceries,42.18,1,10.0,42.18,37.96,20.4,17.56,Bank Transfer,Returning,51.0,Other,5.0,5.0
ORD103334,2023-02-22,South,Store_03,Sports,283.03,2,0.0,566.06,566.06,394.27,171.79,Credit Card,VIP,35.0,Male,3.2,3.0
ORD104578,2023-07-20,North,Store_20,Home & Living,378.1,1,10.0,453.72,408.35,262.65,145.7,Bank Transfer,Returning,24.0,Female,3.7,3.0
ORD100864,2024-09-09,East,Store_07,Groceries,57.0,1,15.0,57.0,48.45,22.7,25.75,Debit Card,Returning,47.0,Male,4.1,6.0
ORD105847,2024-05-07,South,Store_10,Electronics,761.08,1,0.0,761.08,761.08,350.03,411.05,Debit Card,New,23.0,Male,4.1,4.0
ORD103861,2024-04-15,East,Store_16,Clothing,89.18,3,20.0,267.54,214.03,133.8,80.23,Debit Card,New,32.0,Female,4.9,3.0
ORD100116,2023-01-28,Central,Store_16,Home & Living,377.1,1,0.0,377.1,377.1,222.68,154.42,Credit Card,Returning,28.0,Male,3.5,4.0
ORD104658,2023-11-03,North,Store_02,Clothing,175.62,4,25.0,1123.97,842.98,408.86,434.12,Mobile Wallet,VIP,24.0,Female,5.0,
ORD103676,2023-09-25,South,Store_19,Groceries,50.22,2,0.0,100.44,100.44,46.74,53.7,Cash,Returning,40.0,Male,4.7,3.0
ORD101903,2023-07-01,East,Store_01,Clothing,182.47,1,0.0,218.96,218.96,148.85,70.11,Credit Card,Returning,36.0,Male,4.5,4.0
ORD100298,2023-07-27,North,Store_07,Groceries,8.3,1,5.0,9.96,9.46,4.99,4.47,Cash,VIP,38.0,Male,5.0,7.0
ORD100371,2024-04-28,East,Store_12,Home & Living,67.44,3,5.0,202.32,192.2,105.65,86.55,Mobile Wallet,New,38.0,Male,4.2,3.0
ORD101899,2023-09-05,South,Store_18,Beauty,55.62,1,5.0,55.62,52.84,28.58,24.26,Cash,New,,Male,4.4,4.0
ORD101293,2023-01-04,West,Store_01,Clothing,85.4,1,0.0,85.4,85.4,44.16,41.24,Mobile Wallet,New,29.0,Female,2.6,1.0
ORD100266,2023-11-23,South,Store_09,Home & Living,200.26,1,0.0,320.42,320.42,159.13,161.29,Cash,New,46.0,Female,4.6,
ORD100160,2024-12-28,East,Store_13,Clothing,39.21,1,5.0,62.74,59.6,38.11,21.49,Bank Transfer,Returning,45.0,Female,,3.0
ORD101784,2024-06-14,South,Store_09,Electronics,1176.18,2,0.0,2822.83,2822.83,1357.1,1465.73,Mobile Wallet,VIP,26.0,Female,4.0,3.0
ORD104903,2024-06-09,East,Store_08,Groceries,46.77,1,0.0,56.12,56.12,25.32,30.8,Debit Card,Returning,39.0,Male,2.1,2.0
ORD105467,2023-09-01,Central,Store_08,Clothing,76.6,2,15.0,153.2,130.22,65.04,65.18,Bank Transfer,Returning,29.0,Female,2.9,5.0
ORD101029,2023-09-01,South,Store_03,Electronics,957.95,2,5.0,1915.9,1820.1,1326.47,493.63,Cash,VIP,46.0,Female,3.1,4.0
ORD100519,2024-03-09,North,Store_13,Electronics,410.54,3,20.0,1231.62,985.3,736.58,248.72,Bank Transfer,Returning,26.0,Male,4.7,0.0
ORD103847,2023-09-20,North,Store_07,Electronics,106.61,1,0.0,106.61,106.61,60.87,45.74,Bank Transfer,New,38.0,Male,4.1,3.0
ORD102446,2024-07-18,West,Store_01,Home & Living,346.84,5,5.0,2081.04,1976.99,917.58,1059.41,Credit Card,VIP,24.0,Female,4.1,4.0
ORD103114,2023-09-24,East,Store_12,Electronics,481.27,2,,962.54,818.16,554.79,263.37,Cash,VIP,16.0,Male,4.9,1.0
ORD103921,2024-03-24,South,Store_19,Clothing,130.75,2,0.0,261.5,261.5,121.68,139.82,Credit Card,New,26.0,Female,5.0,3.0
ORD101914,2023-08-28,South,Store_14,Groceries,53.3,1,20.0,53.3,42.64,24.4,18.24,Credit Card,Returning,47.0,Male,3.6,4.0
ORD104114,2023-08-01,South,Store_10,Groceries,50.9,1,5.0,50.9,48.36,27.01,21.35,Mobile Wallet,Returning,30.0,Female,3.1,3.0
ORD105763,2023-03-10,Central,Store_07,Electronics,160.82,1,10.0,160.82,144.74,67.9,76.84,Debit Card,Returning,39.0,Female,2.7,1.0
ORD105278,2023-10-03,North,Store_01,Groceries,19.74,1,0.0,19.74,19.74,14.36,5.38,Credit Card,Returning,30.0,Male,4.1,4.0
ORD101609,2023-04-02,Central,Store_12,Groceries,4.47,3,5.0,13.41,12.74,8.96,3.78,Credit Card,Returning,31.0,Male,4.4,2.0
ORD104209,2024-03-18,North,Store_12,Clothing,79.76,1,0.0,79.76,79.76,36.06,43.7,Mobile Wallet,Returning,,Female,4.1,8.0
ORD102923,2024-01-30,South,Store_03,Beauty,99.44,1,,99.44,99.44,59.82,39.62,Mobile Wallet,New,38.0,Other,3.6,4.0
ORD104780,2024-09-12,Central,Store_13,Sports,253.37,1,0.0,253.37,2501.532444641347,173.12,697.5367626932774,Credit Card,Returning,42.0,Male,3.4,2.0
ORD100395,2024-09-30,South,Store_08,Groceries,31.29,1,0.0,31.29,31.29,23.14,8.15,Mobile Wallet,Returning,32.0,Male,4.8,4.0
ORD100094,2024-10-17,East,Store_16,Clothing,106.77,1,0.0,106.77,106.77,75.46,31.31,Credit Card,Returning,,,3.9,3.0
ORD104288,2024-07-11,South,Store_02,Electronics,863.36,1,0.0,1036.03,1036.03,686.43,349.6,Credit Card,New,45.0,Female,5.0,3.0
ORD104682,2024-05-24,Central,Store_06,Home & Living,316.49,2,5.0,632.98,601.33,421.54,179.79,Cash,VIP,18.0,Male,3.6,5.0
ORD101785,2023-06-27,South,Store_20,Electronics,734.47,2,0.0,1762.73,1762.73,1196.25,566.48,Debit Card,New,38.0,Male,4.1,3.0
ORD101983,2024-07-02,West,Store_07,Groceries,47.7,1,0.0,57.24,57.24,37.07,20.17,Mobile Wallet,New,33.0,Male,5.0,0.0
ORD101936,2023-09-29,Central,Store_05,Clothing,174.21,2,20.0,348.42,278.74,167.35,111.39,Cash,Returning,23.0,Female,3.9,7.0
ORD103364,2023-04-28,Central,Store_02,Clothing,151.38,1,0.0,151.38,151.38,99.02,52.36,Debit Card,VIP,41.0,Female,2.8,
ORD100901,2023-01-31,South,Store_17,Electronics,1106.88,3,15.0,3320.64,2822.54,1675.76,1146.78,Debit Card,Returning,41.0,Male,4.0,4.0
ORD104449,2024-10-17,West,Store_10,Groceries,52.36,1,15.0,52.36,44.51,20.56,23.95,Credit Card,VIP,39.0,Other,3.9,1.0
ORD105800,2023-04-01,Central,Store_12,Groceries,37.81,1,5.0,37.81,35.92,22.05,13.87,Bank Transfer,New,28.0,Female,5.0,5.0
ORD101033,2023-08-18,North,Store_11,Groceries,48.44,1,0.0,48.44,48.44,23.21,25.23,Bank Transfer,New,27.0,Female,2.6,3.0
ORD104353,2023-10-29,South,Store_03,Groceries,10.27,2,0.0,20.54,20.54,10.64,9.9,Mobile Wallet,Returning,16.0,Male,,6.0
ORD104898,2024-07-06,West,Store_20,Home & Living,209.71,1,0.0,251.65,251.65,133.43,118.22,Mobile Wallet,Returning,38.0,Female,5.0,4.0
ORD105676,2024-01-17,South,Store_09,Groceries,57.27,1,,57.27,57.27,34.49,22.78,Cash,New,34.0,Male,4.4,6.0
ORD104315,2023-07-21,North,Store_12,Clothing,42.92,2,0.0,103.01,103.01,52.13,50.88,Cash,Returning,32.0,Female,3.3,4.0
ORD100604,2024-08-26,East,Store_11,Beauty,92.73,1,0.0,92.73,92.73,61.29,31.44,Bank Transfer,Returning,39.0,Female,,0.0
ORD104347,2023-04-21,North,Store_14,Home & Living,283.71,1,,283.71,226.97,151.32,75.65,Credit Card,New,25.0,Female,3.9,4.0
ORD100881,2024-09-13,East,Store_20,Groceries,48.23,1,0.0,48.23,48.23,27.23,21.0,Mobile Wallet,New,51.0,Female,,7.0
ORD105125,2024-06-29,East,Store_03,Beauty,73.17,1,0.0,87.8,87.8,60.3,27.5,Credit Card,Returning,18.0,Female,4.9,5.0
ORD102804,2023-05-06,North,Store_05,Home & Living,341.78,2,0.0,683.56,683.56,345.42,338.14,Mobile Wallet,New,30.0,Female,3.7,4.0
ORD101431,2023-05-16,Central,Store_02,Beauty,96.35,1,0.0,96.35,96.35,45.29,51.06,Credit Card,VIP,37.0,Female,5.0,5.0
ORD105086,2024-08-29,North,Store_05,Sports,43.44,2,,86.88,86.88,55.85,31.03,Mobile Wallet,Returning,43.0,Male,4.0,4.0
ORD103650,2023-03-29,North,Store_10,Electronics,1044.58,3,25.0,3133.74,2350.31,1541.61,808.7,Cash,New,31.0,Female,,2.0
ORD105946,2023-07-10,East,Store_15,Home & Living,486.66,1,10.0,583.99,525.59,385.43,140.16,Mobile Wallet,Returning,20.0,Male,2.9,2.0
ORD104232,2024-03-17,South,Store_11,Electronics,860.97,1,5.0,860.97,817.92,431.46,386.46,Mobile Wallet,Returning,17.0,Female,3.8,3.0
ORD104545,2024-07-04,North,Store_03,Home & Living,171.76,1,15.0,206.11,175.19,112.1,63.09,Mobile Wallet,VIP,45.0,Female,3.5,8.0
ORD100112,2024-02-10,South,Store_16,Clothing,19.87,3,5.0,59.61,56.63,41.66,14.97,Cash,Returning,50.0,Other,2.4,
ORD102365,2023-03-04,Central,Store_08,Groceries,34.58,1,0.0,34.58,34.58,24.17,10.41,Credit Card,New,16.0,Male,3.9,3.0
ORD101321,2023-07-20,East,Store_17,Groceries,10.81,1,10.0,12.97,11.67,5.91,5.76,Cash,New,17.0,Male,3.5,3.0
ORD104420,2024-06-10,West,Store_02,Groceries,15.68,1,5.0,18.82,17.88,10.6,7.28,Credit Card,Returning,27.0,Female,4.0,0.0
ORD102576,2023-07-17,North,Store_16,Electronics,1113.0,1,0.0,1335.6,1335.6,937.39,398.21,Credit Card,Returning,37.0,Male,,1.0
ORD100947,2023-04-08,West,Store_16,Clothing,33.85,1,5.0,33.85,32.16,17.72,14.44,Mobile Wallet,VIP,54.0,Male,3.5,1.0
ORD105174,2023-05-30,South,Store_13,Home & Living,211.06,1,20.0,211.06,168.85,93.16,75.69,Debit Card,New,16.0,Male,4.2,1.0
ORD101587,2023-02-27,East,Store_19,Electronics,88.15,1,10.0,88.15,79.33,38.98,40.35,Mobile Wallet,New,34.0,Female,,5.0
ORD105312,2023-06-02,North,Store_19,Home & Living,148.15,1,0.0,177.78,177.78,111.44,66.34,Mobile Wallet,New,57.0,Female,5.0,3.0
ORD101177,2023-05-20,South,Store_02,Clothing,70.52,2,0.0,141.04,141.04,81.82,59.22,Mobile Wallet,New,35.0,Male,3.7,6.0
ORD102641,2023-12-29,South,Store_16,Home & Living,412.35,1,15.0,659.76,560.8,410.72,150.08,Debit Card,New,44.0,Female,3.0,3.0
ORD104991,2024-01-17,South,Store_16,Home & Living,221.27,4,15.0,885.08,752.32,454.25,298.07,Cash,New,21.0,Female,5.0,4.0
ORD102592,2024-01-24,South,Store_19,Electronics,480.4,4,0.0,1921.6,1921.6,867.22,1054.38,Mobile Wallet,Returning,,Male,2.1,0.0
ORD105668,2024-07-07,West,Store_06,Clothing,65.66,1,25.0,78.79,59.09,43.37,15.72,Cash,VIP,16.0,Male,4.2,6.0
ORD100630,2024-06-21,South,Store_15,Sports,235.51,1,0.0,282.61,282.61,204.13,78.48,Credit Card,VIP,25.0,Female,4.8,1.0
ORD105269,2024-01-16,South,Store_11,Home & Living,478.53,5,0.0,2392.65,2392.65,1469.44,923.21,Debit Card,VIP,41.0,Female,4.2,2.0
ORD104803,2024-08-01,West,Store_05,Beauty,113.62,4,20.0,454.48,363.58,169.12,194.46,Credit Card,New,16.0,Other,3.5,2.0
ORD103260,2023-11-14,East,Store_06,Home & Living,228.39,1,10.0,365.42,328.88,149.88,179.0,Credit Card,New,47.0,Female,4.0,3.0
ORD104570,2024-05-19,South,Store_19,Clothing,147.6,1,5.0,147.6,140.22,84.97,55.25,Credit Card,Returning,16.0,Male,3.6,7.0
ORD100333,2024-08-28,Central,Store_03,Groceries,14.18,1,0.0,14.18,14.18,9.04,5.14,Mobile Wallet,New,21.0,Male,5.0,4.0
ORD103432,2023-06-01,North,Store_01,Groceries,7.4,1,25.0,8.88,6.66,3.41,3.25,Credit Card,New,27.0,Other,4.1,4.0
ORD103591,2023-08-04,South,Store_05,Clothing,132.08,1,10.0,132.08,118.87,63.02,55.85,Cash,New,36.0,Female,3.6,5.0
ORD103477,2024-01-23,North,Store_18,Groceries,45.74,1,20.0,45.74,36.59,18.15,18.44,Credit Card,Returning,24.0,Female,5.0,0.0
ORD102683,2024-08-15,East,Store_07,Beauty,120.78,3,0.0,362.34,362.34,257.7,104.64,Cash,Returning,40.0,Male,3.1,2.0
ORD103380,2024-08-30,North,Store_14,Groceries,2.64,2,0.0,5.28,5.28,3.18,2.1,Debit Card,New,65.0,Other,3.6,2.0
ORD101614,2023-02-13,West,Store_17,Clothing,48.83,1,5.0,48.83,46.39,26.22,20.17,Mobile Wallet,Returning,37.0,Other,4.4,1.0
ORD105769,2024-02-05,South,Store_04,Groceries,25.64,2,5.0,51.28,48.72,25.49,23.23,Debit Card,New,45.0,Male,3.6,
ORD101355,2023-12-29,East,Store_06,Clothing,190.66,2,5.0,610.11,579.6,336.59,243.01,Mobile Wallet,New,71.0,Female,3.8,4.0
ORD101664,2024-01-19,South,Store_09,Clothing,14.54,1,0.0,14.54,173.64327160913237,6.79,113.64559091362136,Credit Card,VIP,32.0,Female,2.8,6.0
ORD102156,2023-11-20,South,Store_01,Electronics,518.88,4,5.0,3320.83,3154.79,2002.92,1151.87,Mobile Wallet,VIP,39.0,Female,4.6,6.0
ORD105522,2024-07-02,West,Store_05,Clothing,97.13,2,0.0,233.11,233.11,129.52,103.59,Cash,New,52.0,Male,3.6,3.0
ORD104660,2024-08-30,North,Store_15,Sports,151.9,1,10.0,151.9,136.71,101.38,35.33,Bank Transfer,Returning,30.0,Female,4.9,8.0
ORD101742,2023-11-29,North,Store_11,Groceries,17.06,5,0.0,136.48,136.48,66.31,70.17,Cash,VIP,19.0,Male,5.0,7.0
ORD104878,2024-05-05,North,Store_11,Groceries,29.4,1,15.0,29.4,24.99,12.32,12.67,Mobile Wallet,New,38.0,Male,3.7,1.0
ORD104516,2023-09-14,Central,Store_07,Groceries,10.69,1,5.0,10.69,10.16,7.28,2.88,Bank Transfer,Returning,44.0,Female,3.4,1.0
ORD103360,2024-12-19,West,Store_01,Groceries,41.86,1,0.0,66.98,66.98,42.11,24.87,Bank Transfer,Returning,61.0,Female,3.1,2.0
ORD101877,2024-10-16,South,Store_17,Sports,26.48,4,0.0,105.92,105.92,63.31,42.61,Debit Card,New,33.0,Female,3.6,6.0
ORD100384,2023-01-24,West,Store_20,Groceries,42.61,2,0.0,85.22,85.22,51.85,33.37,Mobile Wallet,New,32.0,Female,,4.0
ORD102089,2023-01-15,West,Store_18,Groceries,55.28,1,0.0,55.28,55.28,29.45,25.83,Bank Transfer,New,32.0,Female,4.8,5.0
ORD105379,2024-01-09,East,Store_11,Electronics,149.56,2,0.0,299.12,299.12,174.63,124.49,Credit Card,Returning,22.0,Female,3.2,4.0
ORD102162,2023-10-22,Central,Store_17,Sports,142.17,2,0.0,284.34,284.34,203.02,81.32,Bank Transfer,New,35.0,Other,4.3,0.0
ORD104646,2024-06-28,South,Store_10,Electronics,904.7,3,10.0,3256.92,2931.23,2066.97,864.26,Credit Card,VIP,27.0,Female,5.0,0.0
ORD101923,2023-11-14,South,Store_14,Electronics,1020.08,1,0.0,1632.13,1632.13,1002.82,629.31,Cash,New,55.0,Female,3.9,2.0
ORD105177,2023-11-26,South,Store_04,Electronics,779.36,1,0.0,1246.98,1246.98,594.03,652.95,Credit Card,Returning,36.0,Female,,5.0
ORD102841,2024-05-29,North,Store_01,Home & Living,302.02,1,,302.02,256.72,116.29,140.43,Cash,New,28.0,Female,3.1,2.0
ORD100287,2024-02-22,Central,Store_16,Electronics,102.25,2,0.0,204.5,204.5,107.17,97.33,Mobile Wallet,VIP,63.0,Female,3.9,2.0
ORD102212,2024-03-17,West,Store_14,Sports,239.73,1,5.0,239.73,227.74,130.23,97.51,Mobile Wallet,VIP,37.0,Male,4.3,4.0
ORD105233,2023-05-25,South,Store_04,Sports,295.82,5,0.0,1479.1,1479.1,817.91,661.19,Credit Card,VIP,36.0,Male,4.2,1.0
ORD104699,2023-01-18,West,Store_02,Home & Living,404.06,4,0.0,1616.24,1616.24,1061.48,554.76,Credit Card,Returning,17.0,Female,3.8,2.0
ORD104437,2024-11-22,North,Store_09,Groceries,11.89,1,0.0,19.02,19.02,12.07,6.95,Debit Card,VIP,17.0,Male,2.9,1.0
ORD102369,2023-05-09,South,Store_15,Clothing,23.04,1,,23.04,23.04,13.28,9.76,Debit Card,New,52.0,Male,4.4,5.0
ORD103475,2023-06-07,North,Store_04,Clothing,80.93,1,15.0,97.12,82.55,56.34,26.21,Debit Card,Returning,23.0,Female,5.0,2.0
ORD100027,2024-08-23,South,Store_07,Beauty,78.44,1,20.0,78.44,62.75,33.41,29.34,Cash,VIP,42.0,Male,3.4,7.0
ORD104339,2024-01-02,West,Store_05,Electronics,521.37,1,10.0,521.37,469.23,277.29,191.94,Bank Transfer,Returning,36.0,Female,3.3,2.0
ORD101109,2023-02-02,East,Store_04,Groceries,26.17,1,0.0,26.17,26.17,16.24,9.93,Cash,New,43.0,,3.6,4.0
ORD103816,2023-11-26,West,Store_15,Electronics,227.36,1,10.0,363.78,327.4,201.2,126.2,Credit Card,New,36.0,Male,4.0,1.0
ORD103179,2023-05-04,North,Store_08,Beauty,137.53,1,15.0,137.53,116.9,68.18,48.72,Debit Card,VIP,30.0,Male,4.5,6.0
ORD103568,2024-07-05,South,Store_16,Electronics,586.5,4,15.0,2815.2,2392.92,1609.76,783.16,Mobile Wallet,New,45.0,Female,3.7,4.0
ORD103158,2024-05-02,North,Store_19,Clothing,161.79,1,0.0,161.79,161.79,83.49,78.3,Debit Card,Returning,26.0,Male,,5.0
ORD101224,2023-11-01,East,Store_05,Electronics,1008.74,1,15.0,1613.98,1371.88,636.24,735.64,Bank Transfer,Returning,53.0,Male,3.9,2.0
ORD104770,2023-08-04,West,Store_03,Clothing,196.05,1,0.0,196.05,196.05,94.29,101.76,Bank Transfer,New,42.0,Female,5.0,
ORD105609,2023-03-28,South,Store_18,Groceries,3.95,1,0.0,3.95,3.95,2.47,1.48,Debit Card,Returning,27.0,Female,5.0,5.0
ORD103781,2023-06-16,North,Store_20,Groceries,29.8,1,0.0,35.76,35.76,19.98,15.78,Cash,Returning,52.0,Female,3.5,5.0
ORD104595,2023-02-01,Central,Store_02,Electronics,473.35,3,0.0,1420.05,1420.05,814.53,605.52,Cash,New,36.0,Male,3.2,2.0
ORD104436,2024-04-23,North,Store_16,Electronics,581.69,2,0.0,1163.38,1163.38,599.41,563.97,Bank Transfer,VIP,39.0,Male,3.4,4.0
ORD102176,2023-03-18,West,Store_05,Groceries,31.32,1,0.0,31.32,31.32,17.37,13.95,Mobile Wallet,New,47.0,Female,3.3,5.0
ORD100525,2023-08-15,East,Store_16,Home & Living,260.89,1,5.0,260.89,247.85,162.54,85.31,Credit Card,New,50.0,Male,2.4,4.0
ORD104457,2023-01-29,East,Store_01,Electronics,1093.47,1,0.0,1093.47,1093.47,600.57,492.9,Cash,Returning,58.0,Male,2.8,3.0
ORD105293,2024-06-16,North,Store_15,Beauty,142.64,1,0.0,171.17,171.17,113.4,57.77,Credit Card,Returning,38.0,Other,4.3,6.0
ORD105603,2023-12-26,South,Store_05,Home & Living,355.53,3,10.0,1706.54,1535.89,710.92,824.97,Debit Card,Returning,23.0,Female,4.0,1.0
ORD103879,2023-02-01,North,Store_05,Electronics,814.43,2,5.0,1628.86,1547.42,775.88,771.54,Bank Transfer,VIP,29.0,Male,4.3,6.0
ORD100506,2024-01-23,West,Store_01,Sports,262.93,1,15.0,262.93,223.49,164.83,58.66,Credit Card,Returning,35.0,Male,4.5,5.0
ORD105770,2023-08-30,North,Store_12,Groceries,51.17,2,0.0,102.34,102.34,61.66,40.68,Mobile Wallet,New,20.0,Male,4.0,
ORD105903,2024-07-20,Central,Store_04,Groceries,46.94,1,0.0,56.33,56.33,34.18,22.15,Bank Transfer,VIP,32.0,Male,5.0,3.0
ORD102062,2023-04-20,South,Store_02,Groceries,35.72,2,0.0,71.44,71.44,34.29,37.15,Cash,Returning,42.0,Female,3.5,
ORD101223,2024-04-22,Central,Store_14,Groceries,35.63,1,0.0,35.63,35.63,19.45,16.18,Cash,New,47.0,Male,4.1,3.0
ORD102444,2024-03-12,Central,Store_11,Sports,87.8,1,15.0,87.8,74.63,55.12,19.51,Bank Transfer,Returning,22.0,Male,5.0,7.0
ORD103508,2023-02-12,West,Store_19,Groceries,7.96,1,0.0,7.96,7.96,5.45,2.51,Debit Card,Returning,26.0,Female,3.7,1.0
ORD104551,2023-01-27,North,Store_08,Groceries,57.77,1,5.0,57.77,54.88,35.34,19.54,Cash,Returning,40.0,Male,4.9,4.0
ORD103312,2024-11-09,West,Store_02,Home & Living,159.35,1,10.0,254.96,229.46,105.24,124.22,Bank Transfer,Returning,46.0,Male,3.4,1.0
ORD105223,2024-08-21,South,Store_09,Clothing,111.54,1,10.0,111.54,100.39,55.99,44.4,Bank Transfer,Returning,58.0,Other,4.0,3.0
ORD101695,2024-05-13,West,Store_20,Beauty,18.8,3,25.0,56.4,42.3,22.61,19.69,Cash,New,48.0,Female,4.5,5.0
ORD101449,2023-03-17,Central,Store_10,Electronics,612.28,2,0.0,1224.56,1224.56,621.87,602.69,Debit Card,New,34.0,Other,,4.0
ORD105543,2024-08-06,Central,Store_02,Clothing,129.38,2,0.0,258.76,258.76,173.88,84.88,Debit Card,Returning,29.0,Female,,3.0
ORD103067,2024-05-29,East,Store_16,Electronics,1061.97,1,0.0,1061.97,1061.97,574.15,487.82,Mobile Wallet,New,51.0,Male,3.6,
ORD101626,2024-02-26,East,Store_12,Sports,231.21,1,0.0,231.21,231.21,115.08,116.13,Bank Transfer,Returning,44.0,Male,3.0,
ORD101264,2023-06-24,South,Store_08,Groceries,15.79,1,,18.95,18.95,12.61,6.34,Bank Transfer,Returning,50.0,Female,4.1,0.0
ORD105326,2024-02-17,West,Store_03,Electronics,521.79,2,15.0,1043.58,887.04,447.76,439.28,Credit Card,Returning,29.0,Female,5.0,3.0
ORD104461,2023-09-05,East,Store_05,Beauty,113.1,1,20.0,113.1,90.48,55.33,35.15,Debit Card,Returning,43.0,Female,4.0,4.0
ORD100877,2024-06-27,South,Store_18,Electronics,536.26,1,0.0,643.51,643.51,416.02,227.49,Bank Transfer,Returning,36.0,Female,4.6,4.0
ORD104517,2023-02-12,Central,Store_10,Beauty,74.27,4,10.0,297.08,267.37,179.79,87.58,Debit Card,New,37.0,Female,3.6,3.0
ORD105836,2024-10-02,South,Store_06,Electronics,616.39,2,5.0,1232.78,1171.14,793.38,377.76,Bank Transfer,VIP,24.0,Male,,5.0
ORD103950,2023-10-03,South,Store_13,Groceries,46.78,1,0.0,46.78,46.78,22.58,24.2,Mobile Wallet,Returning,44.0,Male,4.4,4.0
ORD103478,2023-10-26,South,Store_18,Groceries,38.57,1,5.0,38.57,36.64,25.12,11.52,Bank Transfer,Returning,24.0,Female,2.9,3.0
ORD100013,2024-07-09,North,Store_11,Groceries,58.97,4,0.0,283.06,283.06,188.09,94.97,Credit Card,Returning,54.0,Other,3.4,5.0
ORD100481,2024-08-28,West,Store_11,Home & Living,449.7,1,0.0,449.7,449.7,288.71,160.99,Bank Transfer,New,16.0,Other,4.1,4.0
ORD105962,2024-08-28,South,Store_07,Beauty,55.06,1,0.0,55.06,55.06,41.15,13.91,Credit Card,New,58.0,Male,4.7,1.0
ORD105057,2024-08-28,South,Store_06,Electronics,453.25,1,,453.25,453.25,226.6,226.65,Debit Card,VIP,37.0,Other,4.1,3.0
ORD105355,2024-08-20,South,Store_17,Groceries,55.44,2,15.0,110.88,94.25,43.1,51.15,Debit Card,VIP,38.0,Female,4.4,4.0
ORD103217,2023-11-10,West,Store_17,Electronics,1165.42,1,0.0,1864.67,1864.67,1206.99,657.68,Bank Transfer,New,27.0,Male,4.1,0.0
ORD104251,2023-10-09,East,Store_01,Clothing,190.87,2,0.0,381.74,381.74,276.88,104.86,Credit Card,Returning,54.0,Female,4.7,3.0
ORD102424,2023-09-12,West,Store_06,Sports,213.28,1,0.0,213.28,213.28,143.71,69.57,Cash,Returning,58.0,Male,5.0,8.0
ORD102552,2023-06-08,Central,Store_13,Electronics,1168.19,2,15.0,2803.66,2383.11,1455.85,927.26,Bank Transfer,Returning,25.0,Female,4.4,5.0
ORD101287,2023-06-21,West,Store_11,Groceries,11.38,2,10.0,27.31,24.58,17.24,7.34,Cash,Returning,37.0,Male,5.0,2.0
ORD105539,2024-12-24,West,Store_13,Sports,177.08,1,0.0,283.33,283.33,145.83,137.5,Credit Card,VIP,35.0,Female,5.0,3.0
ORD100857,2023-02-11,South,Store_01,Electronics,244.7,1,0.0,244.7,244.7,181.32,63.38,Mobile Wallet,Returning,38.0,Male,3.0,3.0
ORD102551,2023-08-23,North,Store_07,Groceries,31.2,1,0.0,31.2,31.2,16.09,15.11,Debit Card,Returning,47.0,Other,3.4,
ORD103129,2024-07-31,North,Store_01,Beauty,26.37,1,0.0,31.64,31.64,17.19,14.45,Bank Transfer,Returning,27.0,Female,5.0,
ORD100046,2023-11-22,West,Store_16,Sports,190.58,1,5.0,304.93,289.68,174.15,115.53,Bank Transfer,Returning,31.0,Female,4.8,5.0
ORD102918,2024-09-12,West,Store_14,Groceries,34.64,1,0.0,34.64,34.64,23.78,10.86,Mobile Wallet,New,34.0,Female,5.0,3.0
ORD105991,2023-12-12,South,Store_13,Electronics,691.13,1,0.0,1105.81,1105.81,714.43,391.38,Debit Card,New,47.0,,4.2,4.0
ORD102314,2023-06-15,Central,Store_14,Electronics,619.73,1,5.0,743.68,706.5,378.45,328.05,Bank Transfer,VIP,46.0,Male,4.2,4.0
ORD105750,2024-10-04,West,Store_08,Groceries,33.78,2,0.0,67.56,67.56,38.24,29.32,Credit Card,Returning,33.0,Male,3.3,6.0
ORD102385,2024-09-30,North,Store_06,Electronics,861.59,1,0.0,861.59,861.59,556.18,305.41,Bank Transfer,VIP,24.0,Female,4.0,1.0
ORD100899,2024-03-25,Central,Store_08,Electronics,753.22,2,0.0,1506.44,1506.44,1089.2,417.24,Cash,New,16.0,Male,4.6,4.0
ORD101022,2024-09-26,Central,Store_04,Clothing,192.28,1,0.0,192.28,192.28,113.13,79.15,Mobile Wallet,New,33.0,Male,4.3,2.0
ORD100232,2023-01-15,West,Store_17,Clothing,154.45,1,0.0,154.45,154.45,103.18,51.27,Cash,New,44.0,Female,3.5,
ORD100941,2023-10-22,East,Store_03,Beauty,97.65,1,15.0,97.65,83.0,40.4,42.6,Bank Transfer,Returning,47.0,Female,3.0,4.0
ORD105624,2023-06-01,North,,Groceries,46.83,1,0.0,56.2,56.2,41.67,14.53,Cash,New,34.0,Male,4.0,4.0
ORD105707,2023-08-23,North,Store_09,Groceries,53.6,4,0.0,214.4,214.4,155.58,58.82,Credit Card,Returning,34.0,Male,4.1,5.0
ORD105876,2024-10-29,East,Store_19,Beauty,121.1,1,0.0,121.1,121.1,55.27,65.83,Cash,Returning,49.0,Female,5.0,0.0
ORD105071,2024-03-03,South,Store_17,Beauty,37.9,2,20.0,75.8,60.64,30.98,29.66,Cash,VIP,44.0,Other,3.6,7.0
ORD103237,2024-12-26,South,Store_19,Electronics,740.59,1,0.0,1184.94,1184.94,866.21,318.73,Debit Card,New,33.0,Female,3.7,5.0
ORD105447,2023-10-27,South,Store_18,Groceries,30.68,1,0.0,30.68,30.68,21.87,8.81,Debit Card,VIP,49.0,Female,4.0,2.0
ORD105065,2024-05-19,West,Store_08,Home & Living,88.23,1,0.0,88.23,88.23,52.74,35.49,Cash,Returning,35.0,Male,4.5,6.0
ORD104600,2024-12-22,Central,Store_13,Electronics,231.87,2,0.0,741.98,741.98,346.43,395.55,Bank Transfer,Returning,23.0,Male,3.3,6.0
ORD105448,2023-11-09,North,Store_07,Groceries,31.24,2,0.0,99.97,99.97,56.76,43.21,Bank Transfer,VIP,47.0,Female,3.2,1.0
ORD101809,2024-12-01,West,Store_12,Beauty,126.03,2,0.0,403.3,403.3,252.72,150.58,Mobile Wallet,Returning,69.0,Female,4.4,3.0
ORD104397,2023-07-08,North,Store_18,Clothing,173.43,2,0.0,416.23,416.23,192.46,223.77,Cash,Returning,16.0,Female,4.3,4.0
ORD102221,2023-04-23,Central,Store_04,Beauty,23.06,1,10.0,23.06,20.75,14.33,6.42,Mobile Wallet,VIP,37.0,Male,4.1,6.0
ORD101165,2023-03-18,West,Store_15,Electronics,1193.77,1,0.0,1193.77,1193.77,636.95,556.82,Bank Transfer,New,33.0,Female,4.2,2.0
ORD100204,2023-11-30,North,Store_13,Home & Living,41.77,2,10.0,133.66,120.29,59.23,61.06,Bank Transfer,New,39.0,Female,2.2,3.0
ORD104951,2023-02-06,East,Store_20,Electronics,724.13,2,0.0,1448.26,1448.26,1057.89,390.37,Bank Transfer,VIP,36.0,,4.4,0.0
ORD100906,2023-10-28,South,Store_08,Groceries,54.51,2,15.0,109.02,92.67,64.87,27.8,Mobile Wallet,New,49.0,Female,4.0,0.0
ORD103689,2023-05-03,South,Store_06,Groceries,38.05,1,5.0,38.05,36.15,26.17,9.98,Cash,Returning,67.0,Female,3.5,7.0
ORD103225,2024-07-17,North,Store_11,Beauty,99.39,2,5.0,238.54,226.61,118.71,107.9,Mobile Wallet,New,,Female,2.7,2.0
ORD105358,2023-02-18,Central,Store_04,Electronics,648.97,1,0.0,648.97,648.97,313.28,335.69,Cash,Returning,57.0,Male,3.0,3.0
ORD103509,2023-09-13,West,Store_03,Groceries,3.7,2,0.0,7.4,7.4,3.58,3.82,Debit Card,VIP,32.0,Male,3.7,5.0
ORD101162,2024-09-11,West,Store_13,Clothing,76.52,2,20.0,153.04,122.43,60.5,61.93,Credit Card,New,41.0,Female,,1.0
ORD104664,2023-08-17,West,Store_14,Groceries,22.06,1,0.0,22.06,22.06,15.89,6.17,Cash,New,16.0,Female,3.9,1.0
ORD102729,2023-12-04,West,Store_13,Groceries,34.11,1,5.0,54.58,51.85,38.04,13.81,Bank Transfer,New,36.0,Female,3.4,0.0
ORD101600,2023-08-09,South,Store_13,Groceries,34.06,1,0.0,34.06,34.06,19.54,14.52,Credit Card,VIP,57.0,Male,2.8,1.0
ORD103037,2023-04-23,East,Store_06,Beauty,40.81,5,10.0,204.05,183.64,103.94,79.7,Credit Card,Returning,37.0,Female,4.2,0.0
ORD100086,2023-03-12,South,Store_14,Beauty,59.93,2,0.0,119.86,119.86,81.03,38.83,Debit Card,New,37.0,Male,3.3,8.0
ORD101869,2024-07-17,East,Store_12,GROCERIES,12.67,2,5.0,30.41,28.89,21.19,7.7,Credit Card,Returning,37.0,Female,2.8,4.0
ORD105971,2023-06-26,South,Store_07,Groceries,3.61,2,10.0,8.66,7.79,5.26,2.53,Debit Card,Returning,38.0,Male,3.7,4.0
ORD102207,2024-09-04,West,Store_10,Beauty,145.78,1,15.0,145.78,123.91,80.73,43.18,Credit Card,Returning,72.0,Male,3.2,1.0
ORD103046,2024-06-15,Central,Store_11,Home & Living,247.79,1,0.0,297.35,297.35,159.08,138.27,Credit Card,VIP,28.0,Other,5.0,3.0
ORD105968,2023-05-21,West,Store_15,Beauty,108.71,1,25.0,108.71,81.53,60.07,21.46,Bank Transfer,New,34.0,Male,2.8,5.0
ORD101963,2024-08-20,West,Store_02,Sports,226.45,1,10.0,226.45,203.81,123.26,80.55,Credit Card,VIP,50.0,Female,3.2,6.0
ORD100621,2023-12-15,East,Store_10,Clothing,158.72,1,0.0,253.95,253.95,184.3,69.65,Bank Transfer,VIP,31.0,Female,5.0,3.0
ORD104502,2024-12-29,North,Store_15,Groceries,34.24,2,0.0,109.57,109.57,59.15,50.42,Bank Transfer,Returning,38.0,Other,4.8,4.0
ORD104079,2024-07-11,Central,Store_09,Sports,96.71,2,0.0,232.1,232.1,131.45,100.65,Cash,Returning,59.0,Female,4.3,2.0
ORD105348,2023-08-14,South,Store_18,Electronics,284.89,1,0.0,284.89,284.89,178.69,106.2,Bank Transfer,Returning,38.0,Male,5.0,3.0
ORD100364,2023-03-26,West,Store_08,Sports,176.93,1,0.0,176.93,176.93,120.22,56.71,Bank Transfer,New,51.0,Female,3.0,2.0
ORD103980,2023-11-26,South,Store_18,Sports,234.2,1,0.0,374.72,374.72,220.62,154.1,Bank Transfer,Returning,24.0,Female,3.3,4.0
ORD105373,2023-06-24,West,Store_15,Sports,279.45,1,0.0,335.34,335.34,219.76,115.58,Bank Transfer,New,38.0,Male,3.7,
ORD104838,2024-09-13,West,Store_19,Groceries,55.4,1,0.0,55.4,55.4,25.2,30.2,Bank Transfer,VIP,32.0,Male,,2.0
ORD101292,2023-11-20,West,Store_04,Home & Living,213.61,3,0.0,1025.33,1025.33,561.54,463.79,Credit Card,VIP,36.0,Male,2.6,
ORD103975,2024-05-20,North,Store_15,Home & Living,118.65,2,25.0,237.3,177.97,104.87,73.1,Cash,VIP,16.0,Male,3.3,3.0
ORD103154,2023-02-20,South,Store_06,Sports,100.46,1,0.0,100.46,100.46,61.98,38.48,Cash,Returning,22.0,Female,3.9,2.0
ORD104178,2023-12-02,Central,Store_08,Beauty,110.79,2,15.0,354.53,301.35,153.17,148.18,Credit Card,New,50.0,Male,3.8,3.0
ORD104908,2024-08-05,Central,Store_20,Groceries,16.11,2,15.0,32.22,27.39,12.36,15.03,Debit Card,VIP,38.0,Female,4.4,6.0
ORD104160,2023-10-22,North,Store_03,Sports,37.61,1,20.0,37.61,30.09,14.68,15.41,Mobile Wallet,New,28.0,Male,3.6,2.0
ORD104914,2024-07-21,Central,Store_16,Beauty,21.22,1,5.0,25.46,24.19,11.46,12.73,Bank Transfer,Returning,58.0,Male,5.0,3.0
ORD100999,2024-01-10,East,Store_14,Beauty,122.77,1,0.0,122.77,122.77,56.0,66.77,Mobile Wallet,Returning,40.0,Male,3.5,4.0
ORD103172,2023-11-12,North,Store_17,Home & Living,102.24,2,0.0,327.17,327.17,215.07,112.1,Credit Card,VIP,24.0,Female,3.6,4.0
ORD101036,2024-10-21,North,Store_12,Sports,118.68,1,0.0,118.68,118.68,73.73,44.95,Mobile Wallet,Returning,25.0,Male,3.0,4.0
ORD105414,2023-08-16,East,Store_02,Clothing,185.21,1,0.0,185.21,185.21,120.86,64.35,Debit Card,New,36.0,Female,3.8,6.0
ORD101653,2024-03-10,Central,Store_13,Clothing,33.92,3,5.0,101.76,96.67,49.81,46.86,Mobile Wallet,Returning,40.0,Female,3.2,5.0
ORD105438,2023-11-05,North,Store_12,Electronics,405.4,1,0.0,648.64,648.64,292.42,356.22,Bank Transfer,VIP,,Other,3.9,5.0
ORD104076,2024-12-16,West,Store_03,Groceries,57.49,1,5.0,91.98,87.38,46.75,40.63,Credit Card,VIP,58.0,Male,2.9,2.0
ORD104224,2024-07-24,West,Store_04,Beauty,6.9,1,0.0,8.28,8.28,6.15,2.13,Mobile Wallet,Returning,35.0,Female,2.5,9.0
ORD102694,2024-11-13,Central,Store_01,Home & Living,175.91,2,0.0,562.91,562.91,399.35,163.56,Cash,Returning,44.0,Male,2.6,3.0
ORD101336,2024-04-10,South,Store_03,Groceries,47.61,2,15.0,95.22,80.94,53.26,27.68,Bank Transfer,New,25.0,Female,,5.0
ORD100995,2024-04-01,South,Store_14,Electronics,449.31,2,15.0,898.62,763.83,517.06,246.77,Cash,Returning,32.0,Female,,7.0
ORD100220,2023-04-04,West,Store_19,Home & Living,79.63,2,0.0,159.26,159.26,72.4,86.86,Debit Card,VIP,35.0,Female,4.0,2.0
ORD102401,2024-02-18,Central,Store_14,Groceries,53.24,1,5.0,53.24,50.58,30.77,19.81,Debit Card,Returning,16.0,Male,3.3,5.0
ORD104890,2024-09-03,South,Store_03,Groceries,47.55,1,0.0,47.55,47.55,34.02,13.53,Debit Card,Returning,37.0,Female,5.0,4.0
ORD101056,2023-11-25,East,Store_12,Groceries,18.03,1,5.0,28.85,27.41,14.57,12.84,Debit Card,New,29.0,Male,4.9,4.0
ORD105633,2023-07-26,South,Store_06,Clothing,193.72,1,15.0,232.46,197.59,142.49,55.1,Credit Card,New,38.0,Male,4.1,7.0
ORD103821,2023-01-09,South,Store_09,Beauty,85.41,1,5.0,85.41,81.14,39.99,41.15,Bank Transfer,Returning,28.0,Female,5.0,6.0
ORD100249,2023-01-31,East,Store_11,Clothing,134.52,2,,269.04,242.14,171.23,70.91,Credit Card,New,40.0,Male,5.0,4.0
ORD102007,2023-04-22,North,Store_10,Clothing,42.91,1,0.0,42.91,42.91,23.16,19.75,Mobile Wallet,Returning,25.0,Female,5.0,4.0
ORD102165,2024-11-05,East,Store_03,Groceries,4.09,1,0.0,6.54,6.54,4.81,1.73,Cash,New,17.0,Female,5.0,5.0
ORD100039,2024-04-06,East,Store_06,Groceries,34.04,1,0.0,34.04,34.04,19.73,14.31,Cash,Returning,16.0,Female,,4.0
ORD101192,2023-05-05,South,Store_12,Beauty,20.38,2,10.0,40.76,36.68,21.91,14.77,Debit Card,VIP,27.0,Female,,1.0
ORD104062,2024-04-06,East,Store_03,Home & Living,369.87,5,10.0,1849.35,1664.41,768.78,895.63,Cash,VIP,47.0,Female,3.1,8.0
ORD105575,2024-01-29,West,Store_11,Groceries,34.39,1,25.0,34.39,25.79,17.08,8.71,Cash,Returning,33.0,Male,3.6,1.0
ORD100563,2023-05-13,North,Store_04,Electronics,556.88,2,0.0,1113.76,1113.76,628.68,485.08,Credit Card,New,38.0,Male,4.5,2.0
ORD104546,2024-03-07,East,Store_03,Clothing,37.23,1,0.0,37.23,37.23,27.51,9.72,Debit Card,VIP,16.0,Male,3.5,3.0
ORD103466,2024-01-29,North,Store_10,Groceries,28.46,1,0.0,28.46,28.46,18.66,9.8,Mobile Wallet,VIP,36.0,Male,4.5,4.0
ORD102538,2024-01-23,Central,Store_04,Electronics,557.27,2,0.0,1114.54,1114.54,675.18,439.36,Credit Card,New,31.0,Male,2.6,4.0
ORD103118,2023-01-18,Central,Store_15,Home & Living,279.22,1,5.0,279.22,265.26,185.73,79.53,Bank Transfer,Returning,21.0,Male,4.4,3.0
ORD105913,2023-04-25,South,Store_11,Electronics,405.47,1,0.0,405.47,405.47,196.79,208.68,Credit Card,Returning,32.0,Male,5.0,
ORD104691,2023-02-18,North,Store_08,Clothing,78.35,2,0.0,156.7,156.7,110.07,46.63,Cash,Returning,49.0,Other,5.0,2.0
ORD103396,2023-11-28,Central,Store_14,Electronics,981.41,1,5.0,1570.26,1491.75,1004.94,486.81,Credit Card,New,130.0,Female,3.6,6.0
ORD104596,2024-10-18,West,Store_19,Clothing,153.19,1,15.0,153.19,130.21,83.62,46.59,Cash,VIP,19.0,Male,5.0,2.0
ORD100522,2023-05-21,South,Store_09,Clothing,42.63,4,15.0,170.52,144.94,79.87,65.07,Credit Card,Returning,43.0,Male,4.5,1.0
ORD100591,2024-10-20,South,Store_09,Sports,12.46,1,0.0,12.46,12.46,8.13,4.33,Debit Card,New,16.0,,4.2,2.0
ORD104474,2024-09-12,South,Store_10,Clothing,140.2,3,0.0,420.6,420.6,232.08,188.52,Credit Card,New,31.0,Male,,2.0
ORD105749,2023-03-28,West,Store_01,Groceries,48.06,2,10.0,96.12,86.51,59.91,26.6,Bank Transfer,VIP,21.0,Female,3.2,4.0
ORD102202,2023-01-29,West,Store_15,Groceries,42.62,2,0.0,85.24,85.24,54.27,30.97,Cash,New,50.0,Male,2.7,3.0
ORD102225,2024-03-28,West,Store_09,Electronics,1057.5,5,5.0,5287.5,5023.12,3418.03,1605.09,Cash,Returning,36.0,Female,4.6,5.0
ORD102259,2024-12-25,North,Store_14,Groceries,31.34,1,5.0,50.14,47.63,29.21,18.42,Credit Card,Returning,38.0,Male,,4.0
ORD104133,2024-01-02,East,Store_14,Groceries,39.71,2,5.0,79.42,75.45,43.26,32.19,Credit Card,New,65.0,Female,4.8,3.0
ORD100518,2023-12-14,East,Store_15,Home & Living,242.82,2,15.0,777.02,660.47,470.09,190.38,Mobile Wallet,New,28.0,Female,3.9,5.0
ORD103774,2023-11-10,South,Store_19,Electronics,404.4,2,5.0,1294.08,1229.38,837.62,391.76,Credit Card,Returning,35.0,Female,2.7,4.0
ORD104772,2023-05-10,South,Store_15,Electronics,554.49,1,15.0,554.49,471.32,279.73,191.59,Bank Transfer,VIP,39.0,Male,2.9,5.0
ORD104698,2023-08-08,South,Store_14,Electronics,595.1,1,10.0,595.1,535.59,382.86,152.73,Credit Card,Returning,46.0,Male,4.3,3.0
ORD102657,2023-07-17,East,Store_14,Electronics,512.62,2,0.0,1230.29,1230.29,787.27,443.02,Bank Transfer,Returning,61.0,Female,4.6,8.0
ORD100595,2024-08-08,West,Store_05,Groceries,2.03,3,0.0,6.09,6.09,3.99,2.1,Cash,Returning,36.0,Female,3.8,5.0
ORD104085,2024-04-06,East,Store_16,Groceries,3.61,1,0.0,3.61,3.61,1.97,1.64,Credit Card,New,53.0,Male,3.5,3.0
ORD104057,2024-01-23,East,Store_03,Groceries,34.7,1,0.0,34.7,34.7,22.36,12.34,Mobile Wallet,VIP,28.0,Female,5.0,0.0
ORD105021,2023-12-04,North,Store_05,Electronics,901.95,1,20.0,1443.12,1154.5,758.32,396.18,Debit Card,Returning,16.0,Male,2.9,5.0
ORD102526,2023-12-08,West,Store_05,Home & Living,238.84,1,0.0,382.14,382.14,227.6,154.54,Cash,Returning,59.0,Female,4.4,7.0
ORD101886,2024-04-20,North,Store_16,Beauty,117.98,1,0.0,117.98,117.98,88.4,29.58,Mobile Wallet,Returning,58.0,Female,4.0,4.0
ORD103045,2024-10-06,South,Store_04,Home & Living,486.61,1,0.0,486.61,486.61,296.82,189.79,Bank Transfer,New,43.0,Male,5.0,4.0
ORD100576,2024-11-06,Central,Store_12,Electronics,61.58,1,5.0,98.53,93.6,47.16,46.44,Debit Card,Returning,31.0,Male,4.9,7.0
ORD101650,2023-05-19,West,Store_11,Groceries,5.97,2,0.0,11.94,11.94,5.38,6.56,Cash,Returning,32.0,Female,4.7,3.0
ORD105380,2023-05-02,South,Store_09,Sports,292.5,1,15.0,292.5,248.62,115.78,132.84,Mobile Wallet,New,53.0,Female,5.0,7.0
ORD104492,2024-05-23,East,Store_07,Groceries,32.41,1,0.0,32.41,32.41,21.92,10.49,Debit Card,Returning,,Female,4.7,2.0
ORD101960,2024-09-04,Central,Store_01,Beauty,100.51,2,0.0,201.02,201.02,98.43,102.59,Debit Card,Returning,45.0,Male,4.2,2.0
ORD105687,2023-06-29,North,Store_15,Groceries,37.09,1,10.0,44.51,40.06,28.4,11.66,Credit Card,New,56.0,Female,4.2,3.0
ORD100551,2023-10-15,Central,Store_11,Beauty,16.03,2,20.0,32.06,25.65,19.2,6.45,Bank Transfer,Returning,41.0,Male,3.2,2.0
ORD101635,2024-01-27,East,Store_09,Groceries,15.08,1,0.0,15.08,15.08,10.75,4.33,Debit Card,Returning,44.0,,3.6,5.0
ORD105176,2023-05-27,South,Store_15,Sports,99.51,2,0.0,199.02,199.02,91.89,107.13,Debit Card,Returning,47.0,Female,4.8,4.0
ORD101274,2024-07-10,South,Store_01,Beauty,55.91,2,0.0,134.18,134.18,78.79,55.39,Credit Card,New,35.0,Male,3.2,0.0
ORD101816,2023-06-20,North,Store_16,Home & Living,254.84,2,0.0,611.62,611.62,322.84,288.78,Cash,VIP,38.0,Male,3.0,0.0
ORD100755,2023-11-16,West,Store_05,Beauty,48.46,2,0.0,155.07,155.07,110.31,44.76,Bank Transfer,Returning,41.0,Female,3.3,6.0
ORD102802,2024-12-23,Central,Store_13,Clothing,37.57,5,0.0,300.56,300.56,201.34,99.22,Mobile Wallet,New,25.0,Male,3.4,4.0
ORD102634,2023-03-02,East,Store_01,Beauty,9.0,2,15.0,18.0,15.3,10.54,4.76,Credit Card,New,51.0,Female,3.7,4.0
ORD101327,2023-03-03,West,Store_03,Home & Living,414.87,5,5.0,2074.35,1970.63,1035.92,934.71,Cash,New,52.0,Female,3.5,3.0
ORD100639,2024-11-23,South,Store_10,Home & Living,311.75,2,15.0,997.6,847.96,513.69,334.27,Cash,Returning,27.0,Male,3.1,7.0
ORD105164,2023-09-17,East,Store_08,Beauty,130.95,2,0.0,261.9,261.9,158.18,103.72,Debit Card,Returning,22.0,Other,4.1,2.0
ORD100043,2023-09-16,East,Store_10,Beauty,20.9,1,0.0,20.9,20.9,12.12,8.78,Credit Card,New,52.0,Female,3.7,3.0
ORD100007,2024-05-24,North,Store_06,Groceries,33.72,3,15.0,101.16,85.99,62.33,23.66,Credit Card,Returning,16.0,Male,2.9,7.0
ORD100480,2023-07-30,Central,Store_08,Electronics,956.8,3,15.0,3444.48,2927.81,2040.41,887.4,Debit Card,VIP,23.0,Female,5.0,1.0
ORD104496,2023-08-29,East,Store_16,Groceries,25.27,4,0.0,101.08,101.08,46.74,54.34,Debit Card,Returning,41.0,Female,3.4,2.0
ORD103104,2024-05-26,South,Store_18,Groceries,7.45,4,0.0,29.8,29.8,18.93,10.87,Mobile Wallet,Returning,32.0,Male,3.7,5.0
ORD105571,2024-05-20,West,Store_11,Groceries,11.62,1,10.0,11.62,10.46,7.59,2.87,Debit Card,Returning,23.0,Female,4.3,7.0
ORD100471,2024-08-10,North,Store_12,Electronics,179.81,1,0.0,179.81,179.81,92.24,87.57,Credit Card,New,64.0,Male,5.0,5.0
ORD100421,2024-05-21,North,Store_10,Sports,22.93,2,0.0,45.86,45.86,27.91,17.95,Mobile Wallet,Returning,28.0,Female,4.7,5.0
ORD100177,2023-04-28,Central,Store_16,Groceries,50.88,1,0.0,50.88,50.88,27.76,23.12,Cash,VIP,52.0,Male,3.6,1.0
ORD103952,2024-06-15,South,Store_02,Sports,38.38,1,10.0,46.06,41.45,20.59,20.86,Debit Card,VIP,39.0,Female,4.8,3.0
ORD102237,2023-07-17,North,Store_14,Electronics,718.26,1,0.0,861.91,861.91,400.69,461.22,Credit Card,VIP,33.0,Male,4.1,4.0
ORD104573,2024-10-10,South,Store_08,Groceries,55.68,1,0.0,55.68,55.68,37.98,17.7,Mobile Wallet,VIP,31.0,Male,3.5,4.0
ORD103995,2023-09-02,Central,Store_14,Home & Living,269.47,1,0.0,269.47,269.47,153.53,115.94,Cash,New,53.0,Male,4.7,4.0
ORD103547,2024-10-05,South,Store_01,Groceries,58.53,2,0.0,117.06,117.06,70.99,46.07,Cash,Returning,16.0,Male,4.2,2.0
ORD104725,2023-12-15,South,Store_20,Home & Living,77.45,1,0.0,123.92,123.92,84.85,39.07,Bank Transfer,New,41.0,Male,2.3,4.0
ORD100654,2024-02-08,Central,Store_03,Home & Living,26.48,2,15.0,52.96,45.02,29.85,15.17,Bank Transfer,Returning,63.0,Female,4.5,4.0
ORD105441,2024-01-09,Central,Store_08,Electronics,1145.83,1,0.0,1145.83,1145.83,595.12,550.71,Bank Transfer,Returning,27.0,Male,2.9,5.0
ORD100464,2023-01-05,North,Store_13,Electronics,778.92,1,5.0,778.92,739.97,372.51,367.46,Mobile Wallet,New,26.0,Male,4.6,3.0
ORD103902,2024-01-07,East,Store_12,Sports,169.84,2,,339.68,339.68,202.55,137.13,Cash,Returning,48.0,Female,3.5,1.0
ORD101691,2024-10-11,South,Store_18,Electronics,941.99,1,15.0,941.99,800.69,490.23,310.46,Cash,Returning,34.0,Male,4.0,1.0
ORD100697,2024-03-06,Central,Store_06,Home & Living,419.87,1,0.0,419.87,419.87,300.61,119.26,Cash,Returning,38.0,Male,3.7,6.0
ORD102230,2024-04-06,East,Store_07,Beauty,88.77,1,10.0,88.77,79.89,55.11,24.78,Bank Transfer,New,54.0,Male,3.0,4.0
ORD105980,2024-03-17,Central,Store_08,Electronics,904.94,1,0.0,904.94,904.94,678.63,226.31,Cash,Returning,46.0,Other,3.9,3.0
ORD102695,2023-09-28,East,Store_05,Beauty,64.77,1,5.0,64.77,61.53,41.99,19.54,Cash,Returning,22.0,Female,5.0,3.0
ORD100065,2023-08-26,North,Store_03,Sports,288.47,1,0.0,288.47,288.47,190.23,98.24,Cash,Returning,27.0,Female,4.5,3.0
ORD101348,2024-06-20,North,Store_17,Home & Living,246.28,1,0.0,295.54,295.54,136.31,159.23,Debit Card,New,66.0,Female,2.0,4.0
ORD102415,2023-12-21,East,Store_01,Sports,61.65,3,0.0,295.92,295.92,168.33,127.59,Debit Card,New,24.0,Male,4.0,3.0
ORD102480,2024-04-20,West,Store_17,Sports,226.62,2,15.0,453.24,385.25,193.93,191.32,Credit Card,Returning,49.0,Male,4.1,1.0
ORD102149,2024-09-15,South,Store_12,Groceries,15.1,1,0.0,15.1,15.1,10.69,4.41,Cash,Returning,22.0,Female,4.0,3.0
ORD104950,2023-08-30,North,Store_12,Beauty,54.12,2,15.0,108.24,92.0,42.26,49.74,Credit Card,New,70.0,Female,4.1,2.0
ORD105714,2024-11-29,East,Store_02,Electronics,1171.85,1,0.0,1874.96,1874.96,1367.07,507.89,Cash,VIP,41.0,Female,3.5,2.0
ORD104286,2024-06-05,West,Store_05,Groceries,42.43,1,0.0,50.92,50.92,37.67,13.25,Credit Card,Returning,34.0,Male,2.9,5.0
ORD104820,2024-01-29,South,Store_13,Sports,237.51,2,15.0,475.02,403.77,235.58,168.19,Bank Transfer,VIP,41.0,Male,5.0,4.0
ORD102047,2024-01-23,West,Store_03,Home & Living,314.8,1,0.0,314.8,314.8,217.37,97.43,Credit Card,VIP,25.0,Female,2.9,5.0
ORD103852,2023-03-18,South,Store_06,Electronics,812.96,2,0.0,1625.92,1625.92,1119.67,506.25,Cash,New,16.0,Male,3.0,4.0
ORD100849,2024-03-18,East,Store_14,Groceries,13.51,1,5.0,13.51,12.83,7.44,5.39,Bank Transfer,New,29.0,Female,3.6,4.0
ORD104896,2024-09-12,North,Store_11,Groceries,56.99,1,0.0,56.99,56.99,41.14,15.85,Cash,VIP,36.0,Female,3.8,5.0
ORD103965,2024-09-13,Central,Store_18,Electronics,574.36,1,15.0,574.36,488.21,319.85,168.36,Cash,Returning,35.0,Male,3.5,0.0
ORD100417,2023-03-30,West,Store_16,Groceries,43.48,4,0.0,173.92,173.92,114.38,59.54,Bank Transfer,Returning,40.0,Female,,3.0
ORD103718,2024-05-13,East,Store_10,Electronics,872.59,1,10.0,872.59,785.33,524.89,260.44,Debit Card,VIP,47.0,Male,3.1,2.0
ORD104639,2024-11-02,South,Store_20,Clothing,47.18,5,0.0,377.44,377.44,183.09,194.35,Debit Card,Returning,20.0,Male,4.0,5.0
ORD102285,2024-08-30,West,Store_11,Electronics,760.42,1,,760.42,760.42,377.05,383.37,Bank Transfer,New,33.0,Female,3.4,6.0
ORD102549,2023-04-04,South,Store_13,Home & Living,396.21,2,0.0,792.42,792.42,441.28,351.14,Cash,New,39.0,Male,3.4,1.0
ORD101922,2024-08-25,West,Store_14,Groceries,49.4,3,20.0,148.2,118.56,78.25,40.31,Credit Card,VIP,29.0,Male,4.8,2.0
ORD102570,2024-08-08,North,Store_03,Groceries,21.03,1,0.0,21.03,21.03,9.79,11.24,Debit Card,Returning,19.0,Male,2.9,5.0
ORD105972,2023-12-30,North,Store_07,Electronics,348.13,1,0.0,557.01,557.01,370.92,186.09,Debit Card,New,,Female,4.1,2.0
ORD105816,2023-10-25,East,Store_11,Beauty,115.75,1,0.0,115.75,115.75,67.37,48.38,Mobile Wallet,Returning,,Female,2.4,1.0
ORD102102,2023-05-06,North,Store_06,Beauty,94.16,2,0.0,188.32,188.32,117.93,70.39,Bank Transfer,Returning,60.0,Female,3.2,1.0
ORD105623,2024-09-29,South,Store_14,Electronics,1080.57,2,0.0,2161.14,2161.14,1036.26,1124.88,Mobile Wallet,VIP,36.0,Male,4.8,3.0
ORD105780,2023-05-22,West,Store_07,Groceries,15.36,1,5.0,15.36,14.59,6.67,7.92,Debit Card,Returning,34.0,Male,,0.0
ORD105396,2024-11-19,East,Store_07,Home & Living,117.96,1,10.0,188.74,169.87,91.24,78.63,Cash,New,42.0,Female,4.0,5.0
ORD101481,2023-01-02,West,Store_13,Clothing,102.81,1,5.0,102.81,97.67,44.39,53.28,Debit Card,New,36.0,Female,4.0,7.0
ORD100382,2024-11-22,Central,Store_13,Groceries,5.2,4,15.0,33.28,28.29,13.15,15.14,Cash,New,23.0,Male,3.9,6.0
ORD104888,2023-09-04,North,Store_20,Groceries,23.63,1,5.0,23.63,22.45,14.84,7.61,Credit Card,New,30.0,Male,4.9,5.0
ORD100029,2023-11-20,West,Store_18,Electronics,94.53,1,0.0,151.25,151.25,84.23,67.02,Debit Card,New,32.0,Female,5.0,5.0
ORD103811,2023-11-21,Central,Store_15,Groceries,4.99,1,0.0,7.98,7.98,5.98,2.0,Mobile Wallet,VIP,49.0,Female,2.9,3.0
ORD104889,2023-12-18,South,Store_11,Electronics,1135.33,1,20.0,1816.53,1453.22,817.93,635.29,Mobile Wallet,VIP,40.0,Female,5.0,4.0
ORD100321,2023-03-20,South,Store_20,Beauty,140.91,4,0.0,563.64,563.64,298.33,265.31,Credit Card,New,16.0,Male,4.0,7.0
ORD105163,2024-09-02,North,Store_15,Electronics,1051.7,2,10.0,2103.4,1893.06,1049.06,844.0,Cash,Returning,55.0,Male,5.0,4.0
ORD103697,2023-10-28,West,Store_09,Clothing,157.25,1,0.0,157.25,157.25,71.96,85.29,Bank Transfer,New,40.0,Female,2.7,2.0
ORD104289,2023-08-14,Central,Store_20,Electronics,367.91,1,0.0,367.91,367.91,170.83,197.08,Credit Card,New,37.0,Male,4.9,4.0
ORD103684,2024-12-13,South,Store_09,Sports,153.33,1,15.0,245.33,208.53,120.25,88.28,Mobile Wallet,New,44.0,Male,4.6,0.0
ORD103344,2024-01-28,South,Store_15,Clothing,86.05,1,10.0,86.05,77.44,57.23,20.21,Cash,New,31.0,Male,4.5,3.0
ORD105600,2023-09-03,South,Store_08,Electronics,172.0,1,0.0,172.0,172.0,112.01,59.99,Credit Card,Returning,23.0,Male,,2.0
ORD104416,2023-12-10,Central,Store_07,Groceries,38.75,2,5.0,124.0,117.8,54.45,63.35,Credit Card,VIP,22.0,Male,5.0,3.0
ORD103944,2023-04-06,West,Store_11,Electronics,1012.47,2,0.0,2024.94,2024.94,1116.52,908.42,Mobile Wallet,New,20.0,Female,3.9,3.0
ORD103560,2023-02-19,Central,Store_10,Home & Living,332.76,1,20.0,332.76,266.21,161.54,104.67,Debit Card,VIP,61.0,Female,3.7,5.0
ORD105682,2023-10-05,East,Store_20,Home & Living,332.49,1,10.0,332.49,299.24,205.17,94.07,Credit Card,Returning,37.0,Female,4.3,11.0
ORD103280,2023-03-05,East,Store_07,Groceries,48.09,1,0.0,48.09,48.09,22.02,26.07,Credit Card,New,47.0,Male,3.7,5.0
ORD102947,2023-12-30,North,Store_04,Clothing,181.59,2,0.0,581.09,581.09,276.26,304.83,Debit Card,VIP,33.0,Female,2.2,3.0
ORD103185,2024-11-23,South,Store_06,Home & Living,372.53,3,5.0,1788.14,1698.73,936.99,761.74,Cash,VIP,26.0,Female,3.5,5.0
ORD103167,2023-07-15,South,Store_18,Electronics,1119.09,2,0.0,2685.82,2685.82,1690.33,995.49,Mobile Wallet,New,39.0,Male,3.3,0.0
ORD100097,2024-05-13,Central,Store_04,Home & Living,497.9,1,10.0,497.9,448.11,276.33,171.78,Mobile Wallet,New,52.0,Female,4.8,4.0
ORD105672,2024-11-26,Central,Store_19,Home & Living,203.34,1,0.0,325.34,325.34,234.99,90.35,Cash,VIP,59.0,Female,3.5,5.0
ORD102429,2023-07-17,North,Store_01,Groceries,47.31,2,5.0,113.54,107.86,67.23,40.63,Debit Card,VIP,21.0,Male,4.2,3.0
ORD102245,2024-08-30,North,Store_05,Sports,154.12,4,0.0,616.48,616.48,386.6,229.88,Credit Card,VIP,16.0,Other,4.0,1.0
ORD102076,2023-12-05,North,Store_11,Sports,290.2,1,0.0,464.32,464.32,228.76,235.56,Bank Transfer,VIP,34.0,,3.8,3.0
ORD100447,2024-11-28,Central,Store_19,Beauty,103.75,2,0.0,332.0,332.0,212.84,119.16,Bank Transfer,New,45.0,Male,3.1,1.0
ORD100014,2024-06-07,East,Store_13,Home & Living,359.72,5,5.0,2158.32,2050.4,947.4,1103.0,Bank Transfer,New,48.0,Female,4.9,3.0
ORD104336,2024-07-06,North,Store_01,Electronics,413.09,1,5.0,495.71,470.92,322.41,148.51,Bank Transfer,New,39.0,Female,3.7,5.0
ORD101215,2023-03-25,South,Store_10,Clothing,130.45,1,,130.45,110.88,63.92,46.96,Debit Card,New,33.0,Female,3.7,1.0
ORD103794,2024-10-13,North,Store_13,Sports,257.69,2,15.0,515.38,438.07,283.79,154.28,Cash,Returning,35.0,Male,4.7,5.0
ORD104189,2024-10-19,North,Store_11,Clothing,42.71,1,5.0,42.71,40.57,19.6,20.97,Mobile Wallet,VIP,30.0,Male,4.4,0.0
ORD102342,2024-02-03,South,Store_06,Electronics,928.83,2,0.0,1857.66,1857.66,1012.6,845.06,Mobile Wallet,VIP,35.0,Female,3.0,4.0
ORD100286,2023-04-28,South,Store_02,Groceries,44.85,2,0.0,89.7,89.7,55.33,34.37,Mobile Wallet,VIP,50.0,Female,5.0,0.0
ORD103843,2023-08-08,South,Store_16,Home & Living,151.63,2,0.0,303.26,303.26,215.71,87.55,Mobile Wallet,New,40.0,Male,,6.0
ORD102312,2024-01-08,East,,Sports,124.02,1,25.0,124.02,93.02,60.1,32.92,Cash,Returning,48.0,Male,3.8,5.0
ORD102859,2023-11-22,West,Store_10,Home & Living,454.05,1,5.0,726.48,690.16,320.81,369.35,Debit Card,Returning,41.0,Female,4.1,6.0
ORD100779,2024-09-12,North,Store_20,Sports,274.31,1,5.0,274.31,260.59,131.22,129.37,Debit Card,New,32.0,,4.2,2.0
ORD105659,2024-06-21,West,Store_15,Beauty,63.72,1,5.0,76.46,72.64,32.79,39.85,Bank Transfer,Returning,46.0,Male,3.9,4.0
ORD104019,2024-05-16,North,Store_10,Sports,252.19,2,15.0,504.38,428.72,230.74,197.98,Bank Transfer,VIP,,Female,4.9,4.0
ORD102052,2023-09-21,East,Store_13,Electronics,902.51,1,5.0,902.51,857.38,454.16,403.22,Bank Transfer,Returning,23.0,Male,4.5,4.0
ORD105499,2023-01-25,North,Store_04,Beauty,124.16,3,20.0,372.48,297.98,159.76,138.22,Cash,Returning,18.0,Female,3.8,3.0
ORD105371,2024-06-23,North,Store_19,Electronics,1039.27,1,10.0,1247.12,1122.41,698.88,423.53,Mobile Wallet,New,21.0,Female,4.5,4.0
ORD100165,2024-08-17,West,Store_13,Clothing,52.47,1,0.0,52.47,52.47,29.17,23.3,Credit Card,New,44.0,Male,3.0,2.0
ORD100660,2023-05-10,Central,Store_11,Groceries,17.78,1,0.0,17.78,17.78,11.8,5.98,Mobile Wallet,Returning,23.0,Female,2.1,0.0
ORD103108,2024-10-19,East,Store_20,Clothing,143.44,2,10.0,286.88,258.19,148.41,109.78,Bank Transfer,Returning,21.0,Female,3.1,0.0
ORD101339,2023-10-25,Central,Store_19,Home & Living,123.3,1,0.0,123.3,123.3,63.01,60.29,Mobile Wallet,Returning,16.0,Female,4.0,3.0
ORD101138,2024-06-26,East,Store_07,Clothing,24.3,1,0.0,29.16,29.16,21.43,7.73,Debit Card,Returning,41.0,Female,3.4,1.0
ORD102618,2024-04-24,Central,Store_02,Electronics,150.97,1,10.0,150.97,135.87,82.34,53.53,Credit Card,Returning,45.0,Male,4.4,2.0
ORD102216,2023-11-25,West,Store_13,Sports,30.23,1,0.0,48.37,48.37,23.02,25.35,Credit Card,New,37.0,Female,5.0,5.0
ORD102188,2023-12-04,North,Store_14,Clothing,162.94,3,0.0,782.11,782.11,524.93,257.18,Cash,VIP,37.0,Male,5.0,3.0
ORD103832,2024-08-13,North,Store_01,Home & Living,177.84,1,0.0,177.84,177.84,126.36,51.48,Debit Card,New,21.0,Male,,2.0
ORD105153,2024-05-23,North,Store_19,Beauty,21.11,1,0.0,21.11,21.11,10.94,10.17,Mobile Wallet,Returning,36.0,Female,4.6,2.0
ORD100299,2023-01-16,East,Store_08,Groceries,48.89,1,0.0,48.89,48.89,28.28,20.61,Debit Card,Returning,39.0,Female,4.2,3.0
ORD101615,2023-05-07,North,Store_20,Groceries,48.0,1,0.0,48.0,48.0,30.66,17.34,Bank Transfer,Returning,16.0,Male,3.9,4.0
ORD104795,2023-05-19,East,Store_19,Home & Living,185.17,1,10.0,185.17,166.65,101.21,65.44,Bank Transfer,New,33.0,Female,4.0,2.0
ORD101133,2024-07-10,West,Store_16,Clothing,87.84,2,20.0,210.82,168.66,89.57,79.09,Cash,New,37.0,Female,3.1,3.0
ORD103081,2024-08-22,North,Store_08,Groceries,42.13,1,5.0,42.13,40.02,22.2,17.82,Cash,New,46.0,Female,3.8,3.0
ORD103142,2023-11-26,West,Store_14,Clothing,107.03,1,0.0,171.25,171.25,123.57,47.68,Bank Transfer,VIP,46.0,Other,3.3,2.0
ORD101937,2024-02-09,Central,Store_03,Home & Living,385.42,2,0.0,770.84,770.84,531.02,239.82,Mobile Wallet,Returning,37.0,Female,3.9,2.0
ORD101048,2024-05-02,West,Store_12,Home & Living,390.0,4,0.0,1560.0,1560.0,1125.22,434.78,Bank Transfer,New,34.0,Male,3.6,3.0
ORD105328,2023-05-14,East,Store_08,Electronics,696.63,3,0.0,2089.89,2089.89,983.4,1106.49,Bank Transfer,Returning,20.0,Female,4.7,0.0
ORD105508,2024-02-19,South,Store_03,Sports,215.97,1,15.0,215.97,183.57,111.52,72.05,Debit Card,New,19.0,Female,4.7,4.0
ORD100846,2023-04-25,North,Store_14,Clothing,44.14,2,0.0,88.28,88.28,54.33,33.95,Credit Card,Returning,30.0,Male,3.6,0.0
ORD100251,2023-12-27,South,Store_15,Electronics,473.91,1,0.0,758.26,758.26,345.91,412.35,Debit Card,Returning,53.0,Male,4.0,3.0
ORD103034,2023-03-14,South,,Groceries,59.71,3,5.0,179.13,170.17,96.07,74.1,Cash,VIP,43.0,Female,5.0,6.0
ORD101027,2023-07-24,West,Store_08,Clothing,179.95,1,0.0,215.94,215.94,120.41,95.53,Mobile Wallet,New,29.0,Male,5.0,1.0
ORD100806,2024-02-02,South,Store_04,Beauty,29.76,1,0.0,29.76,29.76,20.93,8.83,Debit Card,VIP,35.0,Male,5.0,2.0
ORD101552,2024-01-25,West,Store_04,Clothing,179.55,1,5.0,179.55,170.57,123.41,47.16,Debit Card,VIP,34.0,Male,5.0,5.0
ORD100031,2023-06-15,East,Store_11,Groceries,2.59,3,0.0,9.32,9.32,6.86,2.46,Debit Card,Returning,50.0,Female,5.0,5.0
ORD100715,2024-08-06,South,Store_15,Groceries,37.31,1,0.0,37.31,37.31,23.31,14.0,Cash,Returning,57.0,Female,3.2,5.0
ORD102384,2023-05-15,South,Store_08,Groceries,40.91,1,0.0,40.91,40.91,20.14,20.77,Mobile Wallet,VIP,29.0,Male,4.0,5.0
ORD105209,2023-01-24,West,Store_07,Groceries,34.63,1,10.0,34.63,31.17,18.74,12.43,Credit Card,Returning,,Male,4.7,3.0
ORD105900,2024-11-09,West,Store_13,Beauty,139.76,1,15.0,223.62,190.08,134.32,55.76,Cash,VIP,39.0,Male,4.3,2.0
ORD104977,2023-03-22,East,Store_20,Electronics,895.44,1,0.0,895.44,895.44,512.73,382.71,Mobile Wallet,New,50.0,Male,3.7,2.0
ORD105144,2024-04-12,Central,Store_10,Groceries,10.13,1,0.0,10.13,10.13,5.47,4.66,Credit Card,New,45.0,Female,2.2,6.0
ORD103459,2023-10-17,North,Store_12,Home & Living,390.4,1,0.0,390.4,390.4,182.13,208.27,Credit Card,New,43.0,Other,5.0,3.0
ORD104331,2023-07-17,South,Store_15,Electronics,1015.5,1,5.0,1218.6,1157.67,563.92,593.75,Cash,Returning,33.0,Other,4.0,0.0
ORD101044,2024-06-01,Central,Store_16,Groceries,34.73,1,0.0,41.68,41.68,25.14,16.54,Debit Card,New,42.0,Male,5.0,3.0
ORD102144,2023-09-22,South,Store_15,Clothing,112.58,1,0.0,112.58,112.58,74.32,38.26,Mobile Wallet,VIP,44.0,Female,5.0,4.0
ORD102489,2023-09-18,South,,Home & Living,78.62,3,0.0,235.86,235.86,106.26,129.6,Cash,VIP,20.0,Male,3.9,2.0
ORD103244,2024-06-16,North,Store_15,Beauty,60.02,1,10.0,72.02,64.82,30.88,33.94,Bank Transfer,New,52.0,Male,4.8,3.0
ORD103191,2024-05-12,East,Store_19,Groceries,40.22,1,0.0,40.22,40.22,19.04,21.18,Credit Card,New,16.0,Male,3.5,5.0
ORD104455,2023-02-19,South,Store_13,Home & Living,201.65,1,0.0,201.65,201.65,124.49,77.16,Credit Card,New,61.0,Female,4.7,1.0
ORD104537,2024-06-12,East,Store_08,Sports,276.39,1,0.0,331.67,331.67,202.68,128.99,Credit Card,Returning,56.0,Male,5.0,3.0
ORD103987,2023-02-22,South,Store_11,Groceries,10.85,1,15.0,10.85,9.22,5.18,4.04,Mobile Wallet,Returning,43.0,Female,5.0,6.0
ORD100330,2024-02-04,Central,Store_11,Clothing,161.41,2,5.0,322.82,306.68,174.01,132.67,Cash,Returning,53.0,Female,2.2,0.0
ORD105419,2024-04-14,West,Store_09,Electronics,738.59,1,5.0,738.59,701.66,378.99,322.67,Bank Transfer,Returning,51.0,Female,4.2,3.0
ORD103510,2024-12-10,North,Store_08,Sports,175.23,1,15.0,280.37,238.31,175.04,63.27,Debit Card,New,33.0,Female,4.8,8.0
ORD100861,2024-11-08,South,Store_19,Electronics,974.47,1,5.0,1559.15,1481.19,787.87,693.32,Debit Card,Returning,23.0,Male,3.5,3.0
ORD101198,2024-08-09,East,Store_11,Sports,95.69,1,5.0,95.69,90.91,53.75,37.16,Mobile Wallet,Returning,42.0,Male,3.3,0.0
ORD103951,2023-06-10,North,Store_09,Groceries,27.04,1,15.0,32.45,27.58,20.2,7.38,Cash,VIP,33.0,Female,4.2,3.0
ORD101088,2024-04-20,North,Store_14,Groceries,13.56,5,5.0,67.8,64.41,33.19,31.22,Debit Card,New,43.0,Male,3.2,6.0
ORD104219,2023-04-29,North,Store_01,Clothing,83.37,1,0.0,83.37,83.37,42.2,41.17,Debit Card,VIP,54.0,Male,4.1,2.0
ORD102515,2024-08-21,South,Store_15,Clothing,187.24,1,0.0,187.24,187.24,114.59,72.65,Mobile Wallet,Returning,,Female,,2.0
ORD100003,2023-11-17,West,Store_14,Electronics,261.96,1,0.0,419.14,419.14,304.83,114.31,Bank Transfer,New,39.0,Female,4.3,2.0
ORD103757,2024-02-04,South,Store_11,Electronics,988.35,2,5.0,1976.7,1877.86,1010.78,867.08,Cash,New,43.0,Female,3.4,3.0
ORD103724,2023-01-07,Central,Store_09,Groceries,39.84,1,10.0,39.84,35.86,23.61,12.25,Credit Card,Returning,16.0,Female,3.2,3.0
ORD105869,2024-05-01,Central,Store_06,Groceries,36.1,2,10.0,72.2,64.98,38.35,26.63,Debit Card,New,30.0,Female,3.7,5.0
ORD104040,2023-08-28,Central,Store_04,Electronics,643.06,1,0.0,643.06,643.06,302.71,340.35,Credit Card,VIP,38.0,Other,4.1,1.0
ORD102459,2023-02-13,East,Store_13,Clothing,157.57,1,10.0,157.57,141.81,93.97,47.84,Cash,Returning,37.0,Female,3.7,3.0
ORD100549,2024-05-11,East,Store_05,Groceries,44.0,1,15.0,44.0,37.4,17.96,19.44,Debit Card,Returning,22.0,Female,5.0,
ORD105190,2024-06-19,East,Store_19,Home & Living,384.33,1,25.0,461.2,345.9,215.93,129.97,Debit Card,Returning,16.0,Male,4.2,6.0
ORD104422,2024-07-11,East,Store_08,Groceries,37.29,2,10.0,89.5,80.55,38.79,41.76,Debit Card,VIP,,Female,4.6,5.0
ORD105478,2023-03-10,South,Store_15,Home & Living,391.92,2,0.0,783.84,783.84,425.28,358.56,Debit Card,Returning,44.0,Male,4.1,5.0
ORD101471,2024-05-24,West,Store_04,Beauty,136.6,2,15.0,273.2,232.22,143.5,88.72,Cash,VIP,34.0,Male,3.1,5.0
ORD101234,2024-04-10,South,Store_02,Home & Living,138.09,5,0.0,690.45,690.45,397.17,293.28,Debit Card,VIP,38.0,Female,3.8,0.0
ORD101154,2023-08-11,Central,Store_13,Clothing,171.7,1,15.0,171.7,145.95,91.51,54.44,Bank Transfer,Returning,18.0,Male,2.7,2.0
ORD101401,2023-06-26,South,Store_09,Clothing,193.94,5,0.0,1163.64,1163.64,555.68,607.96,Credit Card,Returning,,Male,5.0,6.0
ORD100918,2023-07-05,South,Store_10,Clothing,15.9,1,10.0,19.08,17.17,9.07,8.1,Bank Transfer,VIP,46.0,Female,3.8,6.0
ORD102348,2023-05-28,West,Store_11,Home & Living,494.84,1,5.0,494.84,470.1,248.33,221.77,Credit Card,Returning,26.0,Female,4.2,4.0
ORD105157,2023-03-31,West,Store_10,Beauty,74.85,1,10.0,74.85,67.37,46.82,20.55,Mobile Wallet,VIP,23.0,Female,3.3,6.0
ORD103660,2024-02-11,West,Store_20,Clothing,182.33,1,0.0,182.33,182.33,118.72,63.61,Bank Transfer,VIP,52.0,Male,3.9,5.0
ORD104764,2023-11-15,West,Store_11,Groceries,19.91,1,5.0,31.86,30.27,19.4,10.87,Mobile Wallet,New,16.0,Female,3.4,5.0
ORD102601,2023-06-06,East,Store_10,Sports,240.63,2,10.0,577.51,519.76,327.64,192.12,Bank Transfer,VIP,61.0,Other,4.9,4.0
ORD105132,2023-12-14,South,Store_02,Groceries,41.59,4,10.0,266.18,239.56,121.83,117.73,Cash,New,27.0,Female,3.2,1.0
ORD101821,2024-07-12,North,Store_16,Electronics,785.84,4,25.0,3772.03,2829.02,1980.17,848.85,Bank Transfer,Returning,30.0,Female,,3.0
ORD100467,2024-03-11,East,Store_17,Groceries,57.03,4,0.0,228.12,228.12,126.18,101.94,Cash,New,64.0,Male,5.0,2.0
ORD101492,2023-01-22,East,Store_04,Home & Living,375.77,5,10.0,1878.85,1690.97,794.82,896.15,Mobile Wallet,New,34.0,Male,4.2,6.0
ORD105468,2024-02-08,South,Store_07,Sports,47.75,3,0.0,143.25,143.25,76.01,67.24,Mobile Wallet,Returning,24.0,Male,2.7,1.0
ORD104170,2023-09-30,West,Store_07,Groceries,44.47,1,0.0,44.47,44.47,21.49,22.98,Bank Transfer,New,33.0,Female,3.4,5.0
ORD104408,2023-07-10,East,Store_14,Beauty,66.25,2,0.0,159.0,159.0,93.01,65.99,Credit Card,New,41.0,Female,5.0,4.0
ORD105217,2024-05-01,South,Store_02,Groceries,29.11,1,0.0,29.11,29.11,16.0,13.11,Credit Card,Returning,44.0,Female,4.3,3.0
ORD103754,2023-01-28,East,Store_19,Sports,74.31,2,10.0,148.62,133.76,99.1,34.66,Credit Card,VIP,25.0,Male,3.0,5.0
ORD101888,2023-02-14,West,Store_20,Groceries,51.15,1,0.0,51.15,51.15,31.32,19.83,Cash,New,40.0,Male,3.5,9.0
ORD105433,2024-01-03,West,Store_20,Groceries,26.15,1,0.0,26.15,26.15,14.67,11.48,Mobile Wallet,Returning,28.0,Male,2.7,4.0
ORD103128,2024-01-04,East,Store_04,Electronics,798.04,1,0.0,798.04,798.04,579.74,218.3,Bank Transfer,Returning,42.0,Male,,4.0
ORD102487,2023-02-10,South,Store_13,Electronics,553.09,2,10.0,1106.18,995.56,472.75,522.81,Debit Card,Returning,27.0,Female,4.4,7.0
ORD104550,2023-02-02,North,Store_20,Electronics,308.99,2,0.0,617.98,617.98,302.85,315.13,Credit Card,New,31.0,Male,3.7,6.0
ORD100021,2023-09-28,East,Store_17,Beauty,19.71,1,0.0,19.71,19.71,9.12,10.59,Debit Card,New,20.0,Male,3.1,2.0
ORD105908,2024-08-03,South,Store_06,Home & Living,62.58,3,0.0,187.74,187.74,92.19,95.55,Credit Card,Returning,45.0,Female,3.3,3.0
ORD104477,2023-09-26,Central,Store_09,Groceries,22.95,1,10.0,22.95,20.66,12.06,8.6,Cash,Returning,41.0,Male,2.3,4.0
ORD105881,2024-12-21,South,Store_14,Groceries,36.18,1,0.0,57.89,57.89,36.23,21.66,Mobile Wallet,VIP,24.0,Male,4.8,3.0
ORD105641,2023-07-30,South,Store_13,Groceries,12.61,1,15.0,15.13,12.86,7.91,4.95,Debit Card,Returning,34.0,Female,5.0,3.0
ORD103275,2024-11-05,North,Store_15,Groceries,51.67,2,0.0,165.34,165.34,105.09,60.25,Debit Card,VIP,41.0,Male,,2.0
ORD102403,2024-02-07,Central,Store_19,Electronics,973.86,1,0.0,973.86,973.86,721.02,252.84,Mobile Wallet,Returning,54.0,Male,,4.0
ORD103592,2024-12-19,North,Store_19,Groceries,59.52,1,0.0,95.23,95.23,58.23,37.0,Mobile Wallet,VIP,37.0,Male,4.0,6.0
ORD101314,2024-10-20,East,Store_16,Clothing,20.28,1,0.0,20.28,20.28,12.17,8.11,Debit Card,Returning,50.0,Female,5.0,3.0
ORD104513,2024-10-26,Central,Store_13,Groceries,56.72,2,0.0,113.44,113.44,66.17,47.27,Mobile Wallet,VIP,42.0,Female,3.6,4.0
ORD101047,2024-03-14,North,Store_07,Clothing,159.09,1,0.0,159.09,159.09,101.1,57.99,Mobile Wallet,New,36.0,Female,5.0,1.0
ORD103247,2023-03-07,North,Store_15,Electronics,477.68,3,10.0,1433.04,1289.74,874.38,415.36,Credit Card,VIP,51.0,Male,,2.0
ORD105546,2023-04-23,West,Store_14,Electronics,628.57,1,0.0,628.57,628.57,369.74,258.83,Mobile Wallet,New,40.0,Male,2.9,0.0
ORD104066,2024-09-15,East,Store_09,Groceries,24.97,1,5.0,24.97,23.72,15.93,7.79,Bank Transfer,New,29.0,Female,3.0,3.0
ORD100810,2023-02-02,Central,Store_01,Home & Living,145.69,2,0.0,291.38,291.38,174.43,116.95,Credit Card,Returning,37.0,Female,4.8,4.0
ORD103741,2023-08-10,North,Store_08,Groceries,12.77,2,25.0,25.54,19.16,9.54,9.62,Debit Card,Returning,29.0,Female,5.0,3.0
ORD102479,2023-04-09,South,Store_07,Home & Living,494.25,1,0.0,494.25,494.25,317.35,176.9,Cash,Returning,39.0,Male,3.6,4.0
ORD104203,2023-04-06,South,Store_17,Home & Living,134.95,2,0.0,269.9,269.9,145.98,123.92,Bank Transfer,Returning,38.0,Female,4.9,2.0
ORD105979,2024-03-21,North,Store_03,Sports,169.41,1,0.0,169.41,169.41,101.54,67.87,Mobile Wallet,Returning,31.0,Male,3.8,5.0
ORD101368,2024-12-04,West,Store_03,Clothing,138.3,1,10.0,221.28,199.15,123.03,76.12,Debit Card,New,57.0,Female,4.8,1.0
ORD102668,2023-02-25,North,Store_08,Home & Living,338.06,1,0.0,338.06,338.06,183.09,154.97,Credit Card,Returning,34.0,Female,4.3,6.0
ORD101520,2024-09-22,North,Store_19,Beauty,53.35,1,0.0,53.35,53.35,39.85,13.5,Cash,Returning,44.0,Other,4.5,2.0
ORD104031,2024-01-16,Central,Store_05,Sports,174.88,2,0.0,349.76,349.76,184.79,164.97,Bank Transfer,Returning,27.0,Female,4.8,2.0
ORD105655,2023-06-10,South,Store_03,Groceries,48.53,1,0.0,58.24,58.24,32.8,25.44,Bank Transfer,New,55.0,Male,5.0,4.0
ORD101205,2024-10-21,East,Store_10,Beauty,133.71,1,5.0,133.71,127.02,60.73,66.29,Debit Card,New,31.0,Female,4.0,0.0
ORD102332,2023-07-15,North,Store_16,Electronics,623.52,1,25.0,748.22,561.16,260.16,301.0,Bank Transfer,Returning,40.0,Female,2.7,3.0
ORD104544,2023-11-22,North,Store_04,Sports,186.24,1,0.0,297.98,297.98,201.55,96.43,Debit Card,VIP,24.0,Male,4.2,1.0
ORD103849,2023-06-13,South,Store_05,Sports,203.48,1,25.0,244.18,183.13,131.97,51.16,Bank Transfer,New,30.0,Male,3.9,4.0
ORD104226,2023-11-25,West,Store_11,Electronics,702.42,1,0.0,1123.87,1123.87,538.41,585.46,Bank Transfer,New,45.0,Female,4.5,6.0
ORD100955,2024-03-22,East,Store_15,Sports,286.43,2,10.0,572.86,515.57,383.16,132.41,Cash,New,,Male,4.0,5.0
ORD100859,2024-08-07,Central,Store_11,Electronics,807.86,1,0.0,807.86,807.86,568.84,239.02,Mobile Wallet,New,56.0,Male,3.1,3.0
ORD102033,2024-05-10,South,Store_07,Clothing,141.95,1,0.0,141.95,141.95,73.3,68.65,Debit Card,Returning,49.0,Female,3.7,6.0
ORD101315,2023-08-07,South,Store_07,Electronics,839.21,2,0.0,1678.42,1678.42,1062.42,616.0,Mobile Wallet,VIP,40.0,Other,1.7,4.0
ORD102399,2024-06-20,North,Store_17,Groceries,43.58,1,,52.3,49.68,23.61,26.07,Credit Card,Returning,16.0,Female,3.4,5.0
ORD105067,2023-01-13,West,Store_06,Clothing,38.83,2,25.0,77.66,58.25,30.74,27.51,Mobile Wallet,New,60.0,Male,3.7,4.0
ORD103904,2024-09-29,South,Store_14,Groceries,22.84,3,0.0,68.52,68.52,46.37,22.15,Mobile Wallet,VIP,35.0,Female,3.9,6.0
ORD104790,2023-05-24,East,Store_14,Electronics,977.49,2,5.0,1954.98,1857.23,1097.4,759.83,Debit Card,New,16.0,Male,3.0,5.0
ORD101366,2023-08-09,South,Store_07,Sports,162.32,2,,324.64,308.41,157.59,150.82,Bank Transfer,New,41.0,Male,2.9,2.0
ORD103043,2024-01-22,East,Store_06,Beauty,57.4,2,25.0,114.8,86.1,42.97,43.13,Mobile Wallet,VIP,36.0,Male,3.2,4.0
ORD103924,2024-04-10,East,Store_10,Clothing,24.29,1,10.0,24.29,21.86,10.15,11.71,Mobile Wallet,Returning,41.0,Female,4.2,3.0
ORD105137,2024-04-23,North,Store_09,Groceries,4.68,1,5.0,4.68,4.45,2.3,2.15,Debit Card,New,50.0,Female,4.3,5.0
ORD102506,2023-12-02,North,Store_11,Groceries,30.5,2,10.0,97.6,87.84,45.22,42.62,Debit Card,VIP,34.0,Male,4.1,3.0
ORD100462,2024-06-30,West,Store_14,Clothing,109.67,1,15.0,131.6,111.86,65.66,46.2,Cash,Returning,55.0,Female,3.7,2.0
ORD101573,2024-08-16,East,Store_11,Home & Living,314.38,2,20.0,628.76,503.01,297.74,205.27,Debit Card,New,37.0,Female,3.4,1.0
ORD100308,2023-08-19,Central,Store_03,Groceries,45.61,1,10.0,45.61,41.05,25.16,15.89,Credit Card,Returning,54.0,Female,4.5,6.0
ORD102121,2024-11-26,North,Store_16,Beauty,16.23,1,0.0,25.97,25.97,14.08,11.89,Bank Transfer,New,55.0,Female,5.0,2.0
ORD100579,2023-03-16,North,Store_11,Home & Living,359.95,1,0.0,359.95,359.95,194.78,165.17,Debit Card,Returning,35.0,Female,4.2,1.0
ORD104201,2024-06-29,North,Store_20,Electronics,909.03,1,5.0,1090.84,1036.3,661.34,374.96,Bank Transfer,New,56.0,Female,4.0,3.0
ORD101705,2024-09-19,West,Store_19,Groceries,56.74,2,0.0,113.48,113.48,61.0,52.48,Mobile Wallet,VIP,35.0,Male,4.9,2.0
ORD103786,2023-05-10,West,Store_19,Groceries,6.56,1,0.0,6.56,6.56,3.12,3.44,Debit Card,New,33.0,Male,4.4,4.0
ORD104566,2024-05-29,East,Store_03,Groceries,38.48,1,0.0,38.48,38.48,20.35,18.13,Debit Card,Returning,32.0,Male,3.5,3.0
ORD102994,2024-07-16,South,Store_15,Groceries,47.04,5,0.0,282.24,282.24,154.15,128.09,Mobile Wallet,Returning,31.0,Male,1.2,6.0
ORD102037,2023-01-30,North,Store_18,Groceries,43.99,1,0.0,43.99,43.99,29.27,14.72,Credit Card,Returning,40.0,Male,2.8,4.0
ORD104789,2024-03-10,North,Store_05,Electronics,982.35,1,0.0,982.35,982.35,617.35,365.0,Credit Card,New,42.0,Female,4.7,1.0
ORD104673,2024-09-25,North,Store_14,Clothing,47.5,3,0.0,142.5,142.5,82.98,59.52,Mobile Wallet,Returning,33.0,Female,1.7,
ORD102095,2024-07-22,East,Store_09,Clothing,187.07,1,0.0,224.48,224.48,105.73,118.75,Bank Transfer,Returning,58.0,Male,4.5,
ORD100870,2023-11-30,North,Store_13,Electronics,528.4,1,5.0,845.44,803.17,562.77,240.4,Mobile Wallet,New,32.0,Female,3.7,
ORD105937,2024-02-23,East,Store_02,Home & Living,159.26,1,0.0,159.26,159.26,108.81,50.45,Mobile Wallet,New,38.0,Female,4.7,3.0
ORD105743,2023-12-01,South,Store_16,Groceries,13.89,4,10.0,88.9,80.01,43.05,36.96,Credit Card,VIP,18.0,Male,4.1,4.0
ORD103049,2024-05-31,North,Store_02,Electronics,203.07,1,0.0,203.07,203.07,115.12,87.95,Mobile Wallet,VIP,48.0,Male,3.8,6.0
ORD105888,2024-04-29,South,Store_13,Beauty,57.98,2,0.0,115.96,115.96,83.23,32.73,Bank Transfer,VIP,50.0,Female,3.6,6.0
ORD102656,2023-02-12,West,Store_13,Home & Living,331.38,2,0.0,662.76,662.76,357.56,305.2,Mobile Wallet,New,56.0,Male,2.8,4.0
ORD104383,2024-02-16,North,Store_04,Groceries,29.33,1,25.0,29.33,22.0,13.65,8.35,Debit Card,Returning,27.0,Male,3.4,0.0
ORD103502,2023-08-15,Central,Store_17,Sports,259.21,2,0.0,518.42,518.42,300.31,218.11,Credit Card,New,21.0,Male,2.6,5.0
ORD100976,2023-03-11,North,Store_04,Clothing,155.14,2,15.0,310.28,263.74,185.45,78.29,Bank Transfer,Returning,39.0,Male,4.1,0.0
ORD103352,2023-03-19,South,Store_04,Groceries,7.47,2,0.0,14.94,14.94,10.04,4.9,Credit Card,Returning,28.0,Other,3.8,0.0
ORD100957,2024-04-08,Central,Store_02,Sports,299.46,2,5.0,598.92,568.97,346.11,222.86,Bank Transfer,New,33.0,Male,3.9,4.0
ORD103699,2024-07-08,North,Store_14,Sports,26.58,2,0.0,63.79,63.79,31.3,32.49,Cash,New,,Male,3.0,3.0
ORD101340,2024-01-25,West,Store_18,Sports,162.83,1,10.0,162.83,146.55,107.29,39.26,Debit Card,Returning,51.0,Female,4.1,6.0
ORD101822,2023-08-09,North,Store_02,Groceries,10.88,2,0.0,21.76,21.76,10.27,11.49,Mobile Wallet,VIP,37.0,Female,3.5,8.0
ORD102329,2023-04-18,North,Store_12,Groceries,37.71,1,0.0,37.71,37.71,28.13,9.58,Cash,VIP,29.0,Female,2.7,7.0
ORD101929,2024-11-26,South,Store_03,Clothing,17.55,1,5.0,28.08,26.68,13.33,13.35,Mobile Wallet,Returning,44.0,Male,2.7,6.0
ORD103880,2024-09-23,East,Store_15,Clothing,91.66,1,0.0,91.66,91.66,53.76,37.9,Credit Card,Returning,19.0,Male,4.1,2.0
ORD104989,2024-10-07,West,Store_02,Sports,40.95,1,10.0,40.95,36.85,17.41,19.44,Debit Card,Returning,54.0,Female,4.6,6.0
ORD104994,2024-04-13,East,Store_03,Home & Living,241.2,4,0.0,964.8,964.8,523.17,441.63,Bank Transfer,Returning,35.0,Male,4.6,2.0
ORD100353,2023-11-14,West,Store_02,Electronics,325.34,2,10.0,1041.09,936.98,531.95,405.03,Credit Card,New,42.0,Male,5.0,1.0
ORD101445,2023-01-27,West,Store_06,Home & Living,433.01,2,0.0,866.02,866.02,575.28,290.74,Debit Card,VIP,33.0,Male,4.4,7.0
ORD102726,2023-04-10,Central,Store_09,Groceries,8.74,1,0.0,8.74,8.74,4.38,4.36,Credit Card,Returning,36.0,Female,4.1,5.0
ORD105569,2023-06-08,Central,Store_03,Electronics,998.88,2,5.0,2397.31,2277.44,1250.79,1026.65,Debit Card,Returning,27.0,,,5.0
ORD104256,2023-08-27,South,Store_05,Electronics,954.23,1,15.0,954.23,811.1,422.06,389.04,Debit Card,New,28.0,Male,3.2,4.0
ORD103200,2024-11-03,South,Store_09,Groceries,34.29,1,0.0,54.86,54.86,33.46,21.4,Mobile Wallet,Returning,63.0,Male,5.0,
ORD104520,2024-12-23,East,Store_12,Groceries,26.33,1,5.0,42.13,40.02,24.44,15.58,Bank Transfer,Returning,37.0,Female,2.7,3.0
ORD101806,2023-01-07,North,Store_03,Groceries,59.55,2,0.0,119.1,119.1,80.48,38.62,Debit Card,New,37.0,Female,3.4,2.0
ORD101385,2023-06-21,South,Store_02,Clothing,191.34,1,0.0,229.61,229.61,129.28,100.33,Mobile Wallet,Returning,30.0,Male,5.0,1.0
ORD105637,2023-11-14,South,Store_10,Groceries,5.29,2,0.0,16.93,16.93,10.06,6.87,Bank Transfer,New,38.0,Female,2.9,6.0
ORD103721,2024-03-01,Central,Store_12,Groceries,42.89,3,25.0,128.67,96.5,66.68,29.82,Cash,Returning,16.0,Male,5.0,4.0
ORD100501,2024-04-20,West,Store_03,Beauty,137.92,1,10.0,137.92,124.13,63.12,61.01,Debit Card,New,,Male,3.0,5.0
ORD103524,2023-08-01,West,Store_20,Groceries,29.16,5,0.0,145.8,145.8,92.68,53.12,Debit Card,New,59.0,Male,3.9,5.0
ORD105238,2024-10-29,North,Store_20,Sports,140.48,2,0.0,280.96,280.96,205.85,75.11,Cash,Returning,23.0,Male,4.2,0.0
ORD105988,2024-09-24,East,Store_11,Groceries,21.2,1,0.0,21.2,21.2,12.94,8.26,Bank Transfer,VIP,53.0,Other,3.6,2.0
ORD102104,2024-09-27,East,Store_09,Groceries,47.84,3,25.0,143.52,107.64,73.52,34.12,Cash,New,26.0,Female,3.7,0.0
ORD102233,2023-04-11,West,Store_07,Home & Living,256.63,2,0.0,513.26,513.26,292.23,221.03,Credit Card,New,42.0,Male,4.8,2.0
ORD105631,2024-02-12,East,Store_20,Groceries,57.05,1,0.0,57.05,57.05,38.86,18.19,Bank Transfer,New,55.0,Female,3.9,4.0
ORD101007,2024-01-03,South,Store_10,Clothing,47.14,1,5.0,47.14,44.78,21.61,23.17,Bank Transfer,New,48.0,Female,4.4,3.0
ORD105688,2024-07-07,West,Store_06,Home & Living,122.93,1,0.0,147.52,147.52,109.39,38.13,Mobile Wallet,New,37.0,Male,4.6,
ORD104519,2023-11-10,West,Store_13,Groceries,23.83,4,0.0,152.51,152.51,113.22,39.29,Mobile Wallet,New,22.0,,3.4,2.0
ORD102171,2024-06-27,South,Store_19,Beauty,135.21,1,25.0,162.25,121.69,54.93,66.76,Debit Card,VIP,32.0,Female,3.4,4.0
ORD103216,2023-01-04,East,Store_16,Groceries,11.62,2,15.0,23.24,19.75,10.97,8.78,Credit Card,Returning,44.0,Male,2.6,4.0
ORD105581,2024-09-02,West,Store_09,Groceries,39.98,4,0.0,159.92,159.92,84.93,74.99,Cash,New,45.0,Male,4.3,8.0
ORD104371,2023-05-05,West,Store_09,Groceries,32.3,2,15.0,64.6,54.91,29.74,25.17,Cash,Returning,27.0,Female,,5.0
ORD101318,2023-11-24,East,Store_03,Electronics,267.47,1,20.0,427.95,342.36,216.07,126.29,Cash,Returning,37.0,Female,3.1,6.0
ORD103982,2024-05-04,North,Store_11,Clothing,111.19,1,0.0,111.19,111.19,75.65,35.54,Credit Card,VIP,46.0,Female,3.8,0.0
ORD101475,2023-08-09,South,Store_10,Home & Living,306.72,1,0.0,306.72,306.72,210.18,96.54,Credit Card,New,16.0,Female,,5.0
ORD100679,2024-11-14,South,Store_10,Electronics,758.61,2,0.0,2427.55,2427.55,1150.45,1277.1,Cash,Returning,,Male,5.0,4.0
ORD104747,2023-07-03,East,Store_12,Groceries,53.85,2,0.0,129.24,129.24,87.03,42.21,Credit Card,New,23.0,Male,4.0,7.0
ORD103926,2024-01-02,West,Store_14,Electronics,989.58,2,15.0,1979.16,1682.29,1190.22,492.07,Debit Card,Returning,62.0,Other,3.7,5.0
ORD100380,2023-01-04,South,Store_16,Sports,295.51,1,0.0,295.51,295.51,212.53,82.98,Bank Transfer,Returning,21.0,Female,,3.0
ORD104972,2024-09-02,Central,Store_11,Sports,32.84,1,0.0,32.84,32.84,20.55,12.29,Bank Transfer,New,36.0,Male,4.4,7.0
ORD104163,2023-05-27,South,Store_15,Clothing,46.46,1,5.0,46.46,44.14,29.57,14.57,Credit Card,Returning,49.0,Male,2.6,4.0
ORD101882,2023-05-10,North,Store_17,Home & Living,121.83,1,0.0,121.83,121.83,87.83,34.0,Credit Card,New,30.0,Male,2.3,5.0
ORD100477,2023-01-14,Central,Store_01,Electronics,1163.78,2,10.0,2327.56,2094.8,1367.34,727.46,Debit Card,Returning,28.0,Male,3.0,4.0
ORD105460,2024-10-18,North,Store_13,Clothing,176.59,1,0.0,176.59,176.59,88.78,87.81,Debit Card,Returning,34.0,Male,2.6,6.0
ORD102382,2024-11-01,South,Store_07,Electronics,438.77,2,15.0,1404.06,1193.45,763.98,429.47,Credit Card,New,31.0,Female,4.0,6.0
ORD105759,2023-01-01,North,Store_04,Clothing,102.29,1,15.0,102.29,86.95,39.47,47.48,Credit Card,New,16.0,Female,5.0,3.0
ORD102359,2023-06-02,South,Store_05,Home & Living,193.12,1,5.0,231.74,220.15,161.18,58.97,Cash,Returning,33.0,Male,3.6,7.0
ORD100425,2023-05-26,North,Store_12,Groceries,18.44,1,5.0,18.44,17.52,10.95,6.57,Cash,Returning,37.0,Female,4.3,3.0
ORD104635,2024-07-11,South,Store_09,Groceries,46.14,2,0.0,110.74,110.74,61.91,48.83,Credit Card,New,16.0,Female,4.0,4.0
ORD102255,2024-05-15,Central,Store_11,Groceries,54.84,1,0.0,54.84,54.84,33.29,21.55,Cash,New,51.0,Male,1.8,0.0
ORD101333,2024-08-12,North,Store_09,HOME & LIVING,272.63,2,0.0,545.26,545.26,265.05,280.21,Credit Card,Returning,65.0,Male,3.9,0.0
ORD100199,2024-12-03,West,Store_14,Electronics,685.66,2,0.0,2194.11,2194.11,1094.92,1099.19,Debit Card,New,25.0,Female,4.8,4.0
ORD104393,2023-02-19,North,Store_08,Electronics,199.91,1,0.0,199.91,199.91,118.07,81.84,Mobile Wallet,Returning,47.0,Female,5.0,4.0
ORD101938,2024-12-01,East,Store_05,Home & Living,348.84,1,0.0,558.14,558.14,399.74,158.4,Credit Card,Returning,51.0,Male,3.8,2.0
ORD100143,2023-10-26,North,Store_07,Groceries,20.35,3,0.0,61.05,61.05,31.81,29.24,Credit Card,Returning,24.0,Male,5.0,5.0
ORD103820,2023-04-03,East,Store_08,Groceries,15.85,1,0.0,15.85,15.85,8.66,7.19,Credit Card,Returning,31.0,Female,4.8,0.0
ORD104345,2024-01-02,South,Store_14,Sports,27.44,1,0.0,27.44,27.44,17.55,9.89,Bank Transfer,Returning,40.0,Female,5.0,3.0
ORD105280,2024-06-04,East,Store_03,Sports,166.24,2,0.0,398.98,398.98,283.35,115.63,Cash,Returning,36.0,Male,5.0,2.0
ORD100304,2024-02-01,Central,Store_08,Groceries,40.31,3,0.0,120.93,120.93,84.33,36.6,Cash,Returning,23.0,Male,3.2,4.0
ORD101454,2024-02-22,South,Store_10,Clothing,120.36,2,20.0,240.72,192.58,115.09,77.49,Credit Card,New,20.0,Female,2.3,4.0
ORD100911,2023-05-14,South,Store_10,Clothing,179.91,1,10.0,179.91,161.92,119.27,42.65,Debit Card,VIP,43.0,Female,3.8,4.0
ORD105530,2024-03-07,North,Store_20,Electronics,1178.36,1,5.0,1178.36,1119.44,749.34,370.1,Credit Card,Returning,39.0,Female,3.3,5.0
ORD102596,2024-01-01,West,Store_07,Home & Living,53.3,1,0.0,53.3,53.3,36.57,16.73,Cash,Returning,22.0,Other,4.8,4.0
ORD102309,2024-01-25,South,Store_05,Groceries,40.58,1,15.0,40.58,34.49,15.82,18.67,Debit Card,New,38.0,Female,4.4,4.0
ORD102112,2024-10-29,North,Store_06,Home & Living,368.98,2,0.0,737.96,737.96,455.93,282.03,Cash,New,16.0,Female,5.0,1.0
ORD105611,2023-06-28,Central,Store_18,Groceries,3.0,3,0.0,10.8,10.8,7.82,2.98,Mobile Wallet,Returning,60.0,Male,4.0,3.0
ORD100593,2024-12-16,West,Store_10,Electronics,629.28,1,15.0,1006.85,855.82,433.76,422.06,Debit Card,Returning,45.0,Female,3.3,1.0
ORD103570,2024-08-06,North,Store_11,Groceries,39.62,2,0.0,79.24,79.24,54.67,24.57,Mobile Wallet,VIP,16.0,Male,4.4,4.0
ORD103533,2024-12-23,West,Store_04,Home & Living,371.95,2,5.0,1190.24,1130.73,689.12,441.61,Bank Transfer,New,40.0,Male,5.0,0.0
ORD101288,2023-03-16,East,Store_08,Electronics,744.01,1,5.0,744.01,706.81,374.93,331.88,Cash,Returning,47.0,Female,3.2,4.0
ORD101655,2023-06-18,North,Store_01,Electronics,1024.12,1,5.0,1228.94,1167.49,833.04,334.45,Bank Transfer,VIP,45.0,Male,4.1,0.0
ORD104683,2023-02-20,North,Store_15,Groceries,14.03,1,0.0,14.03,14.03,10.39,3.64,Credit Card,Returning,24.0,Other,5.0,5.0
ORD102131,2024-12-13,Central,Store_02,Electronics,569.61,1,0.0,911.38,911.38,620.36,291.02,Credit Card,Returning,37.0,Male,4.6,4.0
ORD100765,2024-07-23,North,Store_05,Clothing,109.33,2,0.0,262.39,262.39,150.95,111.44,Credit Card,VIP,46.0,Female,4.0,4.0
ORD105854,2023-10-28,South,Store_12,Groceries,42.89,1,0.0,42.89,42.89,29.83,13.06,Credit Card,New,40.0,Female,4.9,1.0
ORD105126,2023-07-01,West,Store_11,Electronics,257.88,2,0.0,618.91,618.91,449.96,168.95,Cash,Returning,45.0,Female,4.4,6.0
ORD100146,2023-01-26,South,Store_19,Groceries,40.21,1,0.0,40.21,40.21,26.65,13.56,Credit Card,New,32.0,Male,4.1,3.0
ORD100394,2024-06-09,Central,Store_14,Home & Living,40.32,1,0.0,48.38,48.38,35.6,12.78,Debit Card,Returning,47.0,Female,3.1,1.0
ORD104627,2023-05-12,West,Store_20,Sports,200.59,2,25.0,401.18,300.88,220.09,80.79,Mobile Wallet,New,26.0,Male,4.8,5.0
ORD103808,2024-01-14,South,Store_02,Clothing,57.13,2,25.0,114.26,85.69,45.28,40.41,Debit Card,Returning,41.0,Female,3.9,3.0
ORD100045,2024-12-09,East,Store_06,Groceries,29.84,5,0.0,238.72,238.72,168.44,70.28,Debit Card,Returning,56.0,Female,4.8,0.0
ORD103494,2024-11-08,North,Store_15,Groceries,4.83,1,5.0,7.73,7.34,4.46,2.88,Cash,VIP,30.0,Female,3.2,1.0
ORD104415,2023-11-20,West,Store_20,Groceries,11.97,3,0.0,57.46,57.46,29.52,27.94,Bank Transfer,Returning,23.0,Female,3.9,4.0
ORD103336,2024-01-17,West,Store_09,Sports,230.59,1,0.0,230.59,230.59,155.15,75.44,Credit Card,New,50.0,Male,3.4,5.0
ORD102159,2023-09-01,North,Store_04,Beauty,89.96,1,10.0,89.96,80.96,42.3,38.66,Bank Transfer,New,48.0,Female,4.0,6.0
ORD101957,2024-01-24,Central,Store_03,Beauty,145.69,1,0.0,145.69,145.69,95.04,50.65,Mobile Wallet,New,32.0,Female,3.3,7.0
ORD102184,2024-04-07,West,Store_17,Groceries,20.53,1,0.0,20.53,20.53,14.93,5.6,Debit Card,Returning,48.0,Female,3.2,3.0
ORD104522,2024-01-29,Central,Store_18,Beauty,80.64,2,0.0,161.28,161.28,120.27,41.01,Credit Card,VIP,38.0,Female,,6.0
ORD105850,2023-05-04,East,Store_15,Home & Living,314.28,2,,628.56,628.56,449.2,179.36,Bank Transfer,New,41.0,Female,4.6,6.0
ORD105989,2024-02-15,North,,Electronics,781.64,2,0.0,1563.28,1563.28,873.83,689.45,Cash,New,47.0,Female,4.2,4.0
ORD103497,2023-12-14,North,Store_17,Beauty,34.9,1,10.0,55.84,50.26,34.58,15.68,Cash,VIP,46.0,Male,4.9,4.0
ORD102071,2024-04-17,North,Store_06,Groceries,11.0,1,5.0,11.0,10.45,5.8,4.65,Credit Card,Returning,31.0,Female,5.0,5.0
ORD101367,2023-11-27,West,Store_07,Electronics,228.26,4,0.0,1460.86,1460.86,742.92,717.94,Mobile Wallet,New,46.0,Female,4.2,5.0
ORD103095,2024-07-02,East,Store_07,Groceries,26.18,1,0.0,31.42,31.42,22.67,8.75,Mobile Wallet,VIP,45.0,Female,3.8,
ORD102364,2024-07-08,Central,Store_14,Electronics,318.9,1,0.0,382.68,382.68,219.26,163.42,Cash,VIP,47.0,Female,3.8,4.0
ORD105846,2023-03-30,South,Store_12,Clothing,188.5,1,0.0,188.5,188.5,117.42,71.08,Bank Transfer,Returning,53.0,Male,5.0,1.0
ORD100930,2024-01-28,East,Store_14,Clothing,130.66,1,0.0,130.66,130.66,61.42,69.24,Cash,Returning,55.0,Male,,5.0
ORD103512,2023-04-04,North,Store_15,Sports,18.58,1,5.0,18.58,17.65,10.22,7.43,Cash,Returning,32.0,Male,4.8,1.0
ORD102975,2023-12-09,North,Store_17,Beauty,93.93,1,0.0,150.29,150.29,87.77,62.52,Bank Transfer,Returning,23.0,Female,5.0,2.0
ORD104479,2024-01-28,South,Store_01,Electronics,1133.13,1,0.0,1133.13,1133.13,785.35,347.78,Credit Card,Returning,47.0,Female,4.1,5.0
ORD103141,2023-10-25,South,Store_16,Sports,18.54,1,0.0,18.54,18.54,8.81,9.73,Cash,Returning,,Female,4.3,1.0
ORD105105,2024-04-14,East,Store_19,Groceries,13.65,2,0.0,27.3,27.3,18.2,9.1,Debit Card,New,34.0,Male,4.0,3.0
ORD102581,2023-12-04,East,Store_06,Beauty,61.22,1,25.0,97.95,73.46,40.87,32.59,Cash,Returning,48.0,Male,3.6,3.0
ORD100606,2023-08-24,East,Store_14,Groceries,53.54,1,10.0,53.54,48.19,29.72,18.47,Bank Transfer,New,39.0,Female,5.0,3.0
ORD100074,2024-05-16,West,Store_16,Clothing,185.68,1,0.0,185.68,185.68,105.84,79.84,Mobile Wallet,Returning,36.0,Male,4.4,4.0
ORD104574,2024-06-03,Central,Store_20,Beauty,81.1,2,10.0,194.64,175.18,112.25,62.93,Cash,VIP,25.0,Male,5.0,5.0
ORD101322,2024-02-06,South,Store_10,Electronics,146.12,1,5.0,146.12,138.81,70.52,68.29,Cash,New,35.0,Male,3.6,5.0
ORD105960,2023-05-08,North,Store_06,Electronics,548.66,1,0.0,548.66,548.66,381.74,166.92,Credit Card,Returning,57.0,Male,,2.0
ORD100113,2023-12-02,East,Store_02,Home & Living,72.29,-1,0.0,115.66,115.66,57.13,58.53,Credit Card,Returning,,Male,4.3,6.0
ORD103913,2024-02-06,Central,Store_13,Groceries,9.48,1,5.0,9.48,9.01,5.72,3.29,Mobile Wallet,New,33.0,Male,4.9,3.0
ORD100986,2024-03-26,South,Store_09,Clothing,59.18,1,5.0,59.18,56.22,32.09,24.13,Bank Transfer,Returning,30.0,Female,5.0,3.0
ORD105514,2024-01-07,North,Store_12,Home & Living,154.47,1,0.0,154.47,154.47,110.34,44.13,Cash,Returning,53.0,Male,4.0,
ORD100222,2024-05-28,Central,Store_06,Groceries,12.05,1,0.0,12.05,12.05,5.48,6.57,Cash,New,45.0,Female,3.4,3.0
ORD101992,2023-07-29,East,Store_10,Home & Living,380.18,1,20.0,456.22,364.98,260.37,104.61,Credit Card,New,52.0,Other,3.5,1.0
ORD105981,2024-07-31,South,Store_09,Groceries,3.72,1,10.0,4.46,4.01,2.48,1.53,Debit Card,New,48.0,Male,,2.0
ORD104131,2024-11-09,West,Store_05,Groceries,2.25,1,0.0,3.6,3.6,1.65,1.95,Bank Transfer,Returning,42.0,Female,5.0,3.0
ORD105051,2023-04-21,South,Store_07,Home & Living,450.88,1,0.0,450.88,450.88,233.68,217.2,Credit Card,VIP,36.0,Female,4.7,4.0
ORD101761,2023-10-26,South,Store_08,Home & Living,493.78,1,0.0,493.78,493.78,267.61,226.17,Debit Card,Returning,43.0,Female,4.8,5.0
ORD104443,2023-11-27,South,Store_06,Clothing,60.5,1,0.0,96.8,96.8,45.59,51.21,Credit Card,New,41.0,Male,4.9,3.0
ORD104263,2024-07-06,North,Store_03,Groceries,22.09,4,15.0,106.03,90.13,47.64,42.49,Bank Transfer,VIP,52.0,Female,3.0,3.0
ORD104180,2024-04-21,South,Store_10,Home & Living,136.44,2,0.0,272.88,272.88,193.23,79.65,Debit Card,New,43.0,Female,3.8,2.0
ORD104212,2023-10-31,North,Store_09,Clothing,137.0,1,5.0,137.0,130.15,72.72,57.43,Bank Transfer,VIP,56.0,,4.2,5.0
ORD104043,2023-03-21,West,Store_06,Beauty,53.58,2,15.0,107.16,91.09,59.72,31.37,Mobile Wallet,Returning,26.0,Other,3.5,3.0
ORD103456,2024-07-01,South,Store_10,Home & Living,219.73,3,20.0,791.03,632.82,386.13,246.69,Credit Card,VIP,40.0,Male,4.3,0.0
ORD100530,2024-03-12,East,Store_09,Groceries,22.67,1,20.0,22.67,18.14,12.84,5.3,Bank Transfer,New,24.0,Male,4.2,2.0
ORD102590,2023-02-21,West,Store_03,Home & Living,495.45,2,0.0,990.9,990.9,565.4,425.5,Bank Transfer,New,34.0,Male,3.4,5.0
ORD103954,2024-03-08,East,Store_13,Electronics,880.68,2,,1761.36,1761.36,851.36,910.0,Cash,Returning,25.0,Male,4.4,0.0
ORD103630,2023-12-05,North,Store_19,Groceries,26.54,2,0.0,84.93,84.93,55.46,29.47,Bank Transfer,Returning,34.0,Female,4.0,4.0
ORD102521,2023-02-02,East,Store_06,Clothing,183.36,1,20.0,183.36,146.69,92.32,54.37,Mobile Wallet,New,28.0,Male,3.7,
ORD103051,2023-05-08,Central,Store_06,Home & Living,167.44,1,15.0,167.44,142.32,71.04,71.28,Bank Transfer,New,49.0,Male,5.0,5.0
ORD105918,2024-05-12,East,Store_19,Home & Living,281.97,2,0.0,563.94,563.94,271.29,292.65,Bank Transfer,VIP,35.0,Other,,4.0
ORD104476,2024-11-16,North,Store_20,Clothing,156.18,1,0.0,249.89,249.89,146.17,103.72,Mobile Wallet,Returning,41.0,Female,5.0,4.0
ORD104965,2023-03-19,East,Store_15,Electronics,943.41,1,0.0,943.41,943.41,640.12,303.29,Mobile Wallet,Returning,36.0,Male,3.1,3.0
ORD105501,2023-06-14,East,Store_09,Groceries,12.73,2,0.0,30.55,30.55,21.58,8.97,Credit Card,New,35.0,Female,4.7,6.0
ORD105079,2024-01-08,South,Store_06,Home & Living,336.69,1,0.0,336.69,336.69,181.32,155.37,Bank Transfer,VIP,65.0,Male,4.6,1.0
ORD105721,2023-10-30,South,Store_07,Beauty,127.21,1,0.0,127.21,127.21,75.81,51.4,Credit Card,Returning,47.0,Female,3.6,3.0
ORD103204,2023-08-07,North,Store_17,Groceries,40.81,2,5.0,81.62,77.54,40.67,36.87,Cash,VIP,43.0,Female,3.9,5.0
ORD104614,2024-02-13,South,Store_14,Home & Living,434.43,2,0.0,868.86,868.86,490.84,378.02,Mobile Wallet,VIP,40.0,Male,3.3,4.0
ORD101779,2024-05-14,East,Store_12,Groceries,41.48,2,0.0,82.96,82.96,42.15,40.81,Bank Transfer,VIP,36.0,Male,5.0,5.0
ORD101025,2023-02-10,East,Store_04,Groceries,17.99,3,10.0,53.97,48.57,23.4,25.17,Credit Card,Returning,27.0,Male,3.1,
ORD103778,2024-12-20,South,Store_07,Groceries,43.08,1,0.0,68.93,68.93,31.54,37.39,Credit Card,New,41.0,Female,3.6,6.0
ORD100081,2023-11-16,North,Store_09,Electronics,617.51,2,0.0,1976.03,1976.03,1150.65,825.38,Debit Card,Returning,22.0,Other,2.7,0.0
ORD105896,2023-01-16,South,Store_19,Home & Living,139.02,1,0.0,139.02,139.02,96.62,42.4,Debit Card,New,53.0,Female,3.5,7.0
ORD102030,2024-02-10,Central,Store_18,Groceries,36.66,3,10.0,109.98,98.98,59.78,39.2,Mobile Wallet,Returning,25.0,Female,4.1,2.0
ORD104054,2023-01-05,North,Store_13,Clothing,186.89,1,15.0,186.89,158.86,92.48,66.38,Mobile Wallet,Returning,30.0,Female,4.0,3.0
ORD101792,2023-09-08,West,Store_06,Sports,298.28,2,0.0,596.56,596.56,352.39,244.17,Debit Card,New,18.0,Male,4.1,3.0
ORD102716,2023-11-13,West,Store_06,Clothing,103.35,1,5.0,165.36,157.09,79.21,77.88,Credit Card,Returning,36.0,Female,4.3,5.0
ORD103819,2024-10-13,East,Store_11,Electronics,69.91,1,0.0,69.91,69.91,35.22,34.69,Debit Card,New,,Female,,7.0
ORD102673,2023-05-17,East,Store_03,Electronics,1021.02,1,0.0,1021.02,1021.02,636.51,384.51,Cash,New,38.0,Female,3.2,3.0
ORD105795,2023-05-29,West,Store_13,Home & Living,374.96,1,5.0,374.96,356.21,221.33,134.88,Credit Card,Returning,18.0,Female,2.0,6.0
ORD103501,2024-04-12,West,Store_15,Groceries,25.62,3,0.0,76.86,76.86,38.03,38.83,Mobile Wallet,New,37.0,Male,3.6,2.0
ORD102563,2023-10-26,West,Store_06,Sports,211.75,1,0.0,211.75,211.75,150.55,61.2,Credit Card,Returning,29.0,Male,3.9,5.0
ORD103402,2023-04-25,North,Store_17,Electronics,222.96,2,0.0,445.92,445.92,267.55,178.37,Bank Transfer,Returning,28.0,Female,2.7,3.0
ORD105894,2024-01-29,Central,Store_01,Groceries,4.37,1,0.0,4.37,4.37,2.32,2.05,Cash,VIP,35.0,Male,4.7,6.0
ORD101956,2024-01-21,Central,Store_18,Groceries,9.17,1,0.0,9.17,9.17,4.35,4.82,Bank Transfer,New,40.0,Male,4.6,
ORD103869,2024-06-03,West,Store_15,Groceries,52.62,1,0.0,63.14,63.14,29.5,33.64,Bank Transfer,Returning,20.0,Female,3.4,5.0
ORD104136,2024-12-11,South,Store_08,Beauty,92.31,2,0.0,295.39,295.39,217.34,78.05,Cash,New,27.0,Female,4.3,3.0
ORD105673,2024-04-19,South,Store_04,Groceries,12.24,1,10.0,12.24,11.02,7.18,3.84,Cash,New,,Male,4.6,2.0
ORD105268,2024-05-25,South,Store_15,Beauty,54.29,1,0.0,54.29,54.29,31.56,22.73,Credit Card,New,57.0,Male,4.5,5.0
ORD103136,2024-02-28,Central,Store_07,Home & Living,415.67,3,10.0,1247.01,1122.31,544.82,577.49,Cash,VIP,51.0,Male,4.1,6.0
ORD100311,2024-05-05,East,Store_18,Home & Living,168.87,1,10.0,168.87,151.98,90.09,61.89,Cash,VIP,49.0,Female,3.7,5.0
ORD101631,2024-10-17,South,Store_14,Sports,173.0,1,0.0,173.0,173.0,91.66,81.34,Mobile Wallet,Returning,65.0,Female,3.6,7.0
ORD104260,2023-06-14,Central,Store_14,Beauty,148.24,1,5.0,177.89,169.0,80.02,88.98,Cash,Returning,77.0,Male,5.0,0.0
ORD102067,2024-10-24,North,Store_03,Beauty,52.47,1,0.0,52.47,52.47,24.65,27.82,Credit Card,Returning,58.0,Other,3.9,7.0
ORD101426,2024-05-05,Central,Store_01,Electronics,1005.18,1,5.0,1005.18,954.92,500.21,454.71,Cash,VIP,55.0,Male,5.0,8.0
ORD102002,2023-10-18,South,Store_17,Electronics,790.32,2,15.0,1580.64,1343.54,666.91,676.63,Cash,New,16.0,Female,5.0,2.0
ORD104453,2024-05-29,North,,Groceries,9.77,1,15.0,9.77,8.3,4.19,4.11,Cash,New,23.0,Male,4.3,1.0
ORD103810,2023-06-17,East,Store_11,Beauty,82.95,1,25.0,99.54,74.65,33.65,41.0,Mobile Wallet,New,43.0,Male,3.2,6.0
ORD104779,2023-02-22,East,Store_03,Beauty,82.2,1,0.0,82.2,82.2,48.13,34.07,Cash,Returning,29.0,Female,5.0,4.0
ORD102337,2024-08-21,North,Store_11,Sports,138.77,2,0.0,277.54,277.54,146.37,131.17,Credit Card,VIP,37.0,,4.5,4.0
ORD102440,2023-09-22,West,Store_03,Clothing,140.49,1,0.0,140.49,140.49,85.63,54.86,Mobile Wallet,VIP,45.0,Male,3.2,0.0
ORD100128,2024-02-24,West,Store_07,Groceries,58.84,1,5.0,58.84,55.9,29.91,25.99,Debit Card,Returning,23.0,Female,4.4,4.0
ORD101009,2024-01-15,Central,Store_03,Groceries,12.22,1,0.0,12.22,12.22,6.69,5.53,Credit Card,New,29.0,Female,3.5,3.0
ORD101813,2023-12-28,East,Store_08,Electronics,986.86,1,10.0,1578.98,1421.08,752.58,668.5,Debit Card,Returning,,Female,3.8,5.0
ORD101290,2023-06-20,North,Store_01,Electronics,159.41,1,0.0,191.29,191.29,103.9,87.39,Credit Card,New,34.0,Male,1.9,1.0
ORD103873,2023-12-13,East,Store_15,Sports,174.78,4,0.0,1118.59,1118.59,521.58,597.01,Cash,VIP,17.0,Male,3.5,1.0
ORD102771,2023-01-30,North,Store_02,Groceries,38.89,1,10.0,38.89,35.0,16.33,18.67,Cash,New,34.0,Male,5.0,
ORD100201,2024-10-25,North,Store_11,Beauty,139.54,1,0.0,139.54,139.54,81.33,58.21,Bank Transfer,New,39.0,Other,3.7,6.0
ORD105359,2023-09-07,South,Store_02,Electronics,980.21,2,0.0,1960.42,1960.42,994.37,966.05,Cash,VIP,27.0,Male,4.7,5.0
ORD105862,2024-02-26,North,Store_02,Electronics,190.9,1,25.0,190.9,143.17,96.9,46.27,Mobile Wallet,New,43.0,Male,2.4,3.0
ORD100954,2024-07-27,South,Store_19,Clothing,189.63,3,0.0,682.67,682.67,338.64,344.03,Bank Transfer,Returning,23.0,Male,3.0,4.0
ORD102418,2023-07-30,North,Store_13,Home & Living,449.02,1,0.0,538.82,538.82,344.3,194.52,Cash,VIP,25.0,Female,3.6,2.0
ORD104020,2023-04-07,North,Store_04,Home & Living,130.68,1,0.0,130.68,130.68,85.05,45.63,Debit Card,New,46.0,Female,3.4,2.0
ORD100829,2023-01-22,South,Store_09,Groceries,37.25,1,0.0,37.25,37.25,17.52,19.73,Credit Card,Returning,16.0,Male,3.0,7.0
ORD102361,2024-07-02,East,Store_03,Groceries,17.92,1,0.0,21.5,21.5,11.55,9.95,Cash,Returning,55.0,Female,5.0,2.0
ORD103907,2024-12-09,North,Store_09,Beauty,110.21,1,5.0,176.34,167.52,84.09,83.43,Bank Transfer,Returning,49.0,Female,3.4,2.0
ORD100970,2023-08-07,West,Store_18,Home & Living,31.51,1,15.0,31.51,26.78,13.86,12.92,Cash,New,18.0,Other,5.0,4.0
ORD100202,2023-12-28,South,Store_15,Electronics,198.54,2,10.0,635.33,571.8,384.04,187.76,Cash,Returning,16.0,Male,4.2,5.0
ORD100982,2024-02-04,South,Store_15,Home & Living,164.65,1,0.0,164.65,164.65,80.38,84.27,Cash,VIP,32.0,Female,3.9,2.0
ORD103696,2023-08-13,South,Store_05,Beauty,136.44,1,0.0,136.44,136.44,66.59,69.85,Mobile Wallet,Returning,35.0,Female,5.0,5.0
ORD103318,2023-07-06,South,Store_05,Clothing,28.02,1,10.0,33.62,30.26,16.37,13.89,Credit Card,Returning,27.0,Female,4.0,5.0
ORD102380,2023-05-12,Central,Store_13,Groceries,58.12,2,0.0,116.24,116.24,87.09,29.15,Debit Card,Returning,39.0,Female,4.7,6.0
ORD102486,2023-06-28,West,Store_10,Groceries,37.62,1,0.0,45.14,45.14,25.65,19.49,Mobile Wallet,VIP,32.0,Other,,6.0
ORD104960,2023-10-06,East,Store_09,Groceries,54.3,1,0.0,54.3,54.3,40.45,13.85,Bank Transfer,VIP,24.0,Female,4.7,5.0
ORD103097,2023-08-18,North,Store_02,Beauty,28.1,1,,28.1,28.1,18.4,9.7,Credit Card,Returning,56.0,Male,4.7,3.0
ORD105481,2023-03-09,East,Store_09,Groceries,32.75,1,5.0,32.75,31.11,19.94,11.17,Credit Card,New,23.0,Female,2.5,4.0
ORD103089,2023-12-08,Central,Store_02,Home & Living,46.31,1,,74.1,74.1,46.74,27.36,Cash,New,61.0,Male,3.7,3.0
ORD101187,2024-03-12,North,Store_18,Sports,192.73,1,0.0,192.73,192.73,119.59,73.14,Debit Card,Returning,38.0,Male,5.0,4.0
ORD104447,2023-05-19,Central,Store_18,Home & Living,33.13,1,10.0,33.13,29.82,16.65,13.17,Bank Transfer,New,34.0,Female,4.1,4.0
ORD103919,2024-03-24,South,Store_11,Clothing,168.5,1,0.0,168.5,168.5,80.47,88.03,Cash,Returning,48.0,Male,4.1,4.0
ORD101595,2023-05-01,West,Store_02,Groceries,11.59,1,0.0,11.59,11.59,5.82,5.77,Credit Card,VIP,32.0,Female,3.7,6.0
ORD104092,2023-09-25,South,Store_09,Home & Living,420.32,1,0.0,420.32,420.32,224.8,195.52,Cash,VIP,43.0,Female,3.1,4.0
ORD100042,2024-05-26,North,Store_02,Groceries,57.63,2,25.0,115.26,86.44,64.08,22.36,Cash,Returning,33.0,Female,,1.0
ORD105948,2024-11-13,North,Store_11,Clothing,70.57,1,5.0,112.91,107.26,55.71,51.55,Debit Card,New,33.0,Female,2.6,
ORD103347,2023-04-04,East,Store_17,Clothing,10.67,1,20.0,10.67,8.54,4.86,3.68,Bank Transfer,Returning,16.0,Female,3.0,0.0
ORD105476,2023-07-07,West,Store_05,Groceries,11.34,1,0.0,13.61,13.61,9.73,3.88,Cash,VIP,34.0,Male,4.4,5.0
ORD101273,2024-05-07,West,Store_02,Electronics,409.16,1,5.0,409.16,388.7,206.59,182.11,Credit Card,New,27.0,Male,3.2,7.0
ORD102182,2024-03-18,West,Store_10,Groceries,11.76,1,15.0,11.76,10.0,5.26,4.74,Bank Transfer,Returning,43.0,Female,3.6,6.0
ORD100574,2023-01-06,East,Store_04,Beauty,38.25,2,0.0,76.5,76.5,41.51,34.99,Cash,New,46.0,Other,4.8,0.0
ORD101920,2023-10-15,Central,Store_09,Clothing,43.98,2,0.0,87.96,87.96,65.08,22.88,Credit Card,Returning,36.0,Male,5.0,2.0
ORD105604,2024-03-20,South,Store_08,Electronics,367.43,2,5.0,734.86,698.12,332.19,365.93,Bank Transfer,VIP,28.0,Female,1.6,1.0
ORD100856,2023-06-28,East,Store_07,Home & Living,313.13,2,5.0,751.51,713.93,511.74,202.19,Debit Card,New,67.0,Male,5.0,6.0
ORD101808,2023-03-07,West,Store_14,Clothing,118.61,2,0.0,237.22,237.22,162.73,74.49,Cash,New,31.0,Male,3.7,2.0
ORD102620,2024-09-10,West,Store_01,Groceries,54.64,2,0.0,109.28,109.28,75.45,33.83,Cash,VIP,50.0,Male,4.2,3.0
ORD101846,2023-10-21,West,Store_12,Electronics,619.14,1,0.0,619.14,619.14,411.03,208.11,Mobile Wallet,Returning,41.0,Other,4.1,4.0
ORD104034,2023-11-07,West,Store_16,Clothing,53.07,1,10.0,84.91,76.42,55.9,20.52,Credit Card,New,16.0,Female,5.0,
ORD104199,2023-06-24,Central,Store_14,Groceries,41.42,1,0.0,49.7,49.7,30.51,19.19,Mobile Wallet,New,60.0,Other,4.2,3.0
ORD104676,2024-02-10,East,Store_03,Groceries,53.78,2,15.0,107.56,91.43,51.71,39.72,Cash,New,33.0,Female,4.0,3.0
ORD102458,2023-12-13,West,Store_06,Sports,79.32,2,0.0,253.82,253.82,162.61,91.21,Credit Card,VIP,40.0,Male,4.8,
ORD100988,2023-06-29,Central,Store_02,Electronics,1087.45,1,0.0,1304.94,1304.94,610.06,694.88,Mobile Wallet,New,33.0,Female,4.6,4.0
ORD105367,2024-03-01,South,Store_20,Beauty,149.08,1,10.0,149.08,134.17,87.26,46.91,Debit Card,New,54.0,Female,3.3,5.0
ORD101433,2024-02-15,West,Store_16,Sports,131.39,3,0.0,394.17,394.17,239.35,154.82,Cash,VIP,43.0,Female,3.8,0.0
ORD104480,2023-12-08,West,Store_09,Groceries,4.79,1,0.0,7.66,7.66,4.49,3.17,Debit Card,New,,Male,4.9,2.0
ORD104152,2024-10-27,East,Store_05,Home & Living,183.27,1,0.0,183.27,183.27,117.83,65.44,Cash,Returning,27.0,Male,4.4,4.0
ORD100711,2024-01-17,South,Store_20,Groceries,17.88,1,0.0,17.88,17.88,11.87,6.01,Bank Transfer,New,17.0,Male,4.8,4.0
ORD102372,2023-02-14,West,Store_06,Clothing,174.38,1,0.0,174.38,174.38,91.38,83.0,Debit Card,VIP,21.0,Female,4.9,1.0
ORD103850,2024-06-19,West,Store_02,Sports,284.53,1,,341.44,290.22,191.0,99.22,Mobile Wallet,Returning,52.0,Male,5.0,6.0
ORD104451,2023-07-04,Central,Store_09,Groceries,35.91,1,0.0,43.09,43.09,22.41,20.68,Cash,VIP,61.0,Female,3.9,5.0
ORD103565,2023-07-10,North,Store_12,Beauty,113.45,1,10.0,136.14,122.53,84.92,37.61,Bank Transfer,Returning,39.0,Female,3.9,4.0
ORD101018,2023-01-31,South,Store_13,Electronics,275.65,1,25.0,275.65,206.74,100.65,106.09,Mobile Wallet,Returning,46.0,Female,3.6,7.0
ORD103887,2023-05-09,South,Store_15,Sports,174.73,1,5.0,174.73,165.99,85.64,80.35,Debit Card,Returning,36.0,Male,3.1,2.0
ORD103296,2023-06-04,North,Store_18,Clothing,28.57,3,15.0,102.85,87.42,55.66,31.76,Debit Card,Returning,34.0,Female,4.1,2.0
ORD102963,2023-02-18,Central,Store_11,Clothing,46.35,5,0.0,231.75,231.75,142.5,89.25,Bank Transfer,VIP,17.0,Female,4.6,3.0
ORD104403,2024-11-15,West,Store_12,Electronics,54.39,2,0.0,174.05,174.05,82.45,91.6,Credit Card,Returning,38.0,Female,4.3,1.0
ORD103461,2024-11-20,North,Store_12,Electronics,868.56,1,0.0,1389.7,1389.7,861.89,527.81,Bank Transfer,Returning,27.0,Male,3.2,4.0
ORD104137,2023-07-08,West,Store_10,Groceries,27.59,1,15.0,33.11,28.14,20.31,7.83,Cash,New,26.0,Male,,0.0
ORD104610,2023-03-09,South,Store_04,Clothing,198.43,1,10.0,198.43,178.59,108.48,70.11,Debit Card,VIP,26.0,Male,,6.0
ORD105183,2024-10-13,West,Store_17,Sports,284.94,3,5.0,854.82,812.08,605.38,206.7,Debit Card,New,26.0,Male,3.2,4.0
ORD101681,2023-01-10,East,Store_05,Clothing,32.23,2,0.0,64.46,64.46,40.25,24.21,Credit Card,New,25.0,Female,2.1,2.0
ORD101969,2023-04-22,East,Store_09,Groceries,25.42,2,0.0,50.84,50.84,33.45,17.39,Mobile Wallet,Returning,29.0,Female,2.9,2.0
ORD104787,2023-01-08,South,Store_02,Groceries,52.64,1,0.0,52.64,52.64,35.73,16.91,Mobile Wallet,New,16.0,Female,5.0,4.0
ORD102051,2023-08-09,Central,Store_16,Electronics,282.64,1,0.0,282.64,282.64,146.88,135.76,Credit Card,New,34.0,Female,,6.0
ORD104311,2024-09-17,North,Store_09,Clothing,173.08,1,10.0,173.08,155.77,106.86,48.91,Cash,VIP,46.0,Female,4.4,1.0
ORD102146,2023-05-09,South,Store_20,Electronics,219.73,1,0.0,219.73,219.73,153.12,66.61,Debit Card,Returning,35.0,Female,3.2,3.0
ORD102322,2023-09-04,East,Store_01,Electronics,571.47,2,0.0,1142.94,1142.94,789.87,353.07,Bank Transfer,Returning,47.0,Male,4.4,3.0
ORD102696,2023-04-04,Central,Store_17,Clothing,37.86,1,10.0,37.86,34.07,24.7,9.37,Bank Transfer,Returning,41.0,Other,5.0,4.0
ORD102482,2023-05-12,North,Store_08,Beauty,80.78,1,0.0,80.78,80.78,41.54,39.24,Credit Card,New,16.0,Male,4.1,5.0
ORD101370,2024-10-04,North,Store_15,Clothing,42.16,1,0.0,42.16,42.16,19.15,23.01,Mobile Wallet,New,37.0,Male,,4.0
ORD101566,2024-12-07,East,Store_02,Groceries,17.67,2,15.0,56.54,48.06,29.36,18.7,Mobile Wallet,Returning,,Female,3.5,
ORD103596,2023-09-05,North,Store_09,Clothing,69.72,2,0.0,139.44,139.44,96.38,43.06,Cash,Returning,34.0,Female,3.0,5.0
ORD103771,2023-08-30,South,Store_05,Beauty,137.59,2,5.0,275.18,261.42,183.76,77.66,Credit Card,Returning,20.0,Male,3.6,2.0
ORD105990,2023-02-06,West,Store_01,Electronics,639.43,1,0.0,639.43,639.43,362.44,276.99,Cash,New,49.0,Female,3.5,3.0
ORD104354,2023-12-19,South,Store_06,Beauty,94.68,2,0.0,302.98,302.98,205.13,97.85,Mobile Wallet,Returning,17.0,Male,5.0,5.0
ORD101516,2023-12-19,West,Store_17,Clothing,131.58,4,10.0,842.11,757.9,438.48,319.42,Mobile Wallet,Returning,42.0,Female,3.2,2.0
ORD103993,2023-07-28,West,Store_09,Electronics,116.58,3,25.0,419.69,314.77,198.74,116.03,Credit Card,New,,Female,4.3,3.0
ORD105947,2024-11-10,North,Store_15,Electronics,371.63,5,10.0,2973.04,2675.74,1371.64,1304.1,Credit Card,Returning,33.0,Female,,5.0
ORD102186,2023-08-11,West,Store_09,Beauty,38.28,1,0.0,38.28,38.28,24.8,13.48,Cash,Returning,,Female,3.2,2.0
ORD103308,2023-01-18,South,Store_11,Clothing,142.44,1,25.0,142.44,106.83,64.02,42.81,Debit Card,Returning,28.0,Male,2.7,5.0
ORD103731,2024-09-19,Central,Store_07,Groceries,3.29,1,0.0,3.29,3.29,1.66,1.63,Bank Transfer,New,24.0,Male,3.2,4.0
ORD101037,2023-01-11,North,Store_19,Clothing,137.88,1,10.0,137.88,124.09,74.8,49.29,Bank Transfer,Returning,42.0,Male,4.6,5.0
ORD102437,2024-05-08,Central,Store_09,Sports,206.18,1,5.0,206.18,195.87,113.8,82.07,Credit Card,Returning,37.0,Female,3.9,
ORD102999,2024-04-28,Central,,Clothing,79.72,1,0.0,79.72,79.72,41.57,38.15,Debit Card,Returning,29.0,Female,3.5,5.0
ORD101510,2023-09-01,Central,Store_04,Clothing,154.36,4,0.0,617.44,617.44,325.45,291.99,Cash,Returning,41.0,Male,5.0,3.0
ORD100411,2023-06-17,Central,Store_10,Electronics,946.92,3,10.0,3408.91,3068.02,2262.68,805.34,Bank Transfer,VIP,35.0,Female,4.5,3.0
ORD104816,2024-09-29,South,Store_10,Groceries,33.39,2,0.0,66.78,66.78,47.53,19.25,Credit Card,New,42.0,Female,3.4,3.0
ORD104654,2023-03-31,West,Store_03,Electronics,230.12,1,15.0,230.12,195.6,126.97,68.63,Cash,New,38.0,Other,3.4,6.0
ORD104075,2023-01-17,West,Store_14,Clothing,35.56,2,10.0,71.12,64.01,38.78,25.23,Debit Card,New,27.0,Male,2.5,3.0
ORD101301,2023-10-20,South,Store_09,Electronics,1129.32,2,10.0,2258.64,2032.78,1427.28,605.5,Cash,Returning,61.0,Female,2.9,4.0
ORD103259,2023-10-27,North,Store_08,Electronics,164.8,1,25.0,164.8,123.6,64.37,59.23,Debit Card,New,39.0,Male,4.5,1.0
ORD101317,2024-03-06,South,Store_03,Groceries,59.2,2,10.0,118.4,106.56,52.27,54.29,Bank Transfer,New,17.0,Female,4.9,4.0
ORD103316,2024-04-06,North,Store_07,Groceries,41.06,2,,82.12,78.01,36.77,41.24,Credit Card,New,58.0,Male,3.7,1.0
ORD100777,2023-03-28,East,Store_13,Groceries,32.09,2,0.0,64.18,64.18,30.27,33.91,Mobile Wallet,Returning,38.0,Female,5.0,8.0
ORD104939,2023-09-05,East,Store_16,Groceries,20.22,1,0.0,20.22,20.22,13.49,6.73,Credit Card,Returning,36.0,Female,4.0,5.0
ORD105258,2024-05-03,west,Store_16,Home & Living,375.72,4,0.0,1502.88,1502.88,942.08,560.8,Mobile Wallet,Returning,44.0,Female,3.2,5.0
ORD102367,2023-05-09,South,Store_03,Groceries,10.17,1,0.0,10.17,10.17,5.14,5.03,Bank Transfer,New,20.0,Male,3.3,4.0
ORD102476,2024-01-16,South,Store_04,Home & Living,86.37,1,5.0,86.37,82.05,52.04,30.01,Mobile Wallet,New,42.0,Other,3.0,4.0
ORD104169,2024-05-07,West,Store_20,Electronics,1001.03,1,5.0,1001.03,950.98,470.8,480.18,Cash,VIP,17.0,Male,3.4,7.0
ORD100025,2024-04-15,Central,Store_11,Sports,218.42,1,0.0,218.42,218.42,99.96,118.46,Cash,Returning,57.0,Male,3.0,5.0
ORD103392,2024-08-04,East,Store_13,Clothing,137.66,4,0.0,550.64,550.64,322.74,227.9,Bank Transfer,New,20.0,Female,5.0,3.0
ORD101408,2023-01-02,Central,,Groceries,31.22,1,0.0,31.22,31.22,18.39,12.83,Bank Transfer,New,44.0,Male,5.0,5.0
ORD101139,2024-01-29,North,Store_16,Clothing,58.02,1,0.0,58.02,58.02,40.93,17.09,Bank Transfer,VIP,40.0,Male,,5.0
ORD100505,2023-11-28,East,Store_20,Groceries,59.09,1,0.0,94.54,94.54,56.0,38.54,Mobile Wallet,VIP,45.0,Female,5.0,4.0
ORD101560,2023-08-01,Central,Store_14,Groceries,17.75,3,5.0,53.25,50.59,24.94,25.65,Credit Card,Returning,43.0,Other,5.0,7.0
ORD101120,2023-01-11,North,Store_17,Electronics,136.15,1,0.0,136.15,136.15,67.62,68.53,Cash,VIP,51.0,Male,4.5,5.0
ORD100601,2024-07-22,North,Store_04,Groceries,47.85,1,5.0,57.42,54.55,38.49,16.06,Mobile Wallet,Returning,24.0,Male,3.4,2.0
ORD103941,2023-08-16,North,Store_04,Home & Living,158.66,1,5.0,158.66,150.73,68.36,82.37,Bank Transfer,Returning,47.0,Male,3.2,5.0
ORD102737,2023-05-18,South,Store_02,Beauty,145.16,1,15.0,145.16,123.39,58.17,65.22,Cash,Returning,29.0,Male,2.1,10.0
ORD103851,2023-02-03,West,Store_11,Groceries,5.38,3,0.0,16.14,16.14,9.97,6.17,Credit Card,New,24.0,Male,5.0,4.0
ORD102613,2024-03-12,North,Store_05,Sports,253.21,1,20.0,253.21,202.57,128.5,74.07,Bank Transfer,New,59.0,Male,4.1,6.0
ORD100348,2023-05-12,North,Store_09,Clothing,124.27,2,0.0,248.54,248.54,163.36,85.18,Credit Card,Returning,21.0,Male,4.1,6.0
ORD105945,2023-04-04,East,,Beauty,14.37,1,0.0,14.37,14.37,10.48,3.89,Mobile Wallet,VIP,47.0,Female,2.1,5.0
ORD105475,2024-01-22,Central,Store_07,Beauty,48.08,1,0.0,48.08,48.08,27.04,21.04,Credit Card,New,38.0,Male,4.1,3.0
ORD105626,2023-11-02,South,Store_07,Sports,41.7,1,0.0,66.72,66.72,41.6,25.12,Debit Card,New,34.0,Male,5.0,3.0
ORD105334,2024-03-19,South,Store_19,Electronics,97.09,2,15.0,194.18,165.05,116.06,48.99,Credit Card,VIP,23.0,Female,5.0,
ORD100629,2023-09-25,East,Store_01,Groceries,56.18,4,10.0,224.72,202.25,103.42,98.83,Debit Card,New,59.0,Female,4.0,3.0
ORD105352,2023-03-30,North,Store_13,Electronics,594.92,2,0.0,1189.84,1189.84,892.26,297.58,Debit Card,New,36.0,Male,2.7,5.0
ORD102548,2023-12-10,East,Store_17,Home & Living,93.15,1,0.0,149.04,149.04,72.08,76.96,Mobile Wallet,New,34.0,Male,5.0,6.0
ORD104700,2024-10-10,North,Store_08,Groceries,59.71,1,20.0,59.71,47.77,30.63,17.14,Credit Card,Returning,46.0,Other,3.8,4.0
ORD100408,2024-11-13,South,Store_15,Groceries,14.46,1,0.0,23.14,23.14,12.93,10.21,Bank Transfer,Returning,54.0,Male,4.2,0.0
ORD103391,2024-01-17,South,Store_03,Groceries,47.17,2,0.0,94.34,94.34,58.0,36.34,Cash,Returning,28.0,Other,4.4,5.0
ORD100164,2023-11-02,North,Store_07,Groceries,11.32,1,0.0,18.11,18.11,11.59,6.52,Bank Transfer,Returning,26.0,Male,3.7,8.0
ORD105617,2023-05-15,South,Store_07,Groceries,7.47,3,25.0,22.41,16.81,10.19,6.62,Mobile Wallet,VIP,34.0,Male,,4.0
ORD102336,2023-11-28,Central,Store_18,Electronics,169.12,1,20.0,270.59,216.47,140.17,76.3,Debit Card,Returning,150.0,Female,3.3,1.0
ORD104049,2023-11-30,East,Store_01,Clothing,135.33,1,0.0,216.53,216.53,145.53,71.0,Cash,New,27.0,Female,5.0,6.0
ORD102426,2023-04-26,East,Store_09,Groceries,34.23,1,0.0,34.23,34.23,15.68,18.55,Bank Transfer,New,25.0,Female,3.8,1.0
ORD101087,2024-12-23,North,Store_06,Groceries,3.56,2,0.0,11.39,11.39,5.81,5.58,Credit Card,VIP,43.0,Female,5.0,6.0
ORD103770,2023-11-06,West,Store_14,Groceries,30.79,1,0.0,49.26,49.26,32.7,16.56,Bank Transfer,Returning,52.0,Female,4.1,6.0
ORD104390,2023-05-12,South,Store_14,Electronics,1000.22,1,0.0,1000.22,1000.22,662.44,337.78,Debit Card,Returning,25.0,Female,4.7,3.0
ORD102914,2023-10-25,North,Store_13,Home & Living,119.19,2,0.0,238.38,238.38,117.41,120.97,Debit Card,VIP,46.0,Male,3.9,4.0
ORD102860,2023-05-22,Central,Store_09,Electronics,768.32,3,0.0,2304.96,2304.96,1212.18,1092.78,Debit Card,New,41.0,Male,4.3,6.0
ORD102363,2023-03-28,East,Store_04,Home & Living,48.03,1,15.0,48.03,40.83,22.74,18.09,Mobile Wallet,VIP,40.0,Male,5.0,1.0
ORD104624,2023-10-14,Central,Store_18,Home & Living,26.09,1,0.0,26.09,26.09,16.69,9.4,Debit Card,Returning,16.0,Female,5.0,0.0
ORD103881,2023-06-13,South,Store_05,Groceries,8.89,1,0.0,10.67,10.67,6.7,3.97,Cash,VIP,62.0,Female,4.8,3.0
ORD104123,2023-07-14,East,Store_19,Clothing,155.73,1,10.0,186.88,168.19,114.58,53.61,Mobile Wallet,Returning,24.0,Male,5.0,0.0
ORD104899,2024-03-03,West,Store_03,Beauty,13.42,1,0.0,13.42,13.42,6.48,6.94,Mobile Wallet,Returning,44.0,Male,3.8,0.0
ORD100274,2023-11-02,East,Store_13,Electronics,1022.84,4,0.0,6546.18,6546.18,4304.49,2241.69,Mobile Wallet,New,38.0,Male,3.6,7.0
ORD101072,2024-07-06,West,Store_04,Groceries,46.33,1,0.0,55.6,55.6,34.5,21.1,Mobile Wallet,New,23.0,Male,4.5,3.0
ORD104778,2023-03-19,South,Store_14,Beauty,77.9,1,0.0,77.9,77.9,42.88,35.02,Debit Card,Returning,66.0,Male,,2.0
ORD100675,2024-06-13,West,Store_14,Home & Living,136.25,3,10.0,490.5,441.45,276.58,164.87,Credit Card,Returning,38.0,Female,,0.0
ORD105364,2023-07-19,West,Store_13,Groceries,19.96,1,0.0,23.95,23.95,17.21,6.74,Bank Transfer,New,43.0,Male,4.3,3.0
ORD103382,2024-12-02,South,Store_11,Electronics,625.45,1,0.0,1000.72,1000.72,547.34,453.38,Cash,VIP,48.0,Male,3.1,4.0
ORD103704,2024-11-20,East,Store_01,Clothing,76.24,1,10.0,121.98,109.78,68.39,41.39,Cash,Returning,24.0,Female,3.7,7.0
ORD100585,2024-11-06,South,Store_14,Beauty,29.53,2,0.0,94.5,94.5,47.49,47.01,Credit Card,VIP,47.0,,5.0,3.0
ORD100837,2023-05-25,North,Store_18,Sports,166.02,1,0.0,166.02,166.02,101.63,64.39,Mobile Wallet,Returning,41.0,Female,3.4,2.0
ORD104399,2024-04-28,West,Store_06,Groceries,56.85,2,0.0,113.7,113.7,72.99,40.71,Cash,VIP,20.0,Male,4.8,6.0
ORD102615,2024-05-03,East,Store_10,Groceries,3.24,1,0.0,3.24,3.24,2.07,1.17,Debit Card,VIP,32.0,Male,3.4,3.0
ORD102965,2024-03-08,East,Store_17,Electronics,693.0,1,15.0,693.0,589.05,434.24,154.81,Mobile Wallet,VIP,33.0,Male,5.0,2.0
ORD101437,2024-04-21,West,Store_06,Beauty,31.83,1,10.0,31.83,28.65,13.94,14.71,Credit Card,New,32.0,Male,4.7,4.0
ORD101553,2024-03-27,South,Store_12,Electronics,937.71,1,0.0,937.71,937.71,512.25,425.46,Cash,New,64.0,Male,3.5,1.0
ORD100816,2023-02-01,Central,Store_04,Groceries,11.3,1,15.0,11.3,9.6,5.08,4.52,Credit Card,New,34.0,Female,4.2,4.0
ORD101243,2023-12-24,West,Store_15,Beauty,33.91,2,10.0,108.51,97.66,71.2,26.46,Debit Card,VIP,54.0,Male,4.6,6.0
ORD104312,2023-09-12,West,,Clothing,25.49,2,10.0,50.98,45.88,33.72,12.16,Credit Card,Returning,28.0,Male,5.0,4.0
ORD100302,2023-01-08,Central,Store_19,Groceries,36.79,4,10.0,147.16,132.44,76.45,55.99,Debit Card,Returning,23.0,Female,4.0,4.0
ORD102619,2024-11-21,West,Store_07,Electronics,685.32,1,0.0,1096.51,1096.51,648.78,447.73,Debit Card,New,39.0,Female,5.0,0.0
ORD105660,2023-04-05,South,Store_13,Electronics,341.7,3,25.0,1025.1,768.83,354.48,414.35,Bank Transfer,Returning,38.0,,3.5,3.0
ORD102678,2024-02-28,North,Store_01,Beauty,15.76,5,0.0,78.8,78.8,58.71,20.09,Mobile Wallet,New,38.0,Female,3.7,1.0
ORD102485,2023-09-21,North,Store_15,Beauty,24.54,1,0.0,24.54,24.54,17.46,7.08,Bank Transfer,VIP,42.0,Female,4.4,3.0
ORD103936,2024-01-18,South,Store_04,Electronics,930.07,2,0.0,1860.14,1860.14,1261.48,598.66,Cash,New,32.0,Male,3.3,2.0
ORD105938,2024-12-25,East,Store_20,Sports,69.66,1,0.0,111.46,111.46,74.18,37.28,Mobile Wallet,New,16.0,Other,3.7,5.0
ORD103162,2023-04-28,North,Store_15,Clothing,143.55,1,5.0,143.55,136.37,71.57,64.8,Credit Card,Returning,34.0,Male,4.5,5.0
ORD101063,2024-05-29,Central,Store_10,Clothing,124.39,1,0.0,124.39,124.39,90.64,33.75,Bank Transfer,New,56.0,Male,5.0,4.0
ORD100872,2023-03-25,South,Store_19,Sports,57.81,1,0.0,57.81,57.81,39.95,17.86,Credit Card,Returning,16.0,Male,4.9,1.0
ORD102819,2024-05-31,West,Store_13,Electronics,1186.08,1,0.0,1186.08,1186.08,739.17,446.91,Bank Transfer,New,37.0,Male,4.4,7.0
ORD104900,2023-09-10,North,Store_19,Electronics,268.71,1,0.0,268.71,268.71,151.56,117.15,Credit Card,New,34.0,Male,3.0,3.0
ORD100952,2024-03-24,Central,Store_07,Sports,151.57,3,5.0,454.71,431.97,281.4,150.57,Bank Transfer,VIP,36.0,Female,4.8,4.0
ORD100159,2024-07-26,West,Store_18,Groceries,53.03,1,0.0,63.64,63.64,32.76,30.88,Mobile Wallet,Returning,63.0,Male,3.5,2.0
ORD100923,2023-04-16,East,Store_13,Electronics,514.58,2,5.0,1029.16,977.7,689.75,287.95,Bank Transfer,Returning,63.0,Male,3.4,6.0
ORD102770,2024-04-27,East,Store_08,Home & Living,372.96,1,0.0,372.96,372.96,182.61,190.35,Mobile Wallet,Returning,,Male,3.3,0.0
ORD104155,2023-05-17,West,Store_09,Groceries,36.53,1,0.0,36.53,36.53,22.01,14.52,Mobile Wallet,Returning,38.0,Female,4.5,5.0
ORD105887,2023-05-04,West,Store_01,Groceries,19.24,3,5.0,57.72,54.83,33.97,20.86,Mobile Wallet,VIP,39.0,Male,3.2,4.0
ORD104334,2024-10-31,South,Store_05,Beauty,14.2,2,15.0,28.4,24.14,14.63,9.51,Debit Card,Returning,21.0,Female,2.9,1.0
ORD101975,2023-02-06,Central,Store_07,Sports,31.59,1,0.0,31.59,31.59,16.44,15.15,Mobile Wallet,Returning,28.0,Female,3.4,5.0
ORD104119,2023-02-07,South,Store_05,Groceries,28.13,3,0.0,84.39,84.39,44.14,40.25,Mobile Wallet,Returning,16.0,Female,3.4,6.0
ORD104893,2023-02-05,East,Store_08,Beauty,116.43,2,5.0,232.86,221.22,125.67,95.55,Mobile Wallet,New,46.0,Other,5.0,3.0
ORD103735,2023-05-29,West,Store_02,Beauty,102.29,1,5.0,102.29,97.18,54.69,42.49,Mobile Wallet,Returning,40.0,Female,4.5,2.0
ORD102394,2023-12-12,West,Store_09,Electronics,58.78,3,0.0,282.14,282.14,156.38,125.76,Bank Transfer,New,,Male,3.8,5.0
ORD105218,2023-02-07,North,Store_10,Electronics,428.92,1,15.0,428.92,364.58,198.05,166.53,Bank Transfer,Returning,38.0,Male,3.8,0.0
ORD103603,2024-03-31,Central,Store_07,Beauty,118.76,1,0.0,118.76,118.76,65.13,53.63,Mobile Wallet,New,,Male,3.8,1.0
ORD102056,2024-06-20,West,Store_16,Beauty,134.82,1,15.0,161.78,137.51,91.35,46.16,Debit Card,New,47.0,Female,4.4,2.0
ORD104324,2024-12-09,North,Store_01,Groceries,3.1,1,5.0,4.96,4.71,2.37,2.34,Cash,New,38.0,Male,4.1,6.0
ORD100489,2024-03-18,South,Store_13,Clothing,51.7,2,5.0,103.4,98.23,56.29,41.94,Cash,Returning,53.0,Other,4.1,2.0
ORD103713,2023-06-13,South,Store_13,Groceries,4.73,1,0.0,5.68,5.68,3.24,2.44,Bank Transfer,New,49.0,,3.7,7.0
ORD100385,2023-03-31,East,Store_13,Groceries,59.51,2,20.0,119.02,95.22,47.0,48.22,Cash,VIP,16.0,Male,3.5,5.0
ORD103488,2023-11-20,South,Store_02,Beauty,31.71,1,0.0,50.74,50.74,32.68,18.06,Cash,New,16.0,Male,5.0,5.0
ORD102283,2024-07-28,South,Store_16,Sports,231.69,1,15.0,278.03,236.33,164.42,71.91,Debit Card,Returning,27.0,Female,1.2,3.0
ORD104111,2023-12-17,South,Store_12,Clothing,177.81,1,0.0,284.5,284.5,177.43,107.07,Mobile Wallet,New,16.0,Male,4.8,3.0
ORD101824,2024-07-18,West,Store_06,Electronics,841.85,1,15.0,1010.22,858.69,440.16,418.53,Debit Card,New,38.0,Other,4.1,3.0
ORD104365,2024-09-03,North,Store_08,Groceries,26.77,3,0.0,80.31,80.31,48.45,31.86,Mobile Wallet,New,46.0,Female,4.3,5.0
ORD104419,2023-03-18,North,Store_13,Groceries,36.16,1,0.0,36.16,36.16,18.0,18.16,Credit Card,Returning,54.0,Male,,4.0
ORD101588,2024-09-21,North,Store_04,Electronics,375.24,1,0.0,375.24,375.24,243.58,131.66,Credit Card,VIP,43.0,Female,3.1,4.0
ORD103586,2023-11-27,North,Store_17,Home & Living,45.86,1,0.0,73.38,73.38,50.48,22.9,Mobile Wallet,Returning,29.0,Male,3.7,3.0
ORD103348,2023-03-30,Central,Store_12,Groceries,55.26,1,5.0,55.26,52.5,37.56,14.94,Cash,Returning,23.0,Male,4.5,3.0
ORD105787,2024-03-21,East,Store_13,Sports,117.08,3,5.0,351.24,333.68,238.74,94.94,Mobile Wallet,New,27.0,Other,3.4,1.0
ORD101751,2024-10-09,North,Store_18,Groceries,37.12,2,0.0,74.24,74.24,39.75,34.49,Bank Transfer,Returning,42.0,Male,5.0,3.0
ORD101231,2024-06-19,North,Store_14,Electronics,132.19,3,0.0,475.88,475.88,283.0,192.88,Debit Card,Returning,32.0,Female,3.7,2.0
ORD104089,2024-12-17,South,Store_08,Groceries,48.71,5,0.0,389.68,389.68,221.76,167.92,Mobile Wallet,Returning,30.0,Female,5.0,0.0
ORD103160,2023-03-28,North,Store_05,Home & Living,155.48,2,0.0,310.96,310.96,201.26,109.7,Mobile Wallet,VIP,49.0,Male,3.8,3.0
ORD100963,2023-06-08,West,Store_10,Beauty,28.57,1,5.0,34.28,32.57,20.11,12.46,Mobile Wallet,Returning,22.0,Male,3.9,4.0
ORD104593,2024-06-15,North,Store_02,Groceries,17.61,1,5.0,21.13,20.07,10.59,9.48,Credit Card,Returning,41.0,,4.7,1.0
ORD100352,2023-08-07,Central,Store_14,Beauty,124.87,1,0.0,124.87,124.87,77.26,47.61,Debit Card,VIP,29.0,Female,4.8,3.0
ORD101838,2023-06-12,North,Store_06,Home & Living,317.92,2,0.0,763.01,763.01,431.43,331.58,Bank Transfer,Returning,30.0,Male,4.4,3.0
ORD103945,2024-06-19,East,Store_17,Groceries,4.47,1,0.0,5.36,5.36,2.47,2.89,Bank Transfer,New,52.0,Female,5.0,6.0
ORD104845,2024-07-12,East,Store_18,Clothing,161.46,2,0.0,387.5,387.5,205.23,182.27,Debit Card,New,23.0,Female,4.0,0.0
ORD100001,2024-07-18,West,Store_12,Home & Living,353.62,1,5.0,424.34,403.12,296.07,107.05,Cash,Returning,22.0,Male,4.7,3.0
ORD105159,2024-11-07,North,Store_16,Groceries,56.79,2,0.0,181.73,181.73,103.7,78.03,Bank Transfer,Returning,42.0,Female,2.1,
ORD104381,2023-03-26,East,Store_18,Home & Living,234.36,1,0.0,234.36,234.36,130.44,103.92,Debit Card,Returning,41.0,Male,4.5,2.0
ORD105809,2023-10-04,West,,Groceries,47.9,1,0.0,47.9,47.9,27.72,20.18,Mobile Wallet,New,28.0,Female,3.6,2.0
ORD100783,2023-03-31,North,Store_16,Beauty,117.9,1,0.0,117.9,117.9,61.8,56.1,Credit Card,Returning,49.0,Female,2.3,1.0
ORD104884,2023-01-05,East,Store_17,Electronics,430.74,2,0.0,861.48,861.48,572.43,289.05,Debit Card,Returning,46.0,Male,4.2,6.0
ORD102396,2024-11-22,West,Store_07,Sports,50.8,1,0.0,81.28,81.28,53.22,28.06,Bank Transfer,VIP,59.0,Male,3.0,6.0
ORD104866,2023-12-08,West,Store_09,Electronics,1016.89,1,0.0,1627.02,1627.02,834.36,792.66,Credit Card,New,31.0,Female,,4.0
ORD100068,2023-02-25,East,Store_13,Clothing,112.29,1,5.0,112.29,106.68,65.45,41.23,Cash,Returning,31.0,Male,2.6,2.0
ORD100403,2024-12-10,South,Store_16,Home & Living,485.7,4,0.0,3108.48,3108.48,1426.24,1682.24,Debit Card,New,23.0,Female,4.7,5.0
ORD103434,2023-06-21,South,Store_16,Electronics,1062.23,1,0.0,1274.68,1274.68,787.4,487.28,Mobile Wallet,New,65.0,Male,3.7,3.0
ORD101478,2023-06-18,North,Store_03,Electronics,123.6,1,10.0,148.32,133.49,64.68,68.81,Debit Card,VIP,,Male,5.0,5.0
ORD105416,2023-09-15,Central,Store_05,Electronics,142.5,2,10.0,285.0,256.5,167.29,89.21,Debit Card,New,57.0,Female,5.0,4.0
ORD104273,2023-08-18,South,Store_17,Electronics,816.05,1,5.0,816.05,775.25,388.14,387.11,Mobile Wallet,Returning,27.0,Female,3.5,4.0
ORD103428,2024-07-23,South,Store_16,Electronics,793.88,1,0.0,952.66,952.66,657.23,295.43,Bank Transfer,New,50.0,Male,5.0,3.0
ORD102139,2023-10-20,North,Store_17,Sports,254.2,1,0.0,254.2,254.2,181.66,72.54,Mobile Wallet,VIP,50.0,Female,,9.0
ORD101200,2024-10-03,South,Store_17,Sports,237.03,1,0.0,237.03,237.03,139.03,98.0,Mobile Wallet,Returning,27.0,Male,2.7,6.0
ORD102915,2023-11-16,East,Store_03,Electronics,1044.74,1,0.0,1671.58,1671.58,766.14,905.44,Cash,Returning,44.0,Female,3.8,0.0
ORD102300,2023-07-15,East,Store_15,Home & Living,154.54,1,0.0,185.45,185.45,128.32,57.13,Cash,VIP,30.0,Male,4.3,0.0
ORD101756,2023-09-12,East,Store_03,Clothing,10.92,1,0.0,10.92,10.92,7.27,3.65,Debit Card,Returning,49.0,Male,,2.0
ORD103486,2023-09-06,Central,Store_17,Groceries,54.35,1,20.0,54.35,43.48,19.62,23.86,Debit Card,Returning,51.0,Female,,5.0
ORD101577,2024-08-06,South,Store_13,Groceries,16.33,3,0.0,48.99,48.99,36.04,12.95,Debit Card,Returning,27.0,Male,5.0,
ORD102719,2023-04-30,South,Store_09,Clothing,85.73,1,15.0,85.73,72.87,40.67,32.2,Mobile Wallet,New,,Other,4.9,3.0
ORD102241,2024-04-29,South,Store_14,Beauty,120.53,1,5.0,120.53,114.5,51.58,62.92,Credit Card,New,57.0,Male,4.7,3.0
ORD102774,2024-02-02,East,Store_01,Clothing,55.2,1,5.0,55.2,52.44,31.03,21.41,Cash,Returning,150.0,Female,4.4,0.0
ORD101507,2023-12-17,South,Store_09,Home & Living,46.78,2,0.0,149.7,149.7,78.8,70.9,Mobile Wallet,Returning,39.0,Male,4.0,0.0
ORD103749,2024-10-23,North,Store_07,Groceries,49.6,1,0.0,49.6,49.6,33.73,15.87,Bank Transfer,Returning,63.0,Female,4.6,2.0
ORD102493,2024-03-21,Central,Store_04,Electronics,379.51,1,10.0,379.51,341.56,156.48,185.08,Bank Transfer,Returning,53.0,Male,3.4,3.0
ORD105114,2023-06-23,West,Store_11,Groceries,22.7,1,0.0,27.24,27.24,19.13,8.11,Cash,Returning,54.0,Male,5.0,3.0
ORD100538,2024-01-30,North,Store_11,Clothing,45.37,2,0.0,90.74,90.74,56.93,33.81,Bank Transfer,VIP,42.0,Male,4.0,6.0
ORD101330,2023-11-25,North,Store_19,Clothing,189.12,3,25.0,907.78,680.84,338.34,342.5,Debit Card,Returning,37.0,Male,4.7,6.0
ORD102303,2024-10-03,South,Store_06,Clothing,160.43,1,5.0,160.43,152.41,90.35,62.06,Cash,VIP,16.0,Female,5.0,3.0
ORD102499,2024-11-09,North,Store_19,Groceries,29.71,2,0.0,95.07,95.07,42.92,52.15,Mobile Wallet,Returning,42.0,Male,3.6,2.0
ORD101612,2024-05-04,East,Store_16,Clothing,100.12,1,0.0,100.12,100.12,72.07,28.05,Debit Card,New,37.0,Female,4.1,3.0
ORD101488,2023-03-23,South,Store_05,Home & Living,498.7,2,15.0,997.4,847.79,509.34,338.45,Cash,New,55.0,Male,4.4,7.0
ORD102018,2024-06-09,South,Store_08,Clothing,157.63,5,0.0,945.78,945.78,550.6,395.18,Bank Transfer,Returning,65.0,Female,4.0,2.0
ORD101744,2023-06-03,Central,Store_12,Home & Living,49.38,1,5.0,59.26,56.3,29.11,27.19,Cash,New,16.0,Male,,0.0
ORD104832,2023-10-12,North,,Sports,173.64,1,15.0,173.64,147.59,97.78,49.81,Mobile Wallet,Returning,16.0,Male,2.3,5.0
ORD105689,2023-06-02,North,Store_04,Sports,170.5,2,0.0,409.2,409.2,226.18,183.02,Credit Card,VIP,46.0,Female,5.0,0.0
ORD105493,2023-05-31,South,Store_12,Beauty,41.39,1,0.0,41.39,41.39,26.32,15.07,Credit Card,Returning,29.0,Male,2.5,8.0
ORD105904,2023-05-18,South,Store_08,Home & Living,325.48,2,5.0,650.96,618.41,313.9,304.51,Bank Transfer,VIP,39.0,Female,,2.0
ORD104606,2023-06-25,West,Store_04,Clothing,59.17,1,5.0,71.0,67.45,49.51,17.94,Debit Card,Returning,,Male,4.6,6.0
ORD101393,2024-06-25,South,Store_16,Clothing,67.68,2,10.0,162.43,146.19,106.73,39.46,Bank Transfer,VIP,56.0,Female,4.0,6.0
ORD101508,2024-09-22,North,Store_19,Electronics,372.21,1,20.0,372.21,297.77,207.05,90.72,Debit Card,New,30.0,Male,4.0,4.0
ORD101194,2024-01-19,North,Store_15,Groceries,3.37,3,15.0,10.11,8.59,5.11,3.48,Credit Card,New,34.0,Male,,4.0
ORD105222,2024-11-03,Central,Store_04,Electronics,1046.16,1,5.0,1673.86,1590.17,871.28,718.89,Debit Card,Returning,47.0,Female,4.6,3.0
ORD105802,2023-11-16,North,Store_19,Groceries,20.19,1,10.0,32.3,29.07,18.91,10.16,Cash,Returning,22.0,Female,3.8,7.0
ORD103800,2024-11-04,South,Store_02,Clothing,135.68,1,5.0,217.09,206.24,99.63,106.61,Bank Transfer,Returning,,Male,2.3,4.0
ORD105141,2023-01-12,West,Store_09,Home & Living,359.87,1,0.0,359.87,359.87,186.8,173.07,Debit Card,New,39.0,Male,4.0,5.0
ORD104677,2024-02-19,West,Store_10,Electronics,1064.64,1,0.0,1064.64,1064.64,753.28,311.36,Bank Transfer,Returning,61.0,Male,3.4,3.0
ORD104844,2024-07-02,North,Store_20,Beauty,108.08,2,20.0,259.39,207.51,148.77,58.74,Debit Card,Returning,49.0,Male,4.1,4.0
ORD101931,2023-12-18,East,Store_16,Home & Living,232.52,1,0.0,372.03,372.03,247.02,125.01,Bank Transfer,VIP,23.0,Male,4.6,6.0
ORD102812,2023-05-25,East,Store_07,Clothing,24.53,1,0.0,24.53,24.53,12.46,12.07,Mobile Wallet,New,40.0,Female,4.7,6.0
ORD103974,2023-03-11,South,Store_08,Groceries,55.0,2,0.0,110.0,110.0,64.16,45.84,Credit Card,New,50.0,Male,3.7,2.0
ORD102539,2023-12-27,North,Store_12,Electronics,298.98,1,5.0,478.37,454.45,261.94,192.51,Credit Card,Returning,57.0,,4.0,7.0
ORD102669,2024-12-04,South,Store_10,Sports,93.7,1,10.0,149.92,134.93,73.05,61.88,Bank Transfer,New,58.0,Male,3.9,5.0
ORD103719,2023-07-11,North,Store_17,Groceries,12.72,1,0.0,15.26,15.26,8.93,6.33,Debit Card,Returning,35.0,Female,5.0,2.0
ORD103248,2023-04-13,West,Store_01,Groceries,16.33,2,10.0,32.66,29.39,19.98,9.41,Mobile Wallet,New,37.0,Female,3.8,4.0
ORD104759,2024-05-21,South,Store_09,Beauty,89.83,1,15.0,89.83,76.36,44.49,31.87,Debit Card,Returning,44.0,Female,4.1,1.0
ORD102822,2023-04-03,East,Store_13,Clothing,156.12,3,5.0,468.36,444.94,292.65,152.29,Bank Transfer,VIP,58.0,Male,4.2,8.0
ORD100573,2023-02-05,South,Store_01,Home & Living,261.64,1,5.0,261.64,248.56,149.09,99.47,Debit Card,Returning,45.0,Female,4.0,5.0
ORD100696,2024-06-10,North,Store_11,Clothing,189.96,2,10.0,455.9,410.31,247.3,163.01,Mobile Wallet,New,22.0,Male,3.6,8.0
ORD105639,2024-11-05,South,Store_17,Sports,120.73,1,5.0,193.17,183.51,113.21,70.3,Bank Transfer,Returning,38.0,Male,4.0,4.0
ORD105384,2023-02-14,East,Store_11,Home & Living,169.54,1,0.0,169.54,169.54,78.13,91.41,Credit Card,New,31.0,Female,5.0,5.0
ORD105954,2024-05-11,North,Store_02,Groceries,55.76,2,0.0,111.52,111.52,82.76,28.76,Debit Card,Returning,43.0,Male,3.6,5.0
ORD105104,2023-03-21,West,Store_12,Electronics,581.36,1,15.0,581.36,494.16,237.68,256.48,Bank Transfer,Returning,44.0,Female,2.5,7.0
ORD102187,2023-07-08,South,Store_19,Electronics,963.47,2,0.0,2312.33,2312.33,1481.53,830.8,Bank Transfer,New,43.0,Male,3.1,5.0
ORD104022,2024-01-31,Central,Store_08,Beauty,45.62,1,0.0,45.62,45.62,32.74,12.88,Cash,VIP,31.0,Male,4.6,3.0
ORD104935,2024-03-09,North,Store_05,Beauty,130.51,1,25.0,130.51,97.88,50.25,47.63,Debit Card,VIP,22.0,Female,5.0,4.0
ORD102045,2024-12-25,South,Store_16,Electronics,497.48,2,10.0,1591.94,1432.75,1019.48,413.27,Cash,Returning,43.0,Female,2.6,4.0
ORD100282,2024-05-04,South,Store_13,Groceries,56.91,1,0.0,56.91,56.91,33.29,23.62,Cash,Returning,22.0,Female,4.0,1.0
ORD100258,2023-05-08,West,Store_04,Groceries,46.23,1,0.0,46.23,46.23,32.77,13.46,Debit Card,New,38.0,Male,3.6,2.0
ORD102664,2023-06-06,South,Store_05,Clothing,24.8,2,0.0,59.52,59.52,40.96,18.56,Cash,VIP,39.0,Female,,3.0
ORD105024,2024-09-28,East,Store_20,Groceries,50.51,2,,101.02,85.87,47.45,38.42,Bank Transfer,VIP,,Male,2.9,4.0
ORD103233,2023-01-04,South,Store_17,Beauty,10.67,1,10.0,10.67,9.6,4.83,4.77,Bank Transfer,New,64.0,Male,4.7,3.0
ORD100725,2023-03-27,South,Store_05,Electronics,220.48,3,0.0,661.44,661.44,414.75,246.69,Cash,New,37.0,Female,3.9,7.0
ORD101636,2023-05-01,South,Store_02,Sports,142.6,2,0.0,285.2,285.2,135.82,149.38,Mobile Wallet,Returning,120.0,Male,3.8,3.0
ORD104773,2024-12-21,North,Store_15,Beauty,120.82,2,0.0,386.62,386.62,260.1,126.52,Debit Card,Returning,60.0,Male,2.5,5.0
ORD100055,2023-02-01,South,Store_19,Groceries,14.25,1,0.0,14.25,14.25,8.87,5.38,Mobile Wallet,VIP,64.0,Male,3.1,4.0
ORD105741,2024-03-29,South,Store_12,Groceries,56.1,5,0.0,280.5,280.5,170.16,110.34,Mobile Wallet,New,51.0,Female,4.2,5.0
ORD101411,2024-02-14,Central,Store_12,Electronics,772.63,1,5.0,772.63,734.0,510.99,223.01,Bank Transfer,Returning,23.0,Other,5.0,5.0
ORD102214,2023-03-26,Central,Store_10,Groceries,56.27,1,0.0,56.27,56.27,32.99,23.28,Debit Card,Returning,33.0,Other,4.9,3.0
ORD105895,2024-08-05,Central,Store_11,Groceries,46.8,1,5.0,46.8,44.46,24.41,20.05,Credit Card,Returning,16.0,Male,4.2,3.0
ORD102935,2023-06-16,North,Store_16,Home & Living,187.84,1,25.0,225.41,169.06,101.1,67.96,Bank Transfer,Returning,58.0,Male,3.5,5.0
ORD100888,2023-01-12,East,Store_11,Home & Living,419.23,2,0.0,838.46,838.46,470.66,367.8,Mobile Wallet,Returning,28.0,Female,3.9,2.0
ORD102954,2023-07-22,Central,Store_01,Home & Living,99.33,1,0.0,119.2,119.2,74.14,45.06,Cash,Returning,22.0,,4.4,5.0
ORD101687,2023-10-25,West,Store_19,Beauty,49.85,1,20.0,49.85,39.88,18.48,21.4,Cash,New,44.0,Female,2.7,2.0
ORD101819,2023-08-04,East,Store_11,Groceries,54.89,1,0.0,54.89,54.89,35.01,19.88,Cash,VIP,29.0,Female,3.1,3.0
ORD103703,2024-10-23,East,Store_16,Beauty,64.6,1,15.0,64.6,54.91,36.13,18.78,Bank Transfer,Returning,57.0,Male,4.5,3.0
ORD101972,2024-05-12,South,Store_18,Electronics,313.7,1,0.0,313.7,313.7,203.19,110.51,Bank Transfer,VIP,22.0,Male,4.3,5.0
ORD100714,2024-11-02,Central,Store_06,Home & Living,264.3,1,0.0,422.88,422.88,252.08,170.8,Bank Transfer,Returning,36.0,Male,3.5,1.0
ORD104701,2023-02-11,North,Store_12,Groceries,27.63,2,0.0,55.26,55.26,29.35,25.91,Mobile Wallet,New,46.0,Female,5.0,3.0
ORD102286,2024-10-23,South,Store_02,Clothing,111.64,2,0.0,223.28,223.28,102.18,121.1,Debit Card,New,44.0,Female,2.9,5.0
ORD105664,2024-02-04,West,Store_01,Home & Living,282.48,2,15.0,564.96,480.22,344.08,136.14,Mobile Wallet,New,51.0,Female,4.3,6.0
ORD101589,2023-01-22,West,Store_11,Electronics,156.39,2,10.0,312.78,281.5,204.99,76.51,Cash,Returning,30.0,Male,4.1,2.0
ORD104934,2023-10-05,Central,Store_05,Beauty,89.63,1,0.0,89.63,89.63,44.71,44.92,Debit Card,VIP,35.0,Male,4.3,2.0
ORD102848,2023-07-24,West,Store_10,Groceries,47.05,1,0.0,56.46,56.46,40.54,15.92,Mobile Wallet,Returning,29.0,Female,3.9,3.0
ORD104713,2023-12-23,South,Store_14,Groceries,55.25,1,5.0,88.4,83.98,59.81,24.17,Debit Card,New,53.0,Other,4.1,6.0
ORD100123,2023-12-10,Central,Store_15,Beauty,45.63,2,0.0,146.02,146.02,78.34,67.68,Credit Card,New,33.0,Male,3.7,5.0
ORD104430,2024-11-03,West,Store_13,Electronics,74.65,5,5.0,597.2,567.34,371.94,195.4,Cash,Returning,45.0,Male,4.8,4.0
ORD105586,2023-06-13,North,Store_14,Groceries,51.21,1,0.0,61.45,61.45,33.67,27.78,Cash,New,45.0,Female,5.0,3.0
ORD104400,2023-10-04,East,Store_01,Electronics,195.95,1,5.0,195.95,186.15,85.56,100.59,Bank Transfer,New,29.0,Male,2.5,5.0
ORD100980,2024-03-06,North,Store_16,Groceries,32.57,1,0.0,32.57,32.57,18.71,13.86,Debit Card,Returning,25.0,Male,4.7,5.0
ORD100175,2023-12-04,South,Store_06,Electronics,1115.35,1,10.0,1784.56,1606.1,748.66,857.44,Cash,Returning,38.0,Male,3.2,3.0
ORD100581,2024-08-31,West,Store_19,Groceries,9.49,3,0.0,28.47,28.47,20.32,8.15,Credit Card,VIP,45.0,Other,2.9,3.0
ORD104843,2023-05-25,West,Store_14,Beauty,67.95,2,0.0,135.9,135.9,69.5,66.4,Bank Transfer,New,26.0,Female,3.2,8.0
ORD101616,2024-08-02,West,Store_16,Home & Living,306.91,2,0.0,613.82,613.82,287.35,326.47,Credit Card,VIP,51.0,Male,3.8,3.0
ORD105329,2023-12-25,South,Store_03,Clothing,36.49,1,0.0,58.38,58.38,37.3,21.08,Debit Card,Returning,47.0,Female,4.3,6.0
ORD102876,2024-04-29,West,Store_06,Home & Living,45.44,2,0.0,90.88,90.88,49.43,41.45,Cash,Returning,22.0,Female,4.8,0.0
ORD105088,2023-04-11,South,Store_06,Groceries,39.59,1,10.0,39.59,35.63,17.86,17.77,Debit Card,VIP,44.0,Female,,5.0
ORD103243,2024-01-14,West,Store_14,Clothing,181.51,1,0.0,181.51,181.51,133.71,47.8,Credit Card,Returning,27.0,Male,5.0,3.0
ORD101861,2023-08-05,West,,Electronics,650.33,1,0.0,650.33,650.33,320.98,329.35,Credit Card,New,31.0,Female,3.7,1.0
ORD103575,2024-05-15,Central,Store_15,Groceries,59.26,2,15.0,118.52,100.74,70.53,30.21,Mobile Wallet,VIP,36.0,Female,3.5,2.0
ORD103606,2023-08-28,South,Store_16,Beauty,112.12,1,0.0,112.12,112.12,69.55,42.57,Debit Card,New,32.0,Female,3.5,3.0
ORD105718,2023-01-05,North,Store_10,Groceries,50.42,1,20.0,50.42,40.34,18.6,21.74,Mobile Wallet,New,41.0,Female,4.4,1.0
ORD102974,2023-01-13,South,Store_05,Groceries,22.29,2,5.0,44.58,42.35,22.65,19.7,Debit Card,New,49.0,Female,3.0,4.0
ORD104505,2023-10-04,West,Store_15,Electronics,99.83,1,0.0,99.83,99.83,59.55,40.28,Bank Transfer,New,30.0,Female,3.7,4.0
ORD104771,2024-07-10,South,Store_08,Electronics,779.99,2,5.0,1871.98,1778.38,941.59,836.79,Debit Card,VIP,37.0,Female,5.0,2.0
ORD100297,2023-11-17,North,Store_17,Groceries,16.18,1,0.0,25.89,25.89,14.71,11.18,Mobile Wallet,New,35.0,Female,5.0,4.0
ORD100925,2024-11-21,North,Store_06,Beauty,71.84,1,0.0,114.94,114.94,80.62,34.32,Debit Card,Returning,24.0,Female,4.8,5.0
ORD104118,2023-06-01,East,Store_18,Electronics,890.53,1,0.0,1068.64,1068.64,572.14,496.5,Bank Transfer,Returning,29.0,Male,4.4,4.0
ORD104955,2023-05-21,East,Store_06,Home & Living,404.08,3,15.0,1212.24,1030.4,599.52,430.88,Credit Card,New,17.0,Male,3.6,5.0
ORD102115,2023-05-28,West,Store_11,Sports,114.1,1,0.0,114.1,114.1,55.58,58.52,Bank Transfer,Returning,28.0,Female,3.5,3.0
ORD104824,2023-12-31,East,Store_05,Electronics,293.83,2,15.0,940.26,799.22,404.11,395.11,Cash,New,45.0,Male,3.5,1.0
ORD101307,2023-06-23,South,Store_01,Sports,192.14,5,0.0,1152.84,1152.84,863.56,289.28,Debit Card,New,43.0,Male,3.1,1.0
ORD104767,2023-01-07,East,Store_14,Groceries,14.58,1,0.0,14.58,14.58,6.79,7.79,Bank Transfer,New,,Female,3.5,5.0
ORD101672,2023-07-15,West,Store_03,Home & Living,87.38,1,10.0,104.86,94.37,59.0,35.37,Cash,Returning,32.0,Female,3.4,5.0
ORD101199,2024-03-28,West,Store_05,Electronics,747.71,3,0.0,2243.13,2243.13,1375.51,867.62,Credit Card,Returning,37.0,Male,3.5,5.0
ORD102229,2024-12-16,East,Store_01,Groceries,34.04,1,0.0,54.46,54.46,36.38,18.08,Credit Card,Returning,44.0,Female,3.0,5.0
ORD105951,2024-08-21,North,Store_10,Clothing,174.09,2,5.0,348.18,330.77,233.84,96.93,Cash,New,35.0,Female,5.0,2.0
ORD100293,2023-08-31,North,Store_03,Electronics,693.44,2,0.0,1386.88,1386.88,983.36,403.52,Debit Card,VIP,57.0,Male,2.6,2.0
ORD102690,2024-06-16,East,Store_07,Electronics,389.95,1,0.0,467.94,467.94,345.23,122.71,Credit Card,Returning,61.0,Other,5.0,4.0
ORD104222,2024-08-25,West,Store_07,Clothing,173.44,1,10.0,173.44,156.1,114.75,41.35,Debit Card,New,43.0,Male,4.2,4.0
ORD102579,2024-02-19,East,Store_05,Electronics,612.32,1,0.0,612.32,612.32,310.31,302.01,Mobile Wallet,VIP,23.0,Male,5.0,2.0
ORD104887,2024-01-29,South,Store_10,Home & Living,387.58,1,0.0,387.58,387.58,177.17,210.41,Mobile Wallet,Returning,21.0,Female,3.4,8.0
ORD100692,2024-11-10,Central,Store_17,Sports,59.79,2,5.0,191.33,181.76,126.12,55.64,Credit Card,New,54.0,Female,4.8,3.0
ORD100686,2023-10-24,Central,Store_12,Clothing,102.99,2,,205.98,195.68,139.49,56.19,Bank Transfer,VIP,21.0,Female,3.9,4.0
ORD100817,2023-03-19,South,Store_10,Groceries,25.01,2,0.0,50.02,50.02,32.27,17.75,Bank Transfer,VIP,52.0,Female,5.0,6.0
ORD100216,2023-02-27,West,Store_20,Home & Living,37.86,2,0.0,75.72,75.72,48.88,26.84,Mobile Wallet,New,38.0,Male,5.0,5.0
ORD103325,2024-07-25,Central,Store_17,Electronics,862.3,4,0.0,4139.04,4139.04,2492.86,1646.18,Cash,Returning,65.0,Female,5.0,4.0
ORD104248,2024-10-28,South,Store_08,Groceries,3.24,1,5.0,3.24,3.08,1.62,1.46,Mobile Wallet,New,32.0,Male,3.7,6.0
ORD105405,2023-10-11,North,Store_11,Beauty,20.35,1,0.0,20.35,20.35,15.01,5.34,Cash,Returning,60.0,Male,,4.0
ORD103889,2024-08-24,Central,Store_04,Beauty,6.94,1,0.0,6.94,6.94,4.77,2.17,Credit Card,Returning,53.0,Male,4.5,5.0
ORD105554,2024-02-09,Central,Store_15,Clothing,117.12,1,20.0,117.12,93.7,51.17,42.53,Debit Card,VIP,37.0,Male,3.9,1.0
ORD105776,2023-10-18,Central,Store_07,Groceries,39.37,1,5.0,39.37,37.4,18.53,18.87,Mobile Wallet,Returning,52.0,Female,3.2,3.0
ORD100478,2024-04-29,Central,Store_05,Sports,83.14,2,0.0,166.28,166.28,105.56,60.72,Bank Transfer,New,41.0,Female,3.1,1.0
ORD104938,2023-08-04,East,Store_02,Clothing,97.66,1,0.0,97.66,97.66,44.4,53.26,Credit Card,New,23.0,Other,3.6,0.0
ORD105497,2023-12-29,West,Store_15,Home & Living,257.34,1,0.0,411.74,411.74,268.71,143.03,Debit Card,Returning,38.0,Female,4.2,3.0
ORD103198,2024-12-15,North,Store_09,Groceries,2.55,1,0.0,4.08,4.08,2.5,1.58,Bank Transfer,New,43.0,Female,2.4,3.0
ORD100812,2024-05-14,North,Store_15,Electronics,355.4,1,0.0,355.4,355.4,261.54,93.86,Debit Card,New,23.0,Female,4.7,3.0
ORD104346,2023-02-06,North,Store_17,Clothing,98.9,1,15.0,98.9,84.06,39.69,44.37,Credit Card,VIP,39.0,Other,4.0,6.0
ORD100843,2023-01-27,South,Store_20,Home & Living,151.85,4,0.0,607.4,607.4,337.92,269.48,Bank Transfer,New,56.0,Female,,4.0
ORD103056,2024-08-08,Central,Store_20,Electronics,435.24,3,0.0,1305.72,1305.72,818.57,487.15,Mobile Wallet,Returning,44.0,Female,4.0,4.0
ORD102375,2024-12-23,East,Store_02,Home & Living,160.29,1,25.0,256.46,192.35,99.0,93.35,Bank Transfer,VIP,45.0,Female,4.8,0.0
ORD104069,2023-03-15,South,Store_11,Beauty,118.21,1,0.0,118.21,118.21,54.67,63.54,Bank Transfer,New,36.0,Male,4.1,2.0
ORD102032,2023-03-08,South,Store_02,Beauty,43.59,1,5.0,43.59,41.41,19.33,22.08,Mobile Wallet,New,16.0,Male,3.0,1.0
ORD100967,2023-08-20,Central,,Home & Living,468.56,2,0.0,937.12,937.12,680.48,256.64,Bank Transfer,New,16.0,Female,3.4,4.0
ORD105454,2023-08-13,North,Store_08,Electronics,303.57,1,5.0,303.57,288.39,163.21,125.18,Debit Card,Returning,37.0,Female,,3.0
ORD105298,2023-05-05,South,Store_03,Groceries,6.76,1,15.0,6.76,5.75,3.23,2.52,Credit Card,Returning,53.0,Female,4.2,6.0
ORD100972,2023-12-15,Central,Store_13,Clothing,156.89,1,20.0,251.02,200.82,139.65,61.17,Credit Card,New,45.0,Male,3.0,2.0
ORD101896,2024-02-24,Central,Store_06,Electronics,897.96,1,0.0,897.96,897.96,560.71,337.25,Mobile Wallet,Returning,37.0,Female,5.0,3.0
ORD104342,2023-12-08,East,Store_16,Electronics,1036.81,1,10.0,1658.9,1493.01,859.37,633.64,Cash,VIP,22.0,Male,4.5,0.0
ORD102704,2023-02-20,East,Store_19,Clothing,104.25,1,20.0,104.25,83.4,57.32,26.08,Mobile Wallet,VIP,30.0,Male,4.5,4.0
ORD105943,2024-04-20,South,Store_18,Electronics,286.5,1,0.0,286.5,286.5,178.26,108.24,Mobile Wallet,Returning,16.0,Other,5.0,1.0
ORD105856,2023-12-13,West,Store_04,Electronics,861.92,2,0.0,2758.14,2758.14,1323.99,1434.15,Credit Card,Returning,52.0,Female,4.1,0.0
ORD103374,2024-05-05,West,Store_06,Beauty,87.37,1,10.0,87.37,78.63,36.57,42.06,Cash,Returning,43.0,Male,,4.0
ORD104959,2024-11-20,North,Store_04,Electronics,580.19,2,15.0,1856.61,1578.12,1006.99,571.13,Mobile Wallet,Returning,33.0,Female,3.2,6.0
ORD105004,2024-07-18,Central,Store_15,Home & Living,287.92,1,10.0,345.5,310.95,219.22,91.73,Cash,VIP,38.0,Female,,2.0
ORD105264,2024-08-31,South,Store_07,Home & Living,470.79,1,0.0,470.79,470.79,239.11,231.68,Cash,VIP,41.0,Female,5.0,6.0
ORD102951,2024-01-06,North,Store_16,Clothing,47.79,1,0.0,47.79,47.79,34.59,13.2,Cash,New,50.0,Female,3.4,4.0
ORD101345,2024-12-29,Central,Store_12,Groceries,16.86,1,0.0,26.98,26.98,13.77,13.21,Debit Card,Returning,38.0,Female,3.4,3.0
ORD105390,2023-05-11,South,Store_03,Electronics,561.16,3,5.0,1683.48,1599.31,1159.87,439.44,Credit Card,New,41.0,Female,3.6,2.0
ORD100975,2023-06-14,South,Store_10,Groceries,55.25,1,0.0,66.3,66.3,42.21,24.09,Bank Transfer,VIP,19.0,Female,3.3,2.0
ORD105107,2024-11-24,South,Store_09,Beauty,8.98,1,0.0,14.37,14.37,6.64,7.73,Credit Card,New,40.0,Female,2.7,6.0
ORD100509,2023-06-22,South,Store_19,Electronics,314.68,1,0.0,377.62,377.62,268.02,109.6,Mobile Wallet,New,50.0,Male,2.8,5.0
ORD100122,2024-04-22,South,Store_18,Clothing,17.69,1,5.0,17.69,16.81,10.27,6.54,Mobile Wallet,Returning,61.0,Male,4.8,0.0
ORD105394,2024-02-01,Central,Store_03,Sports,49.37,2,0.0,98.74,98.74,46.26,52.48,Mobile Wallet,Returning,38.0,Female,3.8,4.0
ORD105436,2023-10-23,North,Store_08,Home & Living,422.68,2,10.0,845.36,760.82,397.06,363.76,Mobile Wallet,VIP,27.0,Male,4.2,3.0
ORD101710,2023-09-08,South,Store_16,Home & Living,224.47,1,0.0,224.47,224.47,145.52,78.95,Credit Card,Returning,30.0,Other,3.0,3.0
ORD102100,2024-10-28,East,Store_20,Electronics,747.38,2,0.0,1494.76,1494.76,852.86,641.9,Mobile Wallet,VIP,47.0,Female,4.3,4.0
ORD100869,2023-01-30,East,Store_14,Home & Living,80.04,2,0.0,160.08,160.08,111.34,48.74,Debit Card,VIP,21.0,Male,5.0,3.0
ORD105445,2023-09-17,South,Store_14,Home & Living,90.22,2,5.0,180.44,171.42,128.06,43.36,Debit Card,Returning,32.0,Female,3.9,3.0
ORD101030,2023-12-22,Central,Store_08,Groceries,56.61,2,0.0,181.15,181.15,130.78,50.37,Debit Card,New,60.0,Female,3.9,1.0
ORD103463,2023-02-07,North,Store_09,Beauty,18.12,1,0.0,18.12,18.12,11.28,6.84,Debit Card,New,41.0,Male,3.9,3.0
ORD104852,2023-03-19,South,Store_12,Home & Living,236.69,1,10.0,236.69,2798.0358960947406,117.36,1219.987342798506,Debit Card,New,32.0,Female,3.6,5.0
ORD101998,2023-07-24,West,Store_05,Home & Living,287.28,2,25.0,689.47,517.1,240.85,276.25,Credit Card,Returning,33.0,Male,3.6,4.0
ORD103590,2023-03-23,West,Store_08,Electronics,528.28,2,0.0,1056.56,1056.56,596.45,460.11,Cash,Returning,42.0,Male,,1.0
ORD101156,2023-03-29,East,Store_20,Home & Living,166.47,3,0.0,499.41,499.41,334.58,164.83,Mobile Wallet,VIP,41.0,,4.2,3.0
ORD103156,2024-07-16,North,Store_19,Groceries,19.2,1,0.0,23.04,23.04,15.29,7.75,Bank Transfer,Returning,52.0,Female,3.8,4.0
ORD104428,2024-07-16,South,Store_16,Electronics,908.51,3,0.0,3270.64,3270.64,2208.87,1061.77,Credit Card,New,40.0,Male,4.6,5.0
ORD101575,2023-08-21,East,Store_06,Home & Living,275.49,2,0.0,550.98,550.98,391.67,159.31,Bank Transfer,Returning,49.0,Female,3.8,7.0
ORD105642,2024-05-07,West,Store_02,Groceries,20.16,1,0.0,20.16,20.16,11.69,8.47,Debit Card,New,16.0,Other,2.7,3.0
ORD100061,2024-06-27,West,Store_05,Home & Living,400.96,1,0.0,481.15,481.15,243.79,237.36,Debit Card,VIP,42.0,Male,3.8,7.0
ORD100472,2023-11-12,East,Store_20,Home & Living,78.66,2,5.0,251.71,239.12,107.89,131.23,Credit Card,VIP,33.0,Female,2.9,3.0
ORD103454,2024-08-20,South,Store_17,Groceries,29.44,1,0.0,29.44,29.44,14.1,15.34,Cash,Returning,34.0,Male,4.1,4.0
ORD100865,2024-05-24,North,Store_18,Home & Living,298.14,1,0.0,298.14,298.14,178.86,119.28,Debit Card,Returning,50.0,Male,3.7,
ORD103583,2023-08-13,East,Store_06,Clothing,171.69,2,5.0,343.38,326.21,226.4,99.81,Bank Transfer,Returning,33.0,Female,4.8,4.0
ORD105717,2024-06-29,South,Store_02,Groceries,7.18,2,0.0,17.23,17.23,11.57,5.66,Mobile Wallet,New,56.0,Male,2.2,4.0
ORD103614,2024-07-02,West,Store_12,Clothing,20.68,1,0.0,24.82,24.82,13.92,10.9,Credit Card,Returning,29.0,Female,3.9,2.0
ORD104837,2023-02-19,South,Store_01,Sports,181.37,1,0.0,181.37,181.37,110.93,70.44,Debit Card,Returning,19.0,Male,4.1,6.0
ORD105815,2023-02-12,East,Store_20,Beauty,69.18,1,5.0,69.18,65.72,33.79,31.93,Mobile Wallet,VIP,34.0,Other,4.2,3.0
ORD103388,2023-07-31,Central,Store_01,Groceries,29.22,4,15.0,140.26,119.22,55.97,63.25,Cash,New,41.0,Female,4.8,4.0
ORD102180,2024-05-25,East,Store_17,Beauty,127.15,1,0.0,127.15,127.15,71.2,55.95,Bank Transfer,New,26.0,Male,2.7,1.0
ORD104743,2023-08-27,East,Store_02,Beauty,50.43,2,0.0,100.86,100.86,50.03,50.83,Cash,Returning,50.0,Other,,4.0
ORD103281,2024-07-04,Central,Store_02,Beauty,0.0,1,5.0,75.17,71.41,37.88,33.53,Debit Card,New,37.0,Male,3.2,5.0
ORD104979,2024-03-20,North,Store_05,Beauty,61.94,1,0.0,61.94,61.94,31.51,30.43,Credit Card,VIP,30.0,Male,4.2,2.0
ORD101628,2023-10-11,South,Store_06,Clothing,72.91,1,0.0,72.91,72.91,49.03,23.88,Cash,Returning,42.0,Female,3.6,6.0
ORD102438,2024-09-08,North,Store_18,Home & Living,88.13,1,0.0,88.13,88.13,43.12,45.01,Cash,Returning,40.0,Male,4.8,2.0
ORD101149,2024-09-13,South,Store_12,Electronics,403.31,1,0.0,403.31,403.31,186.11,217.2,Mobile Wallet,VIP,72.0,Male,4.1,
ORD101160,2024-03-01,East,Store_19,Groceries,5.36,1,25.0,5.36,4.02,2.56,1.46,Mobile Wallet,Returning,50.0,Female,4.3,3.0
ORD100256,2024-05-09,East,Store_08,Home & Living,47.18,1,5.0,47.18,44.82,28.33,16.49,Credit Card,Returning,47.0,Male,2.4,4.0
ORD102598,2024-12-07,East,Store_09,Electronics,861.4,2,0.0,2756.48,2756.48,1468.71,1287.77,Cash,New,49.0,Male,2.8,1.0
ORD104729,2024-04-30,South,Store_05,Groceries,11.18,5,,55.9,55.9,39.62,16.28,Mobile Wallet,Returning,39.0,Female,4.9,
ORD105658,2024-01-17,North,Store_13,Beauty,64.59,1,15.0,64.59,54.9,25.18,29.72,Mobile Wallet,Returning,41.0,Male,5.0,4.0
ORD104873,2024-03-04,Central,Store_19,Beauty,61.59,1,0.0,61.59,61.59,35.81,25.78,Debit Card,Returning,62.0,Female,4.0,1.0
ORD101105,2023-05-13,South,Store_09,Beauty,149.83,1,0.0,149.83,149.83,89.58,60.25,Mobile Wallet,New,32.0,Female,3.9,0.0
ORD105738,2023-06-13,Central,Store_18,Home & Living,50.75,1,0.0,60.9,60.9,40.17,20.73,Debit Card,New,16.0,Male,2.2,3.0
ORD103407,2024-04-10,West,Store_19,Groceries,32.74,1,0.0,32.74,32.74,15.65,17.09,Bank Transfer,VIP,39.0,Male,3.8,5.0
ORD100557,2024-09-30,West,Store_15,Clothing,14.61,1,5.0,14.61,13.88,8.99,4.89,Bank Transfer,Returning,39.0,Female,4.1,3.0
ORD101850,2023-03-01,South,Store_15,Electronics,1143.0,1,10.0,1143.0,1028.7,526.68,502.02,Bank Transfer,New,55.0,Female,3.6,7.0
ORD102088,2023-08-11,South,Store_02,Groceries,40.0,1,15.0,40.0,34.0,19.12,14.88,Mobile Wallet,Returning,,Male,3.9,1.0
ORD102899,2023-05-28,East,Store_19,Electronics,694.38,2,25.0,1388.76,1041.57,604.04,437.53,Mobile Wallet,Returning,55.0,Other,3.5,1.0
ORD103220,2024-05-25,West,Store_02,Groceries,21.3,2,0.0,42.6,42.6,22.69,19.91,Mobile Wallet,New,46.0,Male,3.5,5.0
ORD100261,2023-05-05,North,Store_07,Beauty,109.54,1,0.0,109.54,109.54,63.18,46.36,Bank Transfer,Returning,16.0,Female,4.6,5.0
ORD105068,2023-01-26,East,Store_05,Groceries,14.1,1,0.0,14.1,14.1,8.57,5.53,Bank Transfer,Returning,44.0,Female,,3.0
ORD100627,2023-09-26,North,Store_04,Clothing,99.18,1,5.0,99.18,94.22,59.61,34.61,Bank Transfer,Returning,19.0,Male,,2.0
ORD101889,2023-11-25,North,Store_12,Home & Living,67.68,1,5.0,108.29,102.88,59.13,43.75,Credit Card,Returning,24.0,Female,4.0,6.0
ORD103042,2023-08-28,West,Store_20,Electronics,206.27,1,10.0,206.27,185.64,94.66,90.98,Cash,VIP,47.0,Female,3.6,3.0
ORD104305,2024-07-16,Central,Store_17,Electronics,72.62,2,5.0,174.29,165.58,102.05,63.53,Cash,New,47.0,Other,3.5,5.0
ORD102078,2023-07-08,West,Store_14,Groceries,23.56,1,0.0,28.27,28.27,15.53,12.74,Bank Transfer,New,53.0,Male,3.5,5.0
ORD103585,2023-06-08,Central,Store_18,Electronics,133.25,1,0.0,159.9,159.9,116.61,43.29,Cash,VIP,38.0,Male,3.2,3.0
ORD104304,2024-05-03,East,Store_20,Groceries,32.89,2,0.0,65.78,65.78,38.95,26.83,Cash,VIP,68.0,Female,4.2,3.0
ORD101606,2023-04-18,West,Store_08,Clothing,86.08,2,10.0,172.16,154.94,102.09,52.85,Bank Transfer,VIP,39.0,Male,2.4,5.0
ORD101020,2023-02-10,East,Store_20,Home & Living,309.79,1,0.0,309.79,309.79,225.45,84.34,Debit Card,VIP,25.0,,3.7,2.0
ORD100608,2024-12-06,North,Store_16,Clothing,151.08,1,5.0,241.73,229.64,136.77,92.87,Mobile Wallet,New,43.0,Male,3.1,3.0
ORD101403,2023-08-24,West,Store_01,Clothing,198.64,2,20.0,397.28,317.82,149.84,167.98,Credit Card,VIP,21.0,Other,4.6,5.0
ORD104973,2024-07-17,East,Store_16,Home & Living,27.82,1,0.0,33.38,33.38,24.82,8.56,Credit Card,New,45.0,Male,2.4,0.0
ORD103254,2023-06-22,West,Store_16,Electronics,729.42,1,0.0,875.3,875.3,443.57,431.73,Debit Card,VIP,46.0,Female,4.6,7.0
ORD102096,2024-11-17,East,Store_13,Beauty,52.8,2,0.0,168.96,168.96,114.57,54.39,Debit Card,New,45.0,Female,4.5,4.0
ORD100209,2024-07-22,South,Store_09,Beauty,49.42,1,20.0,59.3,47.44,32.88,14.56,Bank Transfer,Returning,16.0,Male,5.0,3.0
ORD103798,2023-01-08,South,Store_07,Groceries,50.15,2,0.0,100.3,100.3,68.52,31.78,Cash,VIP,41.0,Male,2.6,3.0
ORD103539,2024-08-26,South,Store_02,Sports,254.86,2,0.0,509.72,509.72,344.84,164.88,Credit Card,New,36.0,Female,2.8,6.0
ORD100153,2023-08-03,East,Store_13,Home & Living,112.82,2,10.0,225.64,203.08,99.02,104.06,Credit Card,New,27.0,Female,4.8,5.0
ORD101590,2024-06-21,South,Store_02,Home & Living,126.3,2,0.0,303.12,3094.9709510795356,208.25,766.9995201361423,Debit Card,New,36.0,Male,4.5,5.0
ORD102442,2023-01-07,North,Store_10,Groceries,51.52,1,10.0,51.52,46.37,22.72,23.65,Bank Transfer,VIP,31.0,Female,5.0,4.0
ORD101147,2024-07-15,Central,Store_13,Clothing,161.11,1,0.0,193.33,193.33,131.31,62.02,Credit Card,New,33.0,Female,3.1,2.0
ORD103427,2024-10-06,Central,Store_12,Clothing,171.79,1,5.0,171.79,163.2,118.74,44.46,Bank Transfer,New,43.0,,3.9,5.0
ORD101967,2023-12-09,West,Store_09,Beauty,117.5,1,5.0,188.0,178.6,129.7,48.9,Mobile Wallet,Returning,38.0,Male,1.3,5.0
ORD103206,2024-12-30,South,Store_14,Sports,245.58,4,10.0,1571.71,1414.54,915.63,498.91,Debit Card,Returning,53.0,Male,4.9,4.0
ORD102433,2023-08-18,North,Store_07,Groceries,28.76,1,25.0,28.76,21.57,11.45,10.12,Debit Card,Returning,51.0,Female,4.8,2.0
ORD101633,2024-10-04,North,Store_08,Home & Living,68.12,2,0.0,136.24,136.24,77.42,58.82,Credit Card,New,57.0,Female,2.9,4.0
ORD103292,2023-06-23,East,Store_19,Beauty,45.95,1,10.0,55.14,49.63,30.23,19.4,Credit Card,Returning,58.0,Male,2.7,4.0
ORD100597,2024-07-23,West,Store_17,Electronics,118.36,2,10.0,284.06,255.65,170.09,85.56,Mobile Wallet,New,,Male,5.0,4.0
ORD103137,2023-12-15,East,Store_18,Beauty,15.4,1,15.0,24.64,20.94,12.25,8.69,Bank Transfer,Returning,48.0,Female,4.3,6.0
ORD101656,2024-09-10,North,Store_14,Home & Living,460.93,1,0.0,460.93,460.93,321.38,139.55,Mobile Wallet,Returning,,Male,4.5,6.0
ORD104776,2023-09-02,South,Store_07,Clothing,139.14,1,10.0,139.14,125.23,86.01,39.22,Mobile Wallet,New,36.0,Male,3.8,2.0
ORD105171,2023-11-22,West,Store_09,Clothing,25.24,1,0.0,40.38,40.38,20.15,20.23,Debit Card,Returning,34.0,Male,4.0,4.0
ORD103297,2024-10-24,West,Store_04,Groceries,49.46,1,0.0,49.46,49.46,28.22,21.24,Cash,New,16.0,Female,3.3,1.0
ORD101565,2023-11-28,East,Store_08,Clothing,13.53,1,5.0,21.65,20.57,12.06,8.51,Cash,New,39.0,Other,3.9,
ORD101518,2023-12-28,South,Store_06,Groceries,52.99,1,10.0,84.78,76.3,45.62,30.68,Credit Card,Returning,31.0,Female,,5.0
ORD105072,2023-05-08,South,Store_11,Groceries,41.95,1,0.0,41.95,41.95,20.68,21.27,Cash,Returning,38.0,Male,4.2,3.0
ORD104317,2023-10-30,South,,Sports,33.78,1,15.0,33.78,28.71,13.6,15.11,Credit Card,New,16.0,Male,2.3,3.0
ORD100225,2023-08-12,Central,Store_16,Sports,38.52,1,10.0,38.52,34.67,16.27,18.4,Mobile Wallet,New,48.0,Female,3.8,2.0
ORD105360,2024-04-22,South,Store_11,Groceries,31.44,1,20.0,31.44,25.15,12.11,13.04,Credit Card,New,23.0,Male,4.0,2.0
ORD102517,2024-01-20,North,Store_07,Groceries,34.0,1,0.0,34.0,34.0,15.79,18.21,Credit Card,New,55.0,Female,2.9,6.0
ORD105060,2024-01-28,South,Store_10,Electronics,325.05,2,0.0,650.1,650.1,428.36,221.74,Cash,Returning,54.0,Other,,5.0
ORD102393,2023-06-11,East,Store_20,Groceries,15.21,1,0.0,18.25,18.25,10.79,7.46,Mobile Wallet,Returning,41.0,Female,3.8,3.0
ORD101760,2023-10-08,South,Store_04,Groceries,25.54,1,0.0,25.54,25.54,15.75,9.79,Cash,Returning,47.0,Other,3.1,3.0
ORD101360,2023-03-02,North,Store_19,Clothing,16.96,2,10.0,33.92,30.53,19.62,10.91,Credit Card,New,16.0,Female,5.0,2.0
ORD103304,2023-03-28,East,Store_12,Clothing,197.68,2,0.0,395.36,395.36,221.09,174.27,Cash,VIP,52.0,Male,2.4,3.0
ORD102324,2024-06-29,West,Store_20,Electronics,321.71,1,15.0,386.05,328.14,237.78,90.36,Credit Card,Returning,31.0,Male,4.9,8.0
ORD103558,2023-05-03,East,Store_05,Clothing,65.19,1,25.0,65.19,48.89,34.68,14.21,Debit Card,New,31.0,Male,3.9,5.0
ORD105158,2023-04-11,Central,Store_05,Groceries,25.81,1,5.0,25.81,24.52,14.67,9.85,Credit Card,New,47.0,Male,3.3,0.0
ORD101833,2023-02-22,South,Store_09,Beauty,89.06,1,0.0,89.06,89.06,45.46,43.6,Credit Card,Returning,,Male,2.5,4.0
ORD103661,2023-12-08,South,Store_18,Home & Living,174.36,1,5.0,278.98,265.03,130.8,134.23,Credit Card,Returning,29.0,Female,3.5,2.0
ORD102009,2024-04-06,East,Store_11,Clothing,86.49,1,0.0,86.49,86.49,62.93,23.56,Credit Card,Returning,50.0,Male,4.8,3.0
ORD103657,2024-11-03,North,Store_04,Groceries,57.67,1,0.0,92.27,92.27,52.57,39.7,Bank Transfer,New,38.0,,3.8,2.0
ORD104301,2024-04-24,South,Store_20,Clothing,16.33,1,0.0,16.33,16.33,11.16,5.17,Credit Card,Returning,29.0,Other,3.7,4.0
ORD104187,2023-06-06,North,Store_17,Clothing,186.4,1,0.0,223.68,223.68,136.32,87.36,Cash,Returning,39.0,Male,4.3,5.0
ORD105017,2024-01-24,South,Store_15,Clothing,149.91,1,0.0,149.91,149.91,71.25,78.66,Credit Card,Returning,41.0,Male,4.9,
ORD103857,2023-01-14,North,Store_16,Clothing,71.26,1,5.0,71.26,67.7,38.64,29.06,Bank Transfer,VIP,26.0,Male,2.8,4.0
ORD100693,2024-11-21,South,Store_07,Groceries,36.63,1,5.0,58.61,55.68,28.27,27.41,Credit Card,Returning,43.0,Male,3.7,2.0
ORD105470,2024-03-09,East,Store_05,BEAUTY,71.26,1,15.0,71.26,60.57,28.05,32.52,Bank Transfer,Returning,17.0,Male,4.4,2.0
ORD102612,2023-05-13,South,Store_13,Electronics,840.9,4,5.0,3363.6,3195.42,1483.09,1712.33,Debit Card,Returning,40.0,Female,4.0,1.0
ORD101186,2023-04-14,North,Store_07,Groceries,33.73,2,0.0,67.46,67.46,31.56,35.9,Bank Transfer,New,38.0,Female,4.0,2.0
ORD101369,2024-04-08,East,Store_03,Electronics,871.32,2,0.0,1742.64,1742.64,872.1,870.54,Credit Card,Returning,37.0,Male,3.1,3.0
ORD101907,2023-04-28,West,Store_20,Groceries,3.26,1,0.0,3.26,3.26,1.79,1.47,Bank Transfer,Returning,46.0,Female,3.6,4.0
ORD104088,2024-12-18,West,Store_14,Clothing,115.02,1,5.0,184.03,174.83,111.49,63.34,Cash,VIP,48.0,Female,4.3,2.0
ORD102477,2023-05-09,West,Store_03,Clothing,118.55,2,25.0,237.1,177.83,121.59,56.24,Mobile Wallet,Returning,53.0,Female,5.0,2.0
ORD100016,2024-01-10,West,Store_11,Groceries,34.19,1,0.0,34.19,34.19,24.94,9.25,Bank Transfer,Returning,37.0,Male,4.4,2.0
ORD102514,2023-03-17,North,Store_01,Clothing,191.73,5,20.0,958.65,766.92,469.66,297.26,Credit Card,New,32.0,Male,4.2,2.0
ORD105567,2023-09-14,North,Store_07,Home & Living,260.41,1,0.0,260.41,260.41,143.0,117.41,Credit Card,Returning,45.0,Male,5.0,6.0
ORD102205,2024-08-05,South,Store_14,Electronics,579.54,2,0.0,1159.08,1159.08,653.61,505.47,Cash,Returning,48.0,Male,4.8,6.0
ORD103595,2023-07-31,West,Store_14,Groceries,57.71,1,0.0,69.25,69.25,40.1,29.15,Bank Transfer,New,39.0,Male,5.0,2.0
ORD101486,2023-04-29,North,Store_02,Beauty,17.97,1,0.0,17.97,17.97,12.83,5.14,Mobile Wallet,Returning,41.0,Female,3.6,5.0
ORD101676,2023-04-20,Central,Store_10,Beauty,50.67,4,0.0,202.68,202.68,128.86,73.82,Bank Transfer,Returning,27.0,Female,5.0,1.0
ORD102353,2023-12-06,Central,Store_11,Electronics,683.46,1,25.0,1093.54,820.16,471.5,348.66,Mobile Wallet,Returning,37.0,Female,3.4,4.0
ORD100656,2024-07-13,West,Store_06,Groceries,47.75,2,0.0,114.6,114.6,64.94,49.66,Bank Transfer,Returning,63.0,Male,4.0,5.0
ORD101571,2023-09-21,East,Store_02,Clothing,85.98,4,10.0,343.92,309.53,146.55,162.98,Credit Card,New,46.0,Male,3.7,3.0
ORD101737,2023-03-14,West,Store_11,Groceries,37.7,2,5.0,75.4,71.63,46.34,25.29,Debit Card,Returning,18.0,Female,3.9,7.0
ORD103855,2024-06-03,East,Store_01,Clothing,98.48,1,5.0,118.18,112.27,51.6,60.67,Bank Transfer,Returning,68.0,Male,2.3,2.0
ORD104495,2024-04-02,North,Store_19,Electronics,236.23,2,10.0,472.46,425.21,201.86,223.35,Cash,New,33.0,Female,4.3,6.0
ORD102846,2024-09-21,West,Store_19,Groceries,36.59,1,0.0,36.59,36.59,17.59,19.0,Mobile Wallet,Returning,40.0,Male,1.7,1.0
ORD102980,2024-06-07,North,Store_07,Groceries,43.83,2,0.0,105.19,105.19,58.78,46.41,Cash,VIP,44.0,Male,4.6,5.0
ORD100618,2023-02-14,West,Store_17,Groceries,5.87,1,0.0,5.87,5.87,2.99,2.88,Mobile Wallet,New,40.0,Female,5.0,5.0
ORD104604,2023-06-03,South,Store_08,Groceries,18.55,1,5.0,22.26,21.15,13.91,7.24,Bank Transfer,VIP,37.0,Female,4.0,3.0
ORD102847,2023-10-10,Central,Store_02,Clothing,121.3,1,0.0,121.3,121.3,63.46,57.84,Credit Card,Returning,26.0,Female,5.0,1.0
ORD105399,2024-09-27,West,Store_15,Electronics,795.18,1,5.0,795.18,755.42,483.31,272.11,Mobile Wallet,Returning,39.0,Male,3.9,5.0
ORD100867,2024-09-03,Central,Store_19,Electronics,353.7,1,0.0,353.7,353.7,251.75,101.95,Credit Card,Returning,34.0,Female,4.1,3.0
ORD102507,2024-03-28,West,Store_06,Sports,229.23,1,0.0,229.23,229.23,139.41,89.82,Cash,New,47.0,Male,5.0,2.0
ORD104982,2023-05-17,Central,Store_12,Electronics,935.27,1,0.0,935.27,935.27,460.89,474.38,Mobile Wallet,VIP,41.0,Other,3.3,6.0
ORD102110,2023-07-25,South,Store_04,Electronics,962.9,2,0.0,2310.96,2310.96,1576.37,734.59,Debit Card,Returning,49.0,Female,3.4,4.0
ORD104695,2024-09-01,Central,Store_09,Beauty,119.14,2,0.0,238.28,238.28,127.45,110.83,Mobile Wallet,Returning,34.0,Female,,3.0
ORD105077,2023-01-10,West,Store_02,Home & Living,306.68,2,0.0,613.36,613.36,331.63,281.73,Mobile Wallet,New,17.0,Male,3.5,5.0
ORD100457,2024-04-07,North,Store_05,Home & Living,143.39,1,0.0,143.39,143.39,73.0,70.39,Bank Transfer,New,49.0,Male,2.9,8.0
ORD105042,2023-10-18,West,Store_09,Clothing,108.41,2,15.0,216.82,184.3,107.15,77.15,Bank Transfer,New,38.0,Female,4.6,5.0
ORD104966,2023-06-14,Central,Store_05,Electronics,549.27,2,10.0,1318.25,1186.42,600.33,586.09,Credit Card,Returning,32.0,Male,4.0,2.0
ORD100790,2023-03-11,North,Store_07,Electronics,499.14,1,0.0,499.14,499.14,318.74,180.4,Debit Card,Returning,35.0,Male,,4.0
ORD105135,2023-03-14,Central,Store_02,Sports,102.85,2,10.0,205.7,185.13,106.21,78.92,Mobile Wallet,Returning,25.0,Female,4.1,3.0
ORD103607,2024-05-21,North,Store_19,Groceries,46.76,1,5.0,46.76,44.42,30.28,14.14,Cash,Returning,,Male,4.1,2.0
ORD103822,2024-02-05,South,Store_09,Beauty,39.69,1,5.0,39.69,37.71,20.41,17.3,Mobile Wallet,Returning,39.0,Female,3.6,2.0
ORD102260,2023-01-18,South,Store_11,Electronics,375.02,1,5.0,375.02,356.27,207.18,149.09,Bank Transfer,New,49.0,Other,2.7,4.0
ORD105526,2024-03-04,South,Store_15,Beauty,108.6,2,0.0,217.2,217.2,158.93,58.27,Credit Card,VIP,18.0,Female,4.3,5.0
ORD102808,2024-07-31,West,Store_08,Beauty,138.53,2,0.0,332.47,332.47,238.27,94.2,Credit Card,New,150.0,Male,4.5,2.0
ORD103518,2024-05-09,Central,Store_04,Electronics,494.26,2,10.0,988.52,889.67,496.57,393.1,Cash,New,55.0,Female,4.0,6.0
ORD104746,2024-07-13,North,Store_18,Beauty,86.54,1,5.0,103.85,98.66,48.23,50.43,Mobile Wallet,VIP,22.0,Male,5.0,3.0
ORD100733,2024-07-19,West,Store_17,Clothing,190.85,5,10.0,1145.1,1030.59,712.74,317.85,Credit Card,New,53.0,Male,4.9,5.0
ORD105851,2024-03-06,West,Store_14,Sports,64.36,1,15.0,64.36,54.71,30.47,24.24,Cash,Returning,58.0,Female,2.8,5.0
ORD104475,2023-08-22,Central,Store_17,Groceries,37.43,1,15.0,37.43,31.82,16.33,15.49,Mobile Wallet,New,40.0,Other,2.9,4.0
ORD103958,2023-03-13,East,Store_13,Beauty,43.1,2,5.0,86.2,81.89,50.82,31.07,Mobile Wallet,Returning,63.0,Male,4.8,5.0
ORD102133,2023-10-19,West,Store_03,Beauty,99.41,2,0.0,198.82,198.82,125.74,73.08,Bank Transfer,New,54.0,Male,2.5,1.0
ORD104267,2024-11-08,Central,Store_15,Sports,131.01,3,20.0,628.85,503.08,355.6,147.48,Debit Card,VIP,45.0,Female,5.0,0.0
ORD101944,2023-10-05,South,Store_06,Groceries,32.98,2,0.0,65.96,65.96,34.55,31.41,Credit Card,New,36.0,Female,5.0,5.0
ORD102279,2024-05-05,Central,Store_04,Clothing,38.86,2,5.0,77.72,73.83,54.91,18.92,Bank Transfer,New,38.0,Other,3.9,9.0
ORD100659,2023-07-30,South,Store_19,Clothing,86.88,1,,104.26,88.62,64.15,24.47,Debit Card,Returning,43.0,Female,3.2,4.0
ORD102430,2023-04-07,Central,Store_16,Groceries,10.95,1,10.0,10.95,9.86,5.59,4.27,Credit Card,VIP,48.0,Male,3.2,2.0
ORD103751,2024-08-05,South,Store_06,Clothing,94.91,1,0.0,94.91,94.91,70.6,24.31,Cash,VIP,27.0,Female,4.1,1.0
ORD102528,2023-03-05,North,Store_11,Groceries,47.21,1,0.0,47.21,47.21,25.21,22.0,Cash,New,22.0,Female,4.3,4.0
ORD105262,2024-03-05,North,Store_04,Home & Living,343.12,2,10.0,686.24,617.62,374.78,242.84,Bank Transfer,Returning,41.0,Female,3.4,7.0
ORD100642,2024-09-15,North,Store_09,Groceries,49.75,1,0.0,49.75,49.75,26.11,23.64,Debit Card,Returning,51.0,Female,4.1,6.0
ORD100168,2023-09-02,Central,Store_20,Electronics,1029.39,1,0.0,1029.39,1029.39,653.14,376.25,Mobile Wallet,New,53.0,Male,4.1,0.0
ORD101517,2023-02-05,East,Store_12,Groceries,45.07,1,25.0,45.07,33.8,24.83,8.97,Bank Transfer,New,38.0,Female,4.0,3.0
ORD101800,2023-02-11,North,Store_12,Home & Living,33.32,1,0.0,33.32,33.32,15.39,17.93,Credit Card,VIP,16.0,Male,3.0,1.0
ORD103394,2023-09-03,North,Store_05,Clothing,166.29,2,0.0,332.58,332.58,164.61,167.97,Cash,New,16.0,Female,4.1,5.0
ORD101917,2023-12-25,West,Store_19,Clothing,188.1,1,0.0,300.96,300.96,169.93,131.03,Bank Transfer,VIP,19.0,Female,4.4,4.0
ORD100272,2023-04-21,Central,Store_19,Beauty,86.31,1,20.0,86.31,69.05,38.0,31.05,Bank Transfer,New,36.0,Female,5.0,7.0
ORD102468,2023-01-20,West,Store_09,Groceries,22.06,1,0.0,22.06,22.06,11.94,10.12,Debit Card,Returning,32.0,Male,2.4,5.0
ORD105806,2023-11-09,South,Store_04,Electronics,506.28,1,5.0,810.05,769.55,368.11,401.44,Mobile Wallet,New,26.0,Male,5.0,0.0
ORD105706,2023-10-28,Central,Store_16,Home & Living,426.59,1,0.0,426.59,426.59,239.23,187.36,Cash,New,46.0,Female,3.4,0.0
ORD101066,2024-11-06,West,Store_07,Beauty,148.7,1,10.0,237.92,214.13,98.41,115.72,Mobile Wallet,VIP,42.0,Male,3.7,5.0
ORD100494,2023-07-31,East,Store_20,Electronics,1106.69,2,5.0,2656.06,2523.26,1538.55,984.71,Mobile Wallet,New,50.0,Other,3.8,1.0
ORD104911,2024-01-28,Central,Store_11,Clothing,143.03,1,0.0,143.03,143.03,103.9,39.13,Bank Transfer,New,,Other,3.4,
ORD101912,2023-01-03,South,Store_13,Home & Living,305.85,2,0.0,611.7,611.7,387.25,224.45,Debit Card,VIP,25.0,Male,3.9,8.0
ORD103646,2024-04-13,South,Store_08,Clothing,128.11,1,0.0,128.11,128.11,85.3,42.81,Bank Transfer,Returning,27.0,Female,4.4,6.0
ORD100038,2023-07-22,South,,Home & Living,233.81,2,0.0,561.14,561.14,301.03,260.11,Debit Card,VIP,37.0,Male,3.5,0.0
ORD100306,2023-08-09,Central,Store_18,Electronics,577.26,1,0.0,577.26,577.26,351.82,225.44,Debit Card,Returning,17.0,Female,4.6,5.0
ORD103740,2023-06-14,North,Store_12,Groceries,44.88,1,0.0,53.86,53.86,35.03,18.83,Debit Card,New,31.0,Male,5.0,2.0
ORD104102,2023-05-19,West,Store_10,Home & Living,290.31,1,0.0,290.31,290.31,212.0,78.31,Debit Card,Returning,24.0,Female,4.7,2.0
ORD103152,2023-05-24,Central,Store_02,Electronics,140.75,1,5.0,140.75,133.71,83.99,49.72,Cash,New,59.0,Male,4.1,4.0
ORD102829,2023-04-03,North,Store_16,Sports,153.59,2,0.0,307.18,307.18,199.16,108.02,Bank Transfer,Returning,52.0,Male,2.5,4.0
ORD100781,2024-04-10,East,Store_11,Groceries,50.87,1,0.0,50.87,50.87,26.34,24.53,Bank Transfer,Returning,54.0,Male,3.8,
ORD100534,2024-02-26,North,Store_17,Clothing,194.94,2,0.0,389.88,389.88,207.46,182.42,Mobile Wallet,Returning,35.0,Male,,10.0
ORD100583,2023-02-07,South,Store_16,Home & Living,15.62,1,5.0,15.62,14.84,8.52,6.32,Mobile Wallet,VIP,20.0,Female,,4.0
ORD105386,2023-06-21,West,Store_09,Home & Living,451.21,1,0.0,541.45,541.45,365.63,175.82,Credit Card,Returning,46.0,Male,4.4,6.0
ORD104143,2023-11-24,South,Store_01,Home & Living,104.33,1,15.0,166.93,141.89,87.51,54.38,Credit Card,Returning,47.0,Male,4.2,6.0
ORD104418,2024-06-04,North,Store_15,Electronics,180.11,1,10.0,216.13,194.52,111.4,83.12,Debit Card,Returning,26.0,Female,2.1,4.0
ORD103796,2024-05-16,Central,Store_14,Home & Living,309.74,2,0.0,619.48,619.48,461.16,158.32,Credit Card,New,38.0,Male,3.9,0.0
ORD105782,2024-10-07,South,Store_13,Groceries,15.9,1,0.0,15.9,15.9,8.2,7.7,Mobile Wallet,New,37.0,,5.0,1.0
ORD105910,2023-05-24,North,Store_09,Groceries,9.23,2,0.0,18.46,18.46,11.74,6.72,Bank Transfer,New,59.0,Female,4.1,2.0
ORD102861,2024-11-10,Central,Store_14,Groceries,31.71,3,0.0,152.21,152.21,104.17,48.04,Cash,New,17.0,Male,2.4,7.0
ORD100316,2024-06-17,East,Store_03,Electronics,710.53,1,0.0,852.64,852.64,603.99,248.65,Debit Card,VIP,16.0,Male,5.0,8.0
ORD102197,2024-09-20,South,Store_04,Electronics,582.84,1,15.0,582.84,495.41,257.86,237.55,Mobile Wallet,New,23.0,Female,2.9,6.0
ORD102564,2023-11-17,Central,Store_03,Beauty,88.06,1,0.0,140.9,140.9,73.96,66.94,Credit Card,New,41.0,Female,5.0,4.0
ORD105449,2023-05-03,South,Store_20,Sports,62.95,2,10.0,125.9,113.31,71.13,42.18,Credit Card,VIP,40.0,Female,4.2,3.0
ORD105779,2023-04-03,East,Store_08,Groceries,29.32,3,0.0,87.96,87.96,43.19,44.77,Debit Card,VIP,26.0,Female,4.2,2.0
ORD101794,2023-12-15,West,Store_14,Sports,84.68,1,0.0,135.49,135.49,90.3,45.19,Cash,Returning,33.0,Male,3.1,7.0
ORD105622,2023-05-27,South,Store_13,Beauty,138.45,1,0.0,138.45,138.45,84.41,54.04,Mobile Wallet,New,77.0,Male,3.7,4.0
ORD105123,2024-05-10,Central,Store_08,Sports,246.13,1,0.0,246.13,246.13,174.83,71.3,Cash,New,53.0,Female,3.7,3.0
ORD100271,2023-01-17,West,Store_14,Groceries,36.44,1,0.0,36.44,36.44,24.35,12.09,Debit Card,Returning,48.0,Male,4.4,6.0
ORD100548,2024-01-12,North,Store_20,Groceries,57.06,2,10.0,114.12,102.71,76.07,26.64,Cash,VIP,64.0,Female,3.1,3.0
ORD101692,2024-04-24,East,Store_20,Groceries,58.92,1,0.0,58.92,58.92,32.87,26.05,Mobile Wallet,New,43.0,Male,4.5,8.0
ORD103525,2023-06-04,West,Store_11,Electronics,1029.13,2,15.0,2469.91,2099.42,1059.76,1039.66,Mobile Wallet,Returning,30.0,Female,4.4,1.0
ORD103012,2023-02-03,West,Store_01,Sports,63.36,5,0.0,316.8,316.8,158.55,158.25,Credit Card,New,53.0,Male,2.5,3.0
ORD105791,2023-03-06,North,Store_18,Clothing,48.58,2,0.0,97.16,97.16,46.27,50.89,Mobile Wallet,Returning,27.0,Male,3.0,4.0
ORD105804,2023-08-13,East,Store_10,Clothing,137.88,1,0.0,137.88,137.88,88.31,49.57,Cash,New,43.0,Female,3.7,5.0
ORD102390,2023-11-28,South,Store_15,Groceries,41.49,4,0.0,265.54,265.54,159.81,105.73,Debit Card,Returning,17.0,Female,3.7,6.0
ORD103876,2024-05-22,North,Store_20,Electronics,770.94,1,0.0,770.94,770.94,429.85,341.09,Bank Transfer,New,49.0,Male,5.0,2.0
ORD104694,2024-05-31,West,Store_14,Electronics,867.62,1,0.0,867.62,867.62,642.37,225.25,Mobile Wallet,New,44.0,Female,4.3,3.0
ORD100894,2024-07-01,West,Store_16,Electronics,91.38,1,5.0,109.66,104.18,76.97,27.21,Cash,VIP,50.0,Female,3.2,6.0
ORD104666,2023-08-13,North,Store_15,Home & Living,411.07,2,5.0,822.14,781.03,581.93,199.1,Debit Card,New,43.0,Female,4.3,1.0
ORD101999,2023-07-25,East,Store_14,Sports,120.98,5,0.0,725.88,725.88,542.23,183.65,Debit Card,Returning,37.0,Female,2.5,2.0
ORD102122,2024-03-01,East,Store_18,Groceries,25.88,1,0.0,25.88,25.88,13.11,12.77,Debit Card,Returning,30.0,Male,3.3,3.0
ORD104157,2023-08-09,East,Store_10,Home & Living,287.0,1,10.0,287.0,258.3,136.77,121.53,Mobile Wallet,VIP,58.0,Female,1.7,3.0
ORD101247,2023-12-06,East,Store_18,Groceries,43.47,4,0.0,278.21,278.21,157.55,120.66,Debit Card,VIP,16.0,Female,4.7,2.0
ORD104487,2023-07-05,South,Store_10,Beauty,142.52,1,0.0,171.02,171.02,96.0,75.02,Debit Card,VIP,59.0,Other,3.2,5.0
ORD101259,2024-08-08,West,Store_15,Groceries,53.56,2,5.0,107.12,101.76,50.8,50.96,Credit Card,VIP,38.0,Male,5.0,1.0
ORD100809,2024-12-28,East,Store_12,Groceries,2.9,1,10.0,4.64,4.18,2.01,2.17,Debit Card,Returning,21.0,Female,3.0,3.0
ORD101049,2023-03-29,West,Store_17,Beauty,14.12,1,0.0,14.12,14.12,7.07,7.05,Mobile Wallet,Returning,,Male,3.1,3.0
ORD101878,2024-06-14,South,Store_10,Groceries,15.01,1,20.0,18.01,14.41,10.15,4.26,Debit Card,VIP,32.0,Male,2.8,1.0
ORD102879,2024-12-14,Central,Store_13,Home & Living,68.83,1,0.0,110.13,110.13,72.83,37.3,Debit Card,Returning,20.0,Female,4.1,0.0
ORD100107,2024-04-30,East,Store_06,Electronics,728.38,2,0.0,1456.76,1456.76,849.95,606.81,Mobile Wallet,VIP,16.0,Male,4.3,2.0
ORD100673,2023-03-11,West,Store_11,Beauty,74.46,1,0.0,74.46,74.46,40.04,34.42,Credit Card,New,26.0,Male,3.8,3.0
ORD105400,2024-09-13,North,Store_12,Electronics,691.44,3,10.0,2074.32,1866.89,883.39,983.5,Mobile Wallet,Returning,34.0,Female,5.0,9.0
ORD104761,2024-09-10,South,Store_20,Groceries,47.94,1,0.0,47.94,47.94,22.6,25.34,Cash,Returning,56.0,Female,3.6,4.0
ORD104605,2023-12-11,Central,Store_01,Groceries,40.26,1,0.0,64.42,64.42,37.43,26.99,Mobile Wallet,VIP,,Male,3.7,2.0
ORD105185,2024-04-21,South,Store_03,Clothing,58.77,-1,10.0,176.31,158.68,98.04,60.64,Credit Card,Returning,45.0,Female,3.9,2.0
ORD101532,2024-11-12,South,Store_03,Sports,163.52,3,,784.9,784.9,484.99,299.91,Bank Transfer,VIP,44.0,Other,4.2,4.0
ORD104962,2024-12-20,West,Store_01,Beauty,63.68,1,0.0,101.89,101.89,64.28,37.61,Debit Card,New,40.0,Female,3.8,3.0
ORD101855,2024-09-13,West,Store_17,Beauty,139.5,2,,279.0,223.2,129.66,93.54,Mobile Wallet,Returning,46.0,Female,4.0,4.0
ORD100211,2024-06-07,South,Store_07,Groceries,18.7,1,0.0,22.44,22.44,11.28,11.16,Mobile Wallet,New,35.0,Female,4.0,5.0
ORD103147,2024-09-02,West,Store_11,Electronics,1050.85,2,10.0,2101.7,1891.53,1084.89,806.64,Debit Card,New,39.0,Female,4.5,4.0
ORD102256,2024-08-04,East,Store_14,Electronics,496.31,2,,992.62,794.1,394.22,399.88,Bank Transfer,Returning,55.0,Male,4.0,3.0
ORD102105,2023-07-20,North,Store_09,Electronics,736.1,1,15.0,883.32,750.82,390.18,360.64,Mobile Wallet,VIP,,Female,4.2,5.0
ORD103268,2023-04-09,North,Store_12,Electronics,863.48,4,20.0,3453.92,2763.14,2068.75,694.39,Mobile Wallet,New,37.0,Male,3.2,2.0
ORD105762,2023-05-23,East,Store_18,Groceries,46.44,2,0.0,92.88,92.88,64.82,28.06,Mobile Wallet,Returning,35.0,Female,4.8,2.0
ORD101973,2023-09-07,Central,Store_07,Home & Living,320.94,2,0.0,641.88,641.88,294.26,347.62,Debit Card,Returning,27.0,,4.3,6.0
ORD104685,2024-06-15,North,Store_18,Sports,33.31,1,5.0,39.97,37.97,24.79,13.18,Credit Card,VIP,20.0,Male,4.7,4.0
ORD101501,2023-07-10,West,Store_06,Electronics,1109.89,1,20.0,1331.87,1065.5,620.91,444.59,Credit Card,New,29.0,Male,3.6,5.0
ORD104182,2023-03-15,West,Store_01,Electronics,839.5,1,0.0,839.5,839.5,405.59,433.91,Credit Card,Returning,48.0,Other,5.0,4.0
ORD100646,2023-12-03,South,Store_15,Groceries,35.95,1,5.0,57.52,54.64,26.25,28.39,Debit Card,VIP,48.0,Male,1.9,2.0
ORD103633,2024-07-09,North,Store_18,Electronics,1074.27,2,0.0,2578.25,2578.25,1543.89,1034.36,Credit Card,Returning,16.0,Female,4.2,6.0
ORD100771,2024-12-21,East,Store_17,Groceries,51.81,1,0.0,82.9,82.9,39.88,43.02,Credit Card,New,16.0,Female,4.2,2.0
ORD100703,2023-05-06,East,Store_10,Clothing,84.84,1,0.0,84.84,84.84,50.15,34.69,Credit Card,VIP,16.0,Male,4.1,3.0
ORD103587,2024-05-17,North,Store_15,Sports,44.3,1,0.0,44.3,44.3,29.04,15.26,Debit Card,New,47.0,Female,4.9,3.0
ORD101249,2024-12-14,West,Store_11,Groceries,25.69,1,0.0,41.1,41.1,25.12,15.98,Credit Card,Returning,31.0,Male,4.2,4.0
ORD104804,2024-05-19,North,Store_13,Electronics,1085.92,1,20.0,1085.92,868.74,442.48,426.26,Credit Card,New,43.0,Female,3.8,3.0
ORD102472,2023-10-30,North,Store_15,Groceries,40.48,1,0.0,40.48,40.48,21.82,18.66,Bank Transfer,VIP,40.0,Male,4.2,6.0
ORD101860,2024-06-24,Central,Store_13,Sports,204.5,1,10.0,245.4,220.86,158.89,61.97,Credit Card,New,16.0,Male,4.2,3.0
ORD100709,2023-12-07,West,Store_12,Beauty,149.03,1,15.0,238.45,202.68,140.22,62.46,Cash,Returning,30.0,Female,3.0,5.0
ORD102672,2024-09-13,North,Store_12,Groceries,4.65,1,15.0,4.65,3.95,1.98,1.97,Cash,Returning,46.0,Male,3.8,5.0
ORD104514,2024-10-27,East,Store_16,Home & Living,386.07,1,0.0,386.07,386.07,184.67,201.4,Bank Transfer,Returning,18.0,Male,1.7,6.0
ORD101461,2023-08-17,North,Store_19,Groceries,23.44,4,5.0,93.76,89.07,53.71,35.36,Mobile Wallet,New,70.0,Male,3.7,5.0
ORD101484,2023-10-30,South,Store_13,Beauty,122.66,4,0.0,490.64,490.64,316.8,173.84,Bank Transfer,Returning,31.0,Other,5.0,6.0
ORD102545,2023-10-18,West,Store_07,Sports,59.87,2,0.0,119.74,119.74,68.37,51.37,Mobile Wallet,Returning,41.0,Male,2.5,1.0
ORD100230,2023-12-05,West,Store_17,Clothing,147.55,1,25.0,236.08,177.06,132.49,44.57,Bank Transfer,VIP,16.0,Female,2.6,2.0
ORD101356,2023-09-09,South,Store_10,Groceries,44.76,1,15.0,44.76,38.05,24.65,13.4,Credit Card,Returning,44.0,Male,4.6,5.0
ORD103011,2024-01-05,East,Store_18,Electronics,788.17,1,10.0,788.17,709.35,425.88,283.47,Bank Transfer,Returning,,Male,3.8,5.0
ORD100851,2024-08-08,South,Store_16,Sports,174.67,5,10.0,873.35,786.01,477.22,308.79,Cash,New,33.0,Female,5.0,3.0
ORD101004,2023-04-04,North,Store_14,Electronics,533.92,2,0.0,1067.84,1067.84,735.26,332.58,Debit Card,Returning,38.0,Male,,2.0
ORD101996,2024-02-08,South,Store_04,Beauty,65.74,2,10.0,131.48,118.33,63.72,54.61,Bank Transfer,Returning,45.0,Female,5.0,6.0
ORD101834,2023-10-27,Central,Store_13,Home & Living,80.54,1,0.0,80.54,80.54,37.25,43.29,Credit Card,VIP,55.0,Male,4.5,4.0
ORD103973,2023-07-08,West,Store_11,Electronics,328.49,1,0.0,394.19,394.19,199.52,194.67,Debit Card,Returning,36.0,Other,4.1,4.0
ORD104532,2024-05-29,West,Store_01,Groceries,18.99,1,15.0,18.99,16.14,8.63,7.51,Mobile Wallet,Returning,21.0,Other,4.0,3.0
ORD101316,2024-06-02,North,Store_08,Clothing,143.81,1,0.0,172.57,172.57,121.7,50.87,Credit Card,Returning,36.0,Male,2.9,2.0
ORD103327,2023-06-03,West,Store_05,Home & Living,398.3,1,0.0,477.96,477.96,308.19,169.77,Debit Card,Returning,28.0,Female,2.4,1.0
ORD101623,2023-01-13,South,Store_12,Groceries,39.1,1,0.0,39.1,39.1,27.75,11.35,Credit Card,Returning,41.0,Female,5.0,5.0
ORD101480,2023-04-21,South,Store_16,Electronics,811.87,1,0.0,811.87,811.87,444.01,367.86,Credit Card,VIP,16.0,Female,4.5,6.0
ORD103833,2024-04-26,East,Store_02,Home & Living,485.38,1,0.0,485.38,485.38,315.61,169.77,Credit Card,New,28.0,Female,2.8,5.0
ORD105099,2023-08-03,Central,Store_03,Home & Living,415.23,2,0.0,830.46,830.46,423.55,406.91,Credit Card,Returning,50.0,Male,5.0,6.0
ORD101278,2023-01-06,Central,Store_09,Clothing,167.17,1,0.0,167.17,167.17,78.66,88.51,Mobile Wallet,VIP,46.0,Female,2.9,3.0
ORD103080,2023-11-17,North,Store_14,Beauty,36.02,2,10.0,115.26,103.73,64.76,38.97,Credit Card,VIP,46.0,,3.7,0.0
ORD101823,2024-10-01,West,Store_20,Home & Living,169.91,2,0.0,339.82,339.82,238.88,100.94,Credit Card,Returning,45.0,Female,3.5,4.0
ORD101053,2024-11-30,South,Store_11,Clothing,137.77,2,0.0,440.86,440.86,312.05,128.81,Mobile Wallet,VIP,38.0,Other,3.2,5.0
ORD104145,2023-07-24,West,Store_10,Electronics,375.75,1,0.0,450.9,450.9,272.78,178.12,Debit Card,Returning,30.0,Female,4.4,0.0
ORD100475,2024-07-26,North,Store_18,Home & Living,430.45,2,0.0,1033.08,1033.08,688.87,344.21,Debit Card,New,27.0,Male,3.6,8.0
ORD102282,2023-08-25,East,Store_17,Clothing,12.36,1,0.0,12.36,12.36,6.12,6.24,Cash,Returning,16.0,Female,3.6,3.0
ORD103711,2024-12-30,South,Store_02,Home & Living,306.71,1,0.0,490.74,490.74,359.65,131.09,Credit Card,VIP,45.0,Female,3.7,
ORD103146,2024-04-14,North,Store_04,Groceries,41.77,2,10.0,83.54,75.19,35.45,39.74,Cash,VIP,16.0,Female,5.0,5.0
ORD100335,2024-08-13,North,Store_08,Groceries,51.69,1,0.0,51.69,51.69,29.57,22.12,Debit Card,VIP,35.0,Female,4.1,3.0
ORD102617,2023-02-08,North,Store_15,Groceries,44.97,1,0.0,44.97,44.97,23.26,21.71,Credit Card,New,48.0,Male,2.5,4.0
ORD103662,2024-12-07,South,Store_20,Clothing,157.97,2,0.0,505.5,505.5,227.76,277.74,Debit Card,Returning,27.0,Female,5.0,2.0
ORD100088,2024-07-14,North,Store_16,Home & Living,93.35,1,0.0,112.02,112.02,76.93,35.09,Debit Card,Returning,41.0,Male,5.0,2.0
ORD100874,2024-05-24,West,Store_08,Home & Living,219.76,1,0.0,219.76,219.76,156.32,63.44,Cash,VIP,49.0,Male,3.0,2.0
ORD100543,2023-05-08,North,Store_02,Groceries,49.02,1,5.0,49.02,46.57,22.64,23.93,Cash,New,32.0,Female,3.7,1.0
ORD103000,2024-07-21,Central,Store_09,Sports,256.48,1,15.0,307.78,261.61,173.18,88.43,Cash,Returning,59.0,Male,,5.0
ORD102760,2023-04-08,West,Store_08,Groceries,52.45,1,10.0,52.45,47.2,22.62,24.58,Debit Card,Returning,41.0,Other,5.0,3.0
ORD104215,2024-12-25,South,Store_04,Electronics,812.25,2,0.0,2599.2,2599.2,1471.43,1127.77,Cash,VIP,17.0,Female,3.5,6.0
ORD101880,2023-10-08,South,Store_06,Electronics,406.4,2,25.0,812.8,609.6,296.0,313.6,Debit Card,Returning,32.0,Male,2.9,4.0
ORD105915,2023-01-09,West,Store_11,Beauty,86.69,2,15.0,173.38,147.37,68.43,78.94,Debit Card,New,24.0,Male,3.7,1.0
ORD100926,2024-01-31,South,Store_04,Beauty,13.49,2,5.0,26.98,25.63,18.41,7.22,Bank Transfer,Returning,43.0,Female,4.1,4.0
ORD100319,2024-07-15,North,Store_10,Electronics,300.04,3,0.0,1080.14,1080.14,591.3,488.84,Mobile Wallet,Returning,31.0,Female,3.0,3.0
ORD104615,2023-11-11,South,Store_12,Groceries,16.43,2,10.0,52.58,47.32,33.98,13.34,Bank Transfer,VIP,47.0,Female,2.1,7.0
ORD100878,2024-02-05,East,Store_20,Home & Living,437.63,1,0.0,437.63,437.63,327.4,110.23,Mobile Wallet,VIP,35.0,Male,3.4,
ORD103994,2024-01-09,South,Store_17,Home & Living,454.93,1,0.0,454.93,454.93,219.58,235.35,Cash,New,43.0,Female,3.9,3.0
ORD104921,2024-09-29,South,Store_03,Clothing,139.45,3,0.0,418.35,418.35,244.36,173.99,Credit Card,Returning,41.0,Female,4.0,7.0
ORD103246,2024-07-14,South,Store_03,Groceries,57.69,1,0.0,69.23,69.23,35.15,34.08,Debit Card,Returning,47.0,Female,4.3,1.0
ORD103078,2023-05-31,Central,Store_04,Groceries,39.53,1,10.0,39.53,35.58,19.69,15.89,Bank Transfer,Returning,,Female,4.0,0.0
ORD103761,2024-01-05,South,Store_04,Groceries,58.03,1,0.0,58.03,58.03,26.69,31.34,Debit Card,Returning,34.0,Other,2.8,6.0
ORD104730,2024-11-01,North,Store_15,Clothing,71.91,2,15.0,230.11,195.59,137.95,57.64,Bank Transfer,Returning,16.0,Female,4.3,4.0
ORD105761,2023-04-29,South,Store_07,Beauty,70.23,1,0.0,70.23,70.23,49.94,20.29,Mobile Wallet,Returning,16.0,Female,4.0,2.0
ORD104234,2023-07-08,South,Store_07,Groceries,33.81,1,0.0,40.57,40.57,29.31,11.26,Bank Transfer,VIP,28.0,Male,3.2,4.0
ORD104259,2023-01-19,South,Store_10,Electronics,1106.48,2,20.0,2212.96,1770.37,929.16,841.21,Credit Card,New,38.0,Female,4.1,0.0
ORD101618,2023-03-30,East,,Beauty,90.4,2,5.0,180.8,171.76,103.9,67.86,Bank Transfer,Returning,42.0,Other,3.6,5.0
ORD103726,2023-03-21,South,Store_18,Electronics,415.9,1,0.0,415.9,415.9,270.93,144.97,Mobile Wallet,VIP,16.0,Female,4.4,2.0
ORD105919,2024-10-29,Central,Store_03,Beauty,80.69,1,0.0,80.69,80.69,41.77,38.92,Debit Card,VIP,16.0,Female,3.7,3.0
ORD101045,2023-04-23,East,Store_12,Beauty,63.99,1,5.0,63.99,60.79,28.05,32.74,Cash,New,49.0,Female,5.0,2.0
ORD105056,2024-11-22,North,Store_12,Home & Living,197.01,1,0.0,315.22,315.22,169.38,145.84,Credit Card,Returning,16.0,Male,1.4,1.0
ORD101750,2024-11-10,Central,Store_13,Home & Living,168.29,1,0.0,269.26,269.26,174.72,94.54,Debit Card,New,,Female,3.4,0.0
ORD105151,2024-03-28,North,Store_08,Clothing,68.52,1,0.0,68.52,68.52,42.85,25.67,Bank Transfer,New,30.0,Female,3.8,5.0
ORD103878,2023-05-11,North,Store_17,Clothing,176.61,2,10.0,353.22,317.9,173.3,144.6,Debit Card,Returning,38.0,Female,,4.0
ORD103917,2024-09-12,East,Store_04,Beauty,109.47,1,0.0,109.47,109.47,66.94,42.53,Credit Card,Returning,25.0,Male,2.6,6.0
ORD105189,2023-08-04,South,Store_13,Electronics,1165.82,5,5.0,5829.1,5537.64,2840.57,2697.07,Debit Card,VIP,45.0,Female,4.6,1.0
ORD101043,2023-09-29,East,Store_18,Electronics,451.77,2,5.0,903.54,858.36,457.92,400.44,Cash,New,19.0,Female,3.3,4.0
ORD103010,2023-09-27,West,Store_17,Sports,86.09,1,5.0,86.09,81.79,54.79,27.0,Bank Transfer,New,34.0,Female,3.4,4.0
ORD105155,2024-09-19,South,Store_16,Sports,169.96,1,20.0,169.96,135.97,84.21,51.76,Cash,VIP,27.0,Male,5.0,1.0
ORD103290,2023-10-22,West,Store_07,Clothing,167.09,2,0.0,334.18,334.18,191.32,142.86,Credit Card,Returning,35.0,Male,3.6,8.0
ORD105754,2023-04-16,North,Store_15,Groceries,37.72,1,10.0,37.72,33.95,15.31,18.64,Mobile Wallet,New,46.0,Male,2.8,0.0
ORD104751,2023-04-20,South,Store_09,Electronics,1049.42,1,0.0,1049.42,1049.42,727.05,322.37,Mobile Wallet,Returning,55.0,Female,4.2,4.0
ORD102064,2024-03-06,North,Store_20,Electronics,195.8,1,0.0,195.8,195.8,119.04,76.76,Mobile Wallet,New,34.0,Male,4.6,2.0
ORD102964,2024-06-19,South,Store_07,Home & Living,477.09,1,10.0,572.51,515.26,249.41,265.85,Cash,Returning,22.0,Female,4.2,8.0
ORD100641,2024-10-30,Central,Store_07,Groceries,17.38,2,,34.76,34.76,22.37,12.39,Bank Transfer,New,52.0,Female,5.0,5.0
ORD100137,2023-01-23,Central,Store_09,Electronics,529.24,2,15.0,1058.48,899.71,433.85,465.86,Cash,New,,Female,3.4,2.0
ORD100880,2023-03-04,West,Store_19,Groceries,51.58,1,0.0,51.58,51.58,34.65,16.93,Mobile Wallet,Returning,33.0,Male,3.7,7.0
ORD101976,2024-11-11,East,Store_11,Home & Living,355.39,1,0.0,568.62,568.62,371.09,197.53,Cash,Returning,31.0,Female,4.7,3.0
ORD101581,2023-06-07,West,Store_09,Electronics,1118.14,1,0.0,1341.77,1341.77,932.77,409.0,Cash,Returning,41.0,Male,4.3,3.0
ORD104793,2023-07-08,South,Store_11,Groceries,16.91,1,10.0,20.29,18.26,10.68,7.58,Credit Card,VIP,26.0,Female,4.5,3.0
ORD101097,2024-07-05,North,Store_11,Beauty,30.11,2,0.0,72.26,72.26,34.05,38.21,Bank Transfer,VIP,,Male,4.3,7.0
ORD105643,2024-05-10,North,Store_04,Beauty,56.85,2,5.0,113.7,108.01,80.54,27.47,Bank Transfer,New,50.0,Female,2.8,2.0
ORD101392,2024-12-19,South,Store_15,Sports,59.5,1,10.0,95.2,85.68,45.96,39.72,Bank Transfer,Returning,25.0,Female,5.0,5.0
ORD102083,2024-05-02,South,Store_19,Electronics,527.17,2,0.0,1054.34,1054.34,770.19,284.15,Bank Transfer,VIP,31.0,Female,4.6,0.0
ORD101266,2023-02-10,West,Store_03,Groceries,49.11,1,5.0,49.11,46.65,22.8,23.85,Mobile Wallet,New,27.0,Male,4.0,6.0
ORD104231,2024-11-08,Central,Store_09,Groceries,7.15,1,5.0,11.44,10.87,6.25,4.62,Bank Transfer,Returning,37.0,Male,4.9,4.0
ORD102574,2024-07-18,South,Store_10,Groceries,15.19,1,0.0,18.23,18.23,12.77,5.46,Mobile Wallet,VIP,39.0,Male,3.7,4.0
ORD102135,2024-05-15,North,Store_09,Electronics,922.36,1,0.0,922.36,922.36,599.42,322.94,Cash,Returning,17.0,Male,,0.0
ORD101503,2023-08-24,West,Store_05,Groceries,24.26,1,0.0,24.26,24.26,11.99,12.27,Cash,Returning,48.0,Female,4.6,5.0
ORD105404,2023-01-19,East,Store_01,Beauty,42.58,1,0.0,42.58,42.58,19.41,23.17,Credit Card,Returning,30.0,Female,3.2,5.0
ORD103367,2023-07-30,Central,Store_06,Electronics,879.82,1,0.0,1055.78,1055.78,666.7,389.08,Cash,Returning,37.0,Female,4.5,0.0
ORD103729,2024-04-11,Central,Store_09,Groceries,31.98,1,5.0,31.98,30.38,16.46,13.92,Cash,New,21.0,Female,4.1,5.0
ORD100148,2024-08-22,East,Store_14,Home & Living,253.17,1,0.0,253.17,253.17,186.49,66.68,Bank Transfer,Returning,42.0,Male,4.7,2.0
ORD100303,2024-10-16,North,Store_07,Groceries,13.15,2,0.0,26.3,26.3,14.37,11.93,Cash,VIP,40.0,Male,4.9,2.0
ORD105113,2023-01-19,West,Store_20,Electronics,1051.91,1,0.0,1051.91,1051.91,762.25,289.66,Cash,Returning,16.0,Male,3.5,4.0
ORD101924,2023-09-21,North,Store_19,Groceries,55.88,2,5.0,111.76,106.17,63.27,42.9,Credit Card,Returning,41.0,Male,3.4,3.0
ORD105148,2023-09-28,South,Store_13,Groceries,32.52,3,0.0,97.56,97.56,48.02,49.54,Mobile Wallet,New,24.0,Male,4.2,1.0
ORD105766,2023-08-14,West,,Clothing,174.64,1,10.0,174.64,157.18,87.22,69.96,Debit Card,VIP,17.0,Female,3.9,2.0
ORD102637,2024-06-26,West,Store_06,Clothing,64.69,1,20.0,77.63,62.1,28.95,33.15,Mobile Wallet,VIP,52.0,Female,3.6,3.0
ORD101904,2023-09-01,Central,Store_12,Clothing,46.5,1,25.0,46.5,34.88,16.88,18.0,Debit Card,Returning,37.0,Female,4.1,5.0
ORD105632,2024-01-16,East,Store_07,Groceries,34.04,1,10.0,34.04,30.64,18.37,12.27,Credit Card,Returning,30.0,Female,3.7,1.0
ORD104294,2024-11-07,South,Store_17,Clothing,78.47,1,0.0,125.55,125.55,66.31,59.24,Bank Transfer,Returning,43.0,Female,4.0,3.0
ORD103842,2024-02-13,South,Store_01,Home & Living,457.35,1,10.0,457.35,411.61,264.69,146.92,Bank Transfer,Returning,,Male,4.6,1.0
ORD105356,2024-05-22,Central,Store_12,HOME & LIVING,458.27,1,0.0,458.27,458.27,266.09,192.18,Cash,Returning,49.0,Female,2.9,2.0
ORD101768,2023-02-19,East,Store_01,Beauty,119.1,1,0.0,119.1,119.1,57.72,61.38,Credit Card,New,33.0,Male,3.1,5.0
ORD102875,2024-01-12,North,Store_07,Groceries,54.07,2,15.0,108.14,91.92,42.54,49.38,Debit Card,Returning,31.0,Female,2.9,3.0
ORD102240,2023-06-13,West,Store_07,Beauty,88.32,2,5.0,211.97,201.37,137.06,64.31,Debit Card,New,55.0,Female,4.3,2.0
ORD104500,2024-05-20,South,Store_05,Groceries,57.68,1,10.0,57.68,51.91,36.22,15.69,Mobile Wallet,New,16.0,Female,3.7,0.0
ORD103388,2023-07-31,Central,Store_01,Groceries,29.22,4,15.0,140.26,119.22,55.97,63.25,Cash,New,41.0,Female,4.8,4.0
ORD102554,2024-12-17,East,Store_06,Electronics,56.07,1,25.0,89.71,67.28,41.2,26.08,Debit Card,Returning,47.0,Male,3.4,7.0
ORD100483,2024-08-04,South,Store_04,Electronics,738.94,2,0.0,1477.88,1477.88,1023.88,454.0,Credit Card,New,60.0,Female,3.5,0.0
ORD101280,2024-06-24,South,Store_15,Electronics,1034.12,1,0.0,1240.94,1240.94,842.74,398.2,Bank Transfer,Returning,51.0,Female,4.2,3.0
ORD105127,2024-01-13,West,Store_19,Groceries,30.27,4,15.0,121.08,102.92,75.07,27.85,Credit Card,Returning,48.0,Male,4.3,3.0
ORD103680,2024-06-01,Central,Store_15,Clothing,82.21,2,0.0,197.3,197.3,109.87,87.43,Credit Card,New,29.0,Female,3.6,0.0
ORD100791,2023-11-28,Central,Store_20,Groceries,21.7,2,20.0,69.44,55.55,30.84,24.71,Cash,Returning,40.0,Female,3.5,2.0
ORD104895,2023-10-23,Central,Store_20,Groceries,42.25,3,0.0,126.75,126.75,90.09,36.66,Cash,Returning,41.0,Female,4.4,5.0
ORD101201,2023-12-15,East,Store_11,Home & Living,59.26,2,0.0,189.63,189.63,118.87,70.76,Credit Card,Returning,29.0,Female,5.0,3.0
ORD104518,2024-06-03,Central,Store_20,Electronics,875.45,1,0.0,1050.54,1050.54,529.85,520.69,Bank Transfer,New,41.0,Female,4.6,4.0
ORD103912,2023-05-20,North,Store_03,Electronics,824.8,1,0.0,824.8,824.8,563.95,260.85,Cash,Returning,17.0,Male,3.4,4.0
ORD102362,2024-12-03,Central,Store_01,Groceries,54.24,1,10.0,86.78,78.1,48.2,29.9,Cash,New,23.0,Male,3.2,6.0
ORD103069,2023-02-21,East,Store_13,Clothing,30.35,2,0.0,60.7,60.7,36.84,23.86,Bank Transfer,Returning,55.0,Female,3.4,6.0
ORD103429,2023-08-08,Central,Store_10,Groceries,36.05,1,20.0,36.05,28.84,21.57,7.27,Debit Card,Returning,35.0,Male,3.5,
ORD105976,2024-11-11,South,Store_01,Electronics,438.33,3,0.0,2103.98,2103.98,1070.24,1033.74,Cash,VIP,46.0,Other,4.2,7.0
ORD105843,2023-01-06,North,Store_05,Home & Living,249.13,4,5.0,996.52,946.69,464.77,481.92,Cash,Returning,54.0,Male,5.0,2.0
ORD102591,2023-10-04,North,Store_07,Home & Living,300.95,3,5.0,902.85,857.71,488.15,369.56,Mobile Wallet,New,35.0,Female,2.2,0.0
ORD102710,2023-02-18,South,Store_05,Groceries,4.49,1,0.0,4.49,4.49,3.26,1.23,Mobile Wallet,Returning,31.0,Male,4.5,5.0
ORD101529,2024-11-01,South,Store_16,Clothing,37.27,2,0.0,119.26,119.26,89.44,29.82,Debit Card,Returning,56.0,Female,4.5,3.0
ORD104998,2024-05-10,Central,Store_18,Clothing,58.42,2,,116.84,116.84,73.4,43.44,Debit Card,Returning,52.0,Male,4.2,0.0
ORD102809,2023-05-19,West,Store_18,Clothing,144.57,1,0.0,144.57,144.57,101.82,42.75,Mobile Wallet,New,33.0,Female,3.3,5.0
ORD100685,2024-08-07,South,Store_06,Clothing,105.32,1,15.0,105.32,89.52,47.93,41.59,Bank Transfer,Returning,32.0,Male,,2.0
ORD101551,2024-09-14,West,Store_07,Sports,133.69,2,0.0,267.38,267.38,183.94,83.44,Mobile Wallet,Returning,19.0,Other,3.6,4.0
ORD104255,2023-08-28,East,Store_10,Electronics,163.24,1,0.0,163.24,163.24,101.73,61.51,Mobile Wallet,Returning,39.0,Female,2.8,2.0
ORD105095,2023-05-07,North,Store_17,Sports,61.28,3,0.0,183.84,183.84,123.33,60.51,Credit Card,Returning,30.0,Female,4.3,3.0
ORD103871,2023-03-17,Central,Store_11,Groceries,53.25,1,0.0,53.25,53.25,39.79,13.46,Bank Transfer,VIP,43.0,Male,4.3,5.0
ORD105122,2024-03-25,South,Store_01,Sports,295.94,1,20.0,295.94,236.75,126.02,110.73,Cash,New,21.0,Female,5.0,4.0
ORD100560,2024-01-27,West,Store_09,Home & Living,364.99,1,10.0,364.99,328.49,158.43,170.06,Credit Card,Returning,73.0,Female,3.6,3.0
ORD102250,2024-01-05,East,Store_12,Clothing,49.58,3,,148.74,141.3,77.84,63.46,Credit Card,New,36.0,Male,4.2,6.0
ORD105730,2024-09-01,West,Store_16,Electronics,1119.6,2,5.0,2239.2,2127.24,1568.8,558.44,Cash,Returning,28.0,Female,4.4,3.0
ORD103500,2023-02-14,North,Store_12,Clothing,34.26,1,0.0,34.26,34.26,21.55,12.71,Debit Card,New,26.0,Male,3.8,4.0
ORD102689,2024-12-17,North,Store_16,Groceries,14.1,2,0.0,45.12,45.12,21.23,23.89,Cash,Returning,29.0,Male,,1.0
ORD104208,2023-06-15,North,Store_03,Electronics,949.89,1,20.0,1139.87,911.9,413.97,497.93,Bank Transfer,Returning,64.0,Male,4.1,7.0
ORD105880,2023-04-24,East,Store_19,Electronics,210.68,2,0.0,421.36,421.36,292.59,128.77,Bank Transfer,New,32.0,Female,4.3,5.0
ORD103379,2023-10-16,South,Store_17,Clothing,83.3,1,15.0,83.3,70.81,47.46,23.35,Credit Card,New,74.0,Male,3.6,6.0
ORD103193,2023-05-21,West,Store_15,Sports,292.24,1,10.0,292.24,263.02,180.96,82.06,Mobile Wallet,New,38.0,Male,,0.0
ORD101446,2024-11-15,East,Store_04,Home & Living,484.71,1,15.0,775.54,659.21,460.08,199.13,Mobile Wallet,Returning,25.0,Male,4.7,5.0
ORD101952,2023-02-22,North,Store_14,Groceries,44.73,2,10.0,89.46,80.51,58.41,22.1,Bank Transfer,Returning,59.0,Male,5.0,3.0
ORD100922,2023-11-22,West,Store_12,Electronics,790.07,2,0.0,2528.22,2528.22,1772.86,755.36,Debit Card,Returning,48.0,Female,3.6,3.0
ORD101624,2024-02-08,North,Store_16,Electronics,207.6,1,0.0,207.6,207.6,93.66,113.94,Cash,VIP,42.0,Male,,1.0
ORD100310,2024-05-01,South,Store_20,Groceries,47.09,3,0.0,141.27,141.27,67.02,74.25,Credit Card,Returning,29.0,Female,4.0,4.0
ORD101319,2023-10-17,East,Store_05,Home & Living,72.67,2,0.0,145.34,145.34,108.84,36.5,Debit Card,VIP,40.0,Female,4.5,6.0
ORD103531,2023-02-22,West,Store_05,Clothing,19.87,5,0.0,99.35,99.35,63.73,35.62,Credit Card,New,21.0,Male,4.4,2.0
ORD101663,2024-02-09,West,Store_10,Groceries,9.61,2,10.0,19.22,17.3,9.28,8.02,Mobile Wallet,Returning,31.0,Male,3.1,4.0
ORD100815,2024-09-02,West,Store_04,Electronics,760.38,2,25.0,1520.76,1140.57,563.13,577.44,Cash,Returning,39.0,Female,4.4,2.0
ORD105485,2023-05-08,West,Store_04,Home & Living,103.12,1,5.0,103.12,97.96,68.87,29.09,Mobile Wallet,VIP,24.0,Male,4.6,3.0
ORD102266,2024-05-13,East,Store_16,Electronics,538.69,2,10.0,1077.38,969.64,556.74,412.9,Mobile Wallet,New,32.0,Male,,4.0
ORD101473,2023-06-01,North,Store_15,Home & Living,93.26,1,0.0,111.91,111.91,52.53,59.38,Bank Transfer,Returning,16.0,Other,3.4,2.0
ORD101773,2023-10-15,West,Store_13,Sports,124.55,2,0.0,249.1,249.1,160.62,88.48,Cash,New,55.0,Male,3.1,2.0
ORD104775,2023-02-02,East,Store_01,Beauty,133.73,1,0.0,133.73,133.73,98.11,35.62,Mobile Wallet,New,53.0,Female,4.1,8.0
ORD105584,2023-12-02,West,Store_17,Groceries,50.35,5,0.0,402.8,402.8,233.89,168.91,Debit Card,Returning,54.0,Male,3.7,7.0
ORD101093,2023-10-14,North,Store_15,Clothing,68.56,2,0.0,137.12,137.12,83.6,53.52,Mobile Wallet,Returning,26.0,Male,2.9,4.0
ORD104176,2023-08-10,North,Store_17,Beauty,7.7,1,0.0,7.7,7.7,4.03,3.67,Mobile Wallet,VIP,39.0,Male,3.2,7.0
ORD101950,2024-10-30,Central,Store_04,Sports,139.36,1,0.0,139.36,139.36,83.48,55.88,Debit Card,New,47.0,Male,5.0,0.0
ORD103884,2023-04-29,North,Store_15,Home & Living,24.33,3,5.0,72.99,69.34,34.86,34.48,Cash,Returning,47.0,Female,4.6,3.0
ORD105465,2024-02-10,South,Store_17,Clothing,106.12,1,20.0,106.12,84.9,50.97,33.93,Bank Transfer,New,46.0,Male,1.8,7.0
ORD105652,2023-02-11,East,Store_17,Clothing,56.34,2,10.0,112.68,101.41,48.47,52.94,Debit Card,Returning,46.0,Male,4.2,
ORD102800,2024-08-01,East,Store_20,Clothing,105.56,2,0.0,211.12,211.12,128.42,82.7,Cash,VIP,38.0,Male,3.7,7.0
ORD101239,2023-01-30,East,Store_19,Groceries,52.89,3,15.0,158.67,134.87,85.03,49.84,Bank Transfer,Returning,53.0,Female,5.0,1.0
ORD100329,2024-02-10,North,Store_19,Sports,89.58,2,0.0,179.16,179.16,114.44,64.72,Credit Card,New,24.0,Female,4.2,4.0
ORD103102,2023-01-11,South,Store_19,Electronics,1039.45,1,15.0,1039.45,883.53,441.42,442.11,Cash,New,33.0,Male,4.6,4.0
ORD100242,2023-03-11,North,Store_03,Electronics,908.89,1,0.0,908.89,908.89,455.16,453.73,Bank Transfer,New,55.0,Male,5.0,4.0
ORD105662,2024-09-20,Central,Store_12,Groceries,52.85,1,15.0,52.85,44.92,28.72,16.2,Cash,Returning,46.0,Female,,5.0
ORD104737,2023-09-25,East,Store_12,Sports,245.78,1,10.0,245.78,221.2,141.4,79.8,Mobile Wallet,New,22.0,Female,3.9,6.0
ORD104792,2024-12-09,South,Store_14,Electronics,761.53,1,0.0,1218.45,1218.45,865.95,352.5,Cash,Returning,50.0,Female,3.7,2.0
ORD102257,2024-04-21,East,Store_13,Home & Living,30.22,4,20.0,120.88,96.7,46.19,50.51,Bank Transfer,New,33.0,Female,4.1,1.0
ORD102818,2023-04-04,West,Store_09,Groceries,21.92,1,0.0,21.92,21.92,11.18,10.74,Bank Transfer,Returning,19.0,Other,3.8,4.0
ORD103824,2024-03-09,East,Store_01,Clothing,187.63,1,10.0,187.63,168.87,83.96,84.91,Credit Card,VIP,36.0,Male,3.2,3.0
ORD100753,2024-11-14,North,Store_16,Groceries,26.17,1,5.0,41.87,39.78,25.6,14.18,Cash,Returning,22.0,Female,5.0,2.0
ORD104531,2023-04-03,East,Store_09,Beauty,19.11,2,0.0,38.22,38.22,24.73,13.49,Debit Card,Returning,33.0,Male,3.1,5.0
ORD101563,2024-11-01,East,Store_11,Groceries,14.06,3,5.0,67.49,64.12,37.71,26.41,Credit Card,VIP,37.0,Female,3.9,6.0
ORD101934,2023-04-18,North,Store_10,Groceries,29.71,1,0.0,29.71,29.71,18.55,11.16,Credit Card,Returning,24.0,Male,5.0,0.0
ORD105796,2024-09-25,North,Store_15,Groceries,43.88,1,5.0,43.88,41.69,27.4,14.29,Mobile Wallet,New,42.0,Male,4.4,3.0
ORD103493,2024-06-27,South,Store_07,Home & Living,384.82,1,5.0,461.78,438.69,245.6,193.09,Bank Transfer,New,22.0,Male,3.6,1.0
ORD103022,2023-10-10,East,Store_13,Sports,138.63,1,25.0,138.63,103.97,77.9,26.07,Debit Card,Returning,44.0,Female,3.8,2.0
ORD104647,2023-02-28,Central,Store_08,Groceries,37.67,1,15.0,37.67,32.02,14.48,17.54,Cash,Returning,16.0,Male,4.9,3.0
ORD102648,2024-11-14,East,Store_18,Groceries,13.37,4,15.0,85.57,72.73,43.26,29.47,Credit Card,New,47.0,Female,3.1,3.0
ORD101856,2023-10-01,West,Store_17,Groceries,40.53,1,5.0,40.53,38.5,23.16,15.34,Debit Card,New,42.0,Male,3.8,3.0
ORD104697,2023-03-06,South,Store_14,Beauty,48.67,1,5.0,48.67,46.24,29.1,17.14,Bank Transfer,New,54.0,Male,,7.0
ORD103563,2024-08-04,East,Store_16,Electronics,810.24,2,0.0,1620.48,1620.48,1057.21,563.27,Cash,New,40.0,,5.0,5.0
ORD101964,2024-08-19,South,Store_15,Sports,20.31,1,0.0,20.31,20.31,11.42,8.89,Cash,Returning,41.0,,4.8,6.0
ORD101013,2023-08-18,Central,Store_02,Home & Living,317.09,2,0.0,634.18,634.18,400.27,233.91,Bank Transfer,VIP,48.0,Male,2.7,2.0
ORD101427,2024-10-20,East,Store_14,Electronics,775.25,2,0.0,1550.5,1550.5,791.2,759.3,Bank Transfer,New,41.0,Male,4.6,2.0
ORD103322,2024-07-28,East,Store_13,Beauty,80.58,1,0.0,96.7,96.7,47.38,49.32,Credit Card,New,34.0,Male,4.5,5.0
ORD101295,2024-01-11,East,Store_15,Beauty,25.6,1,5.0,25.6,24.32,16.65,7.67,Bank Transfer,New,27.0,Male,3.3,3.0
ORD100466,2023-05-02,West,Store_03,Clothing,12.75,1,25.0,12.75,9.56,4.47,5.09,Debit Card,Returning,,Female,4.9,3.0
ORD104028,2024-05-18,South,Store_15,Electronics,195.09,1,5.0,195.09,185.34,137.37,47.97,Mobile Wallet,Returning,19.0,Female,4.0,6.0
ORD100174,2024-05-23,North,Store_09,Electronics,756.56,2,0.0,1513.12,1513.12,755.67,757.45,Mobile Wallet,Returning,43.0,Female,4.2,3.0
ORD104880,2023-10-05,West,Store_07,Home & Living,498.4,1,0.0,498.4,498.4,332.42,165.98,Cash,Returning,50.0,Male,2.2,2.0
ORD100277,2024-07-25,East,Store_17,Clothing,140.87,2,15.0,338.09,287.38,195.12,92.26,Cash,New,49.0,Female,4.5,
ORD101069,2023-01-08,North,Store_09,Groceries,39.28,4,0.0,157.12,157.12,109.17,47.95,Mobile Wallet,New,16.0,Female,3.8,4.0
ORD101548,2023-12-27,West,Store_07,Clothing,45.97,1,5.0,73.55,69.87,49.3,20.57,Cash,Returning,32.0,Female,3.6,3.0
ORD101024,2024-08-22,Central,Store_14,Groceries,19.29,2,0.0,38.58,38.58,28.26,10.32,Credit Card,Returning,29.0,Female,4.8,5.0
ORD105036,2024-10-29,East,Store_18,Groceries,19.9,4,20.0,79.6,63.68,40.61,23.07,Debit Card,Returning,33.0,Female,2.8,5.0
ORD102834,2023-10-11,South,Store_09,Sports,281.55,2,0.0,563.1,563.1,292.73,270.37,Debit Card,Returning,,Female,4.8,4.0
ORD101466,2024-04-08,South,Store_18,Groceries,41.95,2,0.0,83.9,83.9,48.01,35.89,Cash,New,40.0,Male,5.0,3.0
ORD105489,2023-09-21,West,Store_14,Home & Living,466.81,1,0.0,466.81,466.81,244.87,221.94,Cash,New,42.0,Male,4.1,2.0
ORD105002,2024-04-02,East,Store_08,Home & Living,364.23,1,0.0,364.23,364.23,238.98,125.25,Mobile Wallet,New,34.0,Female,4.1,5.0
ORD101713,2024-06-19,North,Store_12,Groceries,20.47,1,0.0,24.56,24.56,13.26,11.3,Bank Transfer,Returning,60.0,Female,3.6,1.0
ORD103424,2024-03-21,Central,,Electronics,576.64,1,20.0,576.64,461.31,290.16,171.15,Mobile Wallet,New,44.0,Female,4.3,3.0
ORD102611,2024-11-08,South,Store_09,Beauty,116.72,1,15.0,186.75,158.74,115.37,43.37,Credit Card,VIP,25.0,Other,3.7,4.0
ORD100388,2024-10-13,East,Store_04,Beauty,21.15,1,0.0,21.15,21.15,12.87,8.28,Credit Card,Returning,50.0,Male,3.9,5.0
ORD102070,2023-05-19,Central,Store_07,Groceries,16.71,1,5.0,16.71,15.87,11.31,4.56,Mobile Wallet,Returning,45.0,Female,,6.0
ORD103970,2023-12-15,East,Store_19,Electronics,1009.43,1,0.0,1615.09,1615.09,1193.12,421.97,Bank Transfer,Returning,43.0,Female,3.4,3.0
ORD103495,2024-01-24,Central,Store_09,Groceries,27.19,1,10.0,27.19,24.47,12.45,12.02,Cash,Returning,39.0,Male,3.8,3.0
ORD102821,2024-08-28,Central,Store_15,Groceries,12.65,1,25.0,12.65,9.49,5.74,3.75,Debit Card,Returning,27.0,Other,3.1,10.0
ORD104976,2024-02-23,West,Store_11,Groceries,15.39,3,0.0,46.17,46.17,23.23,22.94,Mobile Wallet,Returning,73.0,Female,3.4,3.0
ORD101424,2023-07-06,West,Store_02,Sports,175.09,1,5.0,210.11,199.6,144.59,55.01,Cash,VIP,49.0,Female,3.9,3.0
ORD103542,2023-03-04,West,Store_12,Home & Living,405.75,4,0.0,1623.0,1623.0,924.2,698.8,Credit Card,VIP,32.0,Female,4.1,3.0
ORD105930,2024-11-07,South,Store_11,Sports,102.13,1,0.0,163.41,163.41,116.31,47.1,Debit Card,Returning,22.0,Female,3.6,2.0
ORD103574,2024-11-26,West,Store_17,Home & Living,175.95,4,0.0,1126.08,1126.08,614.77,511.31,Debit Card,New,26.0,Female,5.0,2.0
ORD100050,2024-07-08,Central,Store_19,Electronics,214.68,1,0.0,257.62,257.62,133.38,124.24,Mobile Wallet,Returning,43.0,Male,2.8,0.0
ORD101887,2023-10-29,West,Store_02,Home & Living,250.19,1,,250.19,212.66,144.41,68.25,Bank Transfer,VIP,53.0,Female,5.0,0.0
ORD103695,2024-04-13,East,Store_10,Beauty,20.18,1,0.0,20.18,20.18,13.09,7.09,Credit Card,Returning,28.0,Male,4.3,5.0
ORD104229,2023-01-11,East,Store_14,Electronics,712.71,2,0.0,1425.42,1425.42,1027.53,397.89,Cash,VIP,47.0,Female,,2.0
ORD105201,2023-10-28,East,Store_05,Groceries,30.2,1,0.0,30.2,30.2,15.62,14.58,Debit Card,VIP,20.0,Female,4.5,0.0
ORD104799,2024-02-10,South,Store_18,Electronics,553.2,1,0.0,553.2,553.2,280.52,272.68,Mobile Wallet,New,45.0,Male,5.0,3.0
ORD100482,2023-07-02,North,Store_12,Electronics,688.97,1,0.0,826.76,826.76,468.8,357.96,Mobile Wallet,New,56.0,Male,4.2,6.0
ORD103393,2023-05-18,South,Store_03,Groceries,4.85,1,0.0,4.85,4.85,2.61,2.24,Cash,VIP,35.0,Female,,0.0
ORD105241,2024-10-02,West,Store_14,Electronics,321.75,1,0.0,321.75,321.75,232.54,89.21,Cash,New,39.0,Male,4.5,6.0
ORD102251,2024-02-08,Central,Store_06,Groceries,36.37,4,0.0,145.48,145.48,79.8,65.68,Mobile Wallet,New,33.0,Female,5.0,5.0
ORD104162,2024-02-16,East,Store_12,Groceries,11.72,1,0.0,11.72,11.72,8.17,3.55,Mobile Wallet,New,30.0,Female,3.0,4.0
ORD102313,2023-02-08,North,Store_15,Groceries,39.83,1,25.0,39.83,29.87,18.49,11.38,Cash,Returning,56.0,Male,3.8,4.0
ORD102849,2023-09-21,South,Store_04,Groceries,28.93,1,5.0,28.93,27.48,19.05,8.43,Debit Card,Returning,53.0,Female,3.7,3.0
ORD105666,2023-05-28,West,Store_18,Groceries,15.52,2,0.0,31.04,31.04,18.52,12.52,Credit Card,Returning,50.0,Male,3.1,7.0
ORD103103,2023-11-17,West,Store_05,Electronics,670.32,1,10.0,1072.51,965.26,651.85,313.41,Cash,Returning,33.0,Male,3.2,0.0
ORD105003,2024-05-13,East,Store_09,Electronics,355.48,2,10.0,710.96,639.86,309.7,330.16,Bank Transfer,New,26.0,,2.7,1.0
ORD104127,2023-03-08,West,Store_12,Sports,67.96,1,15.0,67.96,57.77,42.3,15.47,Bank Transfer,Returning,30.0,Male,4.0,
ORD103867,2024-08-14,East,Store_19,Electronics,951.82,2,0.0,1903.64,1903.64,880.2,1023.44,Cash,VIP,44.0,Female,,2.0
ORD102465,2023-05-23,East,Store_10,Home & Living,137.87,2,20.0,275.74,220.59,114.09,106.5,Cash,Returning,47.0,Female,4.1,1.0
ORD102929,2024-04-21,North,Store_03,Electronics,1143.4,1,0.0,1143.4,1143.4,729.91,413.49,Mobile Wallet,VIP,21.0,Female,3.9,3.0
ORD105868,2024-11-06,West,Store_05,Beauty,67.83,3,0.0,325.58,325.58,221.74,103.84,Cash,New,21.0,Female,5.0,0.0
ORD104106,2023-03-17,West,Store_15,Clothing,173.6,2,0.0,347.2,347.2,160.74,186.46,Bank Transfer,VIP,23.0,Female,5.0,1.0
ORD100064,2023-10-27,West,Store_06,Beauty,119.9,1,5.0,119.9,113.9,53.93,59.97,Bank Transfer,New,36.0,Female,2.3,1.0
ORD105729,2023-10-30,West,Store_08,Groceries,17.77,1,0.0,17.77,17.77,10.52,7.25,Cash,Returning,25.0,Female,5.0,3.0
ORD100776,2023-11-06,North,Store_06,Home & Living,138.42,2,0.0,442.94,442.94,302.38,140.56,Cash,Returning,56.0,Female,3.3,4.0
ORD104173,2023-09-17,South,Store_16,Groceries,30.67,1,0.0,30.67,30.67,20.16,10.51,Cash,New,34.0,Male,5.0,3.0
ORD104587,2023-08-13,East,Store_02,Groceries,13.76,2,0.0,27.52,27.52,17.17,10.35,Debit Card,Returning,37.0,Male,3.6,3.0
ORD102734,2023-11-23,North,Store_05,Groceries,44.54,1,0.0,71.26,71.26,42.23,29.03,Cash,Returning,20.0,Male,4.3,3.0
ORD102580,2023-10-08,East,Store_05,Home & Living,174.05,1,20.0,174.05,139.24,71.28,67.96,Cash,Returning,30.0,Male,5.0,3.0
ORD104616,2023-08-02,North,Store_15,Electronics,348.57,1,0.0,348.57,348.57,237.71,110.86,Debit Card,New,,Female,4.2,7.0
ORD103483,2023-06-18,North,Store_16,Home & Living,16.59,1,,19.91,17.92,12.19,5.73,Bank Transfer,New,32.0,Male,5.0,5.0
ORD105899,2024-09-30,South,Store_15,Sports,243.67,1,0.0,243.67,243.67,147.4,96.27,Mobile Wallet,New,43.0,Male,2.8,3.0
ORD102344,2024-03-04,West,Store_15,Groceries,56.42,1,5.0,56.42,53.6,26.25,27.35,Debit Card,Returning,53.0,Female,4.1,4.0
ORD104687,2023-07-30,South,Store_19,Electronics,174.47,2,0.0,418.73,418.73,245.27,173.46,Mobile Wallet,VIP,49.0,Male,5.0,
ORD102815,2023-03-10,West,Store_14,Groceries,3.75,1,10.0,3.75,3.37,1.86,1.51,Bank Transfer,Returning,30.0,Female,1.5,3.0
ORD105684,2024-02-02,West,Store_02,Groceries,14.64,2,0.0,29.28,29.28,19.42,9.86,Cash,Returning,48.0,Female,3.9,6.0
ORD105381,2024-11-23,West,Store_02,Sports,25.31,1,0.0,40.5,40.5,19.4,21.1,Credit Card,Returning,25.0,Female,4.2,3.0
ORD104026,2023-06-03,West,Store_08,Beauty,14.62,1,0.0,17.54,17.54,11.31,6.23,Cash,Returning,44.0,Male,,4.0
ORD100724,2024-07-27,South,Store_05,Beauty,21.59,1,0.0,25.91,25.91,16.86,9.05,Cash,Returning,43.0,Female,2.8,1.0
ORD105550,2024-03-15,South,Store_15,Electronics,522.9,2,0.0,1045.8,1045.8,536.24,509.56,Bank Transfer,Returning,39.0,Female,,4.0
ORD105529,2023-02-22,South,Store_10,Electronics,650.51,1,5.0,650.51,617.98,439.6,178.38,Debit Card,New,22.0,Female,3.1,5.0
ORD105996,2024-09-15,East,Store_04,Electronics,1167.73,2,0.0,2335.46,2335.46,1163.68,1171.78,Bank Transfer,Returning,39.0,Female,4.1,3.0
ORD105308,2023-02-19,North,Store_08,Sports,90.44,1,0.0,90.44,90.44,42.85,47.59,Bank Transfer,VIP,46.0,Female,3.0,5.0
ORD105892,2023-04-02,South,Store_13,Electronics,282.72,4,15.0,1130.88,961.25,469.42,491.83,Credit Card,Returning,34.0,Male,1.9,5.0
ORD101735,2024-08-05,South,Store_10,Beauty,90.96,2,0.0,181.92,181.92,112.79,69.13,Mobile Wallet,Returning,36.0,Female,5.0,2.0
ORD103124,2023-11-18,East,Store_03,Beauty,91.51,1,0.0,146.42,146.42,74.4,72.02,Cash,New,,Female,3.8,0.0
ORD104940,2024-06-14,North,Store_18,Clothing,196.58,1,0.0,235.9,235.9,152.39,83.51,Cash,New,16.0,Female,4.1,3.0
ORD105078,2024-08-12,West,Store_04,Home & Living,350.19,1,5.0,350.19,332.68,211.8,120.88,Bank Transfer,New,31.0,Male,2.5,2.0
ORD104802,2023-06-11,North,Store_15,Groceries,32.21,2,5.0,77.3,73.43,35.45,37.98,Cash,Returning,41.0,Female,4.9,3.0
ORD100273,2024-11-30,West,Store_09,Beauty,98.43,1,20.0,157.49,125.99,64.42,61.57,Bank Transfer,New,29.0,Female,3.3,1.0
ORD102944,2024-08-23,West,Store_06,Beauty,99.35,2,15.0,198.7,168.9,116.93,51.97,Cash,VIP,43.0,Female,3.5,4.0
ORD105773,2023-01-18,East,Store_12,Clothing,161.98,1,0.0,161.98,161.98,119.4,42.58,Mobile Wallet,New,39.0,Male,4.2,4.0
ORD105059,2024-04-05,South,Store_05,Beauty,74.37,2,0.0,148.74,148.74,71.81,76.93,Debit Card,Returning,36.0,Male,3.9,5.0
ORD105523,2024-11-01,South,Store_19,Electronics,527.6,2,0.0,1688.32,1688.32,1078.28,610.04,Cash,Returning,19.0,Male,,4.0
ORD101452,2023-02-07,North,Store_02,Beauty,119.67,1,0.0,119.67,119.67,75.56,44.11,Cash,Returning,24.0,Female,5.0,0.0
ORD102715,2023-12-05,Central,Store_06,Groceries,50.02,1,10.0,80.03,72.03,41.06,30.97,Cash,New,,Female,4.3,8.0
ORD104245,2023-07-23,North,Store_02,Groceries,3.39,1,0.0,4.07,4.07,2.48,1.59,Debit Card,VIP,47.0,Female,3.5,4.0
ORD102692,2024-10-26,Central,Store_12,Home & Living,489.46,1,10.0,489.46,440.51,247.14,193.37,Cash,Returning,41.0,Male,,3.0
ORD102767,2024-12-26,South,Store_10,Home & Living,58.52,3,5.0,280.9,266.86,143.13,123.73,Mobile Wallet,Returning,44.0,Female,3.7,4.0
ORD100218,2023-11-23,West,Store_13,Electronics,180.2,2,0.0,576.64,576.64,382.56,194.08,Mobile Wallet,Returning,31.0,Female,2.9,4.0
ORD100239,2024-04-02,Central,Store_11,Electronics,349.65,1,10.0,349.65,314.69,149.62,165.07,Credit Card,Returning,,Male,3.2,4.0
ORD101131,2024-05-04,West,Store_05,Groceries,7.08,5,0.0,35.4,35.4,21.36,14.04,Cash,Returning,41.0,Other,5.0,0.0
ORD105907,2024-10-28,South,Store_11,Clothing,59.18,1,0.0,59.18,59.18,35.36,23.82,Mobile Wallet,New,51.0,Female,3.0,4.0
ORD103264,2024-01-20,Central,Store_02,Groceries,55.33,1,0.0,55.33,55.33,36.4,18.93,Debit Card,New,16.0,Female,2.6,0.0
ORD102239,2024-10-07,Central,Store_09,Clothing,79.76,2,5.0,159.52,151.54,96.75,54.79,Credit Card,VIP,63.0,Male,3.4,6.0
ORD105349,2024-02-29,West,Store_18,Electronics,669.57,2,5.0,1339.14,1272.18,879.66,392.52,Cash,New,41.0,Female,4.2,4.0
ORD105149,2024-02-02,West,Store_15,Groceries,41.33,3,10.0,123.99,111.59,70.08,41.51,Mobile Wallet,Returning,33.0,Female,5.0,6.0
ORD101383,2024-10-16,South,Store_15,Clothing,55.92,1,0.0,55.92,55.92,39.05,16.87,Bank Transfer,New,42.0,Male,5.0,4.0
ORD103074,2024-02-29,South,Store_16,Electronics,256.81,1,15.0,256.81,218.29,141.01,77.28,Bank Transfer,New,66.0,Female,2.0,4.0
ORD104860,2023-02-13,Central,Store_12,Clothing,69.99,1,0.0,69.99,69.99,48.98,21.01,Debit Card,Returning,66.0,Male,3.6,1.0
ORD101357,2023-04-09,West,Store_17,Groceries,42.78,1,0.0,42.78,42.78,30.19,12.59,Cash,Returning,44.0,Female,4.3,5.0
ORD104871,2024-11-29,Central,Store_12,Clothing,78.19,1,0.0,125.1,125.1,67.21,57.89,Mobile Wallet,Returning,33.0,Male,3.8,0.0
ORD102630,2024-11-14,West,Store_05,Electronics,414.82,3,0.0,1991.14,1991.14,1085.76,905.38,Mobile Wallet,New,48.0,Female,4.7,0.0
ORD102832,2023-08-08,West,Store_11,Groceries,42.28,2,5.0,84.56,80.33,58.19,22.14,Mobile Wallet,New,30.0,Other,3.8,2.0
ORD100624,2024-03-17,West,Store_12,Clothing,84.88,1,0.0,84.88,84.88,61.74,23.14,Bank Transfer,Returning,32.0,Male,2.7,4.0
ORD100839,2024-10-26,South,Store_04,Electronics,261.1,2,0.0,522.2,522.2,239.1,283.1,Mobile Wallet,Returning,,Male,4.4,4.0
ORD104723,2023-02-07,East,Store_13,Beauty,111.37,2,20.0,222.74,178.19,110.34,67.85,Mobile Wallet,New,54.0,Female,2.8,3.0
ORD100323,2024-10-30,West,Store_02,Beauty,148.16,1,5.0,148.16,140.75,88.79,51.96,Debit Card,Returning,27.0,Female,5.0,5.0
ORD105791,2023-03-06,North,Store_18,Clothing,48.58,2,0.0,97.16,97.16,46.27,50.89,Mobile Wallet,Returning,27.0,Male,3.0,4.0
ORD101867,2024-07-08,North,Store_13,Electronics,318.9,1,0.0,382.68,382.68,215.51,167.17,Credit Card,Returning,,Male,4.5,3.0
ORD105256,2023-02-13,North,Store_02,Groceries,11.97,1,0.0,11.97,11.97,5.77,6.2,Credit Card,Returning,46.0,Male,4.6,2.0
ORD102826,2023-09-22,South,Store_13,Beauty,74.54,1,0.0,74.54,74.54,35.31,39.23,Mobile Wallet,Returning,46.0,Female,3.2,6.0
ORD105172,2024-09-24,Central,Store_01,Groceries,37.31,1,0.0,37.31,420.3098828252751,23.37,156.15938660313236,Bank Transfer,New,38.0,Male,4.2,5.0
ORD105518,2024-02-18,East,Store_01,Electronics,431.57,2,25.0,863.14,647.36,333.14,314.22,Debit Card,New,23.0,Male,3.4,8.0
ORD100437,2024-11-08,West,Store_01,Groceries,16.49,2,20.0,52.77,42.22,24.81,17.41,Debit Card,New,39.0,Male,2.8,2.0
ORD100119,2023-03-25,North,,Beauty,39.26,1,0.0,39.26,39.26,18.15,21.11,Cash,Returning,31.0,Female,4.0,3.0
ORD105564,2023-03-09,North,,Beauty,143.99,1,0.0,143.99,143.99,82.2,61.79,Debit Card,VIP,16.0,Male,2.9,2.0
ORD105678,2024-03-22,South,Store_03,Beauty,112.14,2,0.0,224.28,224.28,158.12,66.16,Bank Transfer,Returning,41.0,Female,4.7,2.0
ORD101839,2024-02-08,South,Store_02,Electronics,64.52,1,5.0,64.52,61.29,31.89,29.4,Debit Card,VIP,44.0,Other,4.5,2.0
ORD101026,2023-02-26,South,Store_04,Beauty,85.4,1,15.0,85.4,72.59,50.59,22.0,Debit Card,New,36.0,Female,4.5,3.0
ORD103301,2023-07-14,Central,Store_13,Groceries,29.53,4,10.0,141.74,127.57,80.75,46.82,Mobile Wallet,Returning,26.0,Male,2.8,1.0
ORD104172,2024-01-05,South,Store_20,Groceries,10.86,1,0.0,10.86,10.86,5.49,5.37,Cash,VIP,58.0,Male,,3.0
ORD103101,2023-04-06,North,Store_06,Clothing,42.42,1,,42.42,42.42,31.63,10.79,Bank Transfer,New,,Female,4.7,3.0
ORD100900,2023-01-04,East,Store_12,Groceries,47.28,1,5.0,47.28,44.92,22.84,22.08,Bank Transfer,VIP,64.0,Female,3.6,4.0
ORD104467,2024-11-24,South,Store_06,Clothing,129.27,1,0.0,206.83,206.83,94.56,112.27,Bank Transfer,VIP,40.0,Female,3.6,4.0
ORD101204,2024-04-20,South,Store_17,Clothing,35.92,1,10.0,35.92,32.33,19.81,12.52,Cash,New,41.0,,3.9,4.0
ORD105573,2024-05-16,Central,Store_01,Sports,135.33,1,10.0,135.33,121.8,79.42,42.38,Mobile Wallet,Returning,39.0,Female,4.3,2.0
ORD100450,2024-12-02,North,Store_06,Beauty,8.2,1,5.0,13.12,12.46,6.02,6.44,Bank Transfer,New,25.0,Male,3.0,6.0
ORD105037,2024-02-05,East,Store_14,Beauty,44.34,1,15.0,44.34,37.69,27.81,9.88,Debit Card,VIP,68.0,Female,5.0,5.0
ORD104050,2023-08-25,East,Store_06,Electronics,637.09,1,0.0,637.09,637.09,469.12,167.97,Bank Transfer,Returning,39.0,Female,3.7,2.0
ORD100552,2024-08-27,South,Store_13,Electronics,729.23,2,0.0,1458.46,1458.46,833.96,624.5,Credit Card,New,45.0,Female,3.7,7.0
ORD100406,2023-11-13,South,Store_18,Beauty,135.57,5,15.0,1084.56,921.88,428.94,492.94,Bank Transfer,Returning,46.0,Female,3.0,3.0
ORD105496,2024-07-16,Central,Store_12,Groceries,48.7,1,0.0,58.44,58.44,36.79,21.65,Cash,New,43.0,Female,5.0,6.0
ORD101613,2024-05-20,South,Store_17,Home & Living,387.84,2,0.0,775.68,775.68,529.13,246.55,Mobile Wallet,Returning,17.0,Male,3.5,4.0
ORD102934,2024-08-12,South,Store_14,Electronics,766.84,1,0.0,766.84,766.84,441.67,325.17,Credit Card,VIP,29.0,Female,3.3,3.0
ORD105064,2024-01-11,North,Store_17,Groceries,36.62,4,0.0,146.48,146.48,81.06,65.42,Bank Transfer,Returning,36.0,Female,2.8,1.0
ORD103298,2024-01-29,South,Store_13,Clothing,14.89,2,0.0,29.78,29.78,13.63,16.15,Cash,Returning,69.0,Female,5.0,5.0
ORD102833,2024-02-03,Central,Store_05,Beauty,135.38,1,0.0,135.38,135.38,78.81,56.57,Cash,Returning,57.0,Male,5.0,4.0
ORD102349,2024-01-04,North,Store_20,Beauty,48.35,1,0.0,48.35,48.35,24.39,23.96,Debit Card,VIP,26.0,Other,4.2,3.0
ORD104785,2023-09-20,West,Store_05,Home & Living,221.52,2,0.0,443.04,443.04,202.54,240.5,Mobile Wallet,Returning,40.0,Female,4.9,1.0
ORD103109,2023-06-22,East,Store_15,Clothing,199.75,1,0.0,239.7,239.7,124.58,115.12,Mobile Wallet,Returning,36.0,Male,3.6,4.0
ORD101738,2023-01-03,West,Store_09,Clothing,45.65,1,0.0,45.65,45.65,24.69,20.96,Bank Transfer,New,36.0,Other,5.0,3.0
ORD100236,2024-04-29,East,Store_09,Home & Living,497.51,2,0.0,995.02,995.02,522.76,472.26,Cash,New,31.0,Female,4.9,4.0
ORD103163,2023-08-18,North,Store_03,Electronics,143.39,1,0.0,143.39,143.39,65.95,77.44,Debit Card,VIP,47.0,Female,4.8,5.0
ORD100499,2023-11-07,South,Store_01,Beauty,86.3,1,0.0,138.08,138.08,66.73,71.35,Credit Card,New,36.0,Male,3.0,6.0
ORD104918,2024-09-08,West,Store_19,Groceries,31.27,1,15.0,31.27,26.58,18.65,7.93,Bank Transfer,Returning,42.0,Male,4.3,0.0
ORD103625,2024-06-26,South,Store_16,Home & Living,396.25,1,0.0,475.5,475.5,226.54,248.96,Mobile Wallet,New,47.0,Female,4.8,0.0
ORD103127,2024-10-25,West,Store_09,Electronics,449.26,1,,449.26,426.8,261.96,164.84,Mobile Wallet,New,30.0,Male,4.2,6.0
ORD100794,2023-11-11,North,Store_19,Sports,132.48,1,0.0,211.97,211.97,142.31,69.66,Mobile Wallet,Returning,42.0,Female,5.0,2.0
ORD103358,2023-05-17,West,Store_05,Beauty,112.44,1,0.0,112.44,112.44,83.28,29.16,Bank Transfer,New,24.0,Male,4.7,7.0
ORD103291,2023-12-05,Central,Store_09,Home & Living,116.44,1,0.0,186.3,186.3,101.83,84.47,Credit Card,Returning,37.0,Female,4.8,0.0
ORD103972,2023-04-01,West,Store_02,Beauty,93.96,1,0.0,93.96,93.96,44.69,49.27,Credit Card,Returning,19.0,Female,3.6,1.0
ORD100990,2023-09-08,West,Store_20,Groceries,52.86,1,0.0,52.86,52.86,25.9,26.96,Mobile Wallet,Returning,47.0,Female,3.4,4.0
ORD104663,2023-10-03,Central,Store_20,Home & Living,402.96,1,0.0,402.96,402.96,214.13,188.83,Mobile Wallet,Returning,35.0,Female,2.2,2.0
ORD102435,2024-02-16,East,Store_11,Sports,244.45,2,0.0,488.9,4696.5336991185995,281.67,2141.275420373122,Bank Transfer,Returning,,Male,4.8,4.0
ORD103376,2024-01-04,South,Store_09,Electronics,103.98,1,0.0,103.98,103.98,75.54,28.44,Mobile Wallet,Returning,34.0,Male,3.5,7.0
ORD100390,2024-06-29,North,Store_16,Beauty,13.23,1,15.0,15.88,13.5,7.67,5.83,Mobile Wallet,Returning,21.0,Male,3.8,2.0
ORD104839,2024-11-10,North,Store_05,Clothing,135.03,1,5.0,216.05,205.25,132.97,72.28,Cash,New,37.0,Female,4.9,7.0
ORD102400,2023-01-05,North,Store_04,Sports,141.88,1,10.0,141.88,127.69,86.13,41.56,Credit Card,New,43.0,Female,5.0,2.0
ORD101217,2024-06-18,East,Store_05,Electronics,994.67,1,0.0,1193.6,1193.6,616.78,576.82,Bank Transfer,Returning,47.0,Female,3.3,1.0
ORD100235,2024-06-09,Central,Store_15,Clothing,99.94,1,0.0,119.93,119.93,65.94,53.99,Bank Transfer,New,40.0,Male,4.9,4.0
ORD100331,2023-09-28,West,Store_15,Groceries,49.07,1,0.0,49.07,49.07,29.86,19.21,Debit Card,VIP,31.0,Male,5.0,3.0
ORD104576,2023-03-02,West,Store_18,Groceries,49.98,1,0.0,49.98,49.98,33.4,16.58,Mobile Wallet,New,38.0,Male,,3.0
ORD103188,2023-02-13,North,Store_10,Beauty,37.56,1,0.0,37.56,37.56,22.57,14.99,Debit Card,Returning,33.0,Female,3.3,7.0
ORD100044,2023-02-19,East,Store_11,Electronics,860.89,2,0.0,1721.78,1721.78,1080.68,641.1,Bank Transfer,New,41.0,Male,3.2,3.0
ORD105680,2023-05-19,North,Store_15,Sports,177.51,3,0.0,532.53,532.53,371.75,160.78,Credit Card,New,42.0,Female,3.6,5.0
ORD104216,2023-12-23,Central,Store_07,Beauty,116.86,1,0.0,186.98,186.98,127.86,59.12,Mobile Wallet,Returning,44.0,,3.1,5.0
ORD103436,2023-08-03,North,Store_04,Groceries,29.79,1,5.0,29.79,28.3,18.17,10.13,Mobile Wallet,Returning,27.0,Male,5.0,3.0
ORD103072,2023-06-25,North,Store_16,Clothing,118.12,1,0.0,141.74,141.74,75.86,65.88,Debit Card,New,,Male,3.0,4.0
ORD103134,2024-06-02,North,Store_01,Clothing,154.1,4,0.0,739.68,739.68,462.19,277.49,Bank Transfer,Returning,20.0,Female,2.8,2.0
ORD105368,2024-04-30,South,Store_10,Electronics,972.39,1,5.0,972.39,923.77,541.56,382.21,Mobile Wallet,VIP,33.0,Male,3.9,6.0
ORD104045,2023-01-11,South,Store_05,Groceries,10.41,1,0.0,10.41,10.41,7.16,3.25,Cash,VIP,40.0,Other,4.6,9.0
ORD105022,2024-05-13,South,Store_19,Home & Living,281.97,3,0.0,845.91,845.91,457.09,388.82,Mobile Wallet,VIP,51.0,Male,3.7,2.0
ORD101594,2024-05-27,Central,Store_20,Groceries,4.38,1,0.0,4.38,4.38,3.25,1.13,Mobile Wallet,New,36.0,Female,3.7,3.0
ORD100223,2023-05-28,North,Store_17,Beauty,113.67,1,0.0,113.67,113.67,81.87,31.8,Credit Card,Returning,20.0,Female,3.3,5.0
ORD104862,2024-10-13,West,Store_14,Beauty,103.66,1,0.0,103.66,103.66,60.31,43.35,Bank Transfer,VIP,49.0,Male,3.7,6.0
ORD104709,2023-11-08,South,Store_11,Home & Living,393.54,1,15.0,629.66,535.21,270.82,264.39,Bank Transfer,New,29.0,Female,5.0,2.0
ORD102891,2024-02-20,South,Store_01,Electronics,217.47,2,0.0,434.94,434.94,299.91,135.03,Credit Card,New,21.0,Other,3.5,3.0
ORD101245,2024-12-20,North,Store_11,Electronics,162.11,1,5.0,259.38,246.41,148.66,97.75,Credit Card,New,51.0,Male,4.2,0.0
ORD101540,2023-12-14,South,Store_15,Sports,146.49,1,0.0,234.38,234.38,119.34,115.04,Credit Card,Returning,28.0,Female,3.2,0.0
ORD103537,2023-04-07,North,Store_10,Home & Living,268.28,1,0.0,268.28,268.28,178.37,89.91,Bank Transfer,Returning,51.0,Male,2.2,2.0
ORD104148,2024-09-21,North,Store_08,Clothing,124.07,2,5.0,248.14,235.73,174.78,60.95,Credit Card,New,55.0,Male,,0.0
ORD104625,2023-10-08,South,Store_07,Home & Living,274.83,1,,274.83,247.35,151.85,95.5,Cash,Returning,31.0,Female,4.5,2.0
ORD102533,2023-05-05,North,Store_12,Groceries,9.92,1,0.0,9.92,9.92,7.13,2.79,Mobile Wallet,New,42.0,Male,4.8,1.0
ORD105970,2024-06-28,West,Store_19,Clothing,59.15,1,0.0,70.98,70.98,47.3,23.68,Mobile Wallet,New,77.0,Female,3.0,4.0
ORD100818,2024-04-30,East,Store_18,Groceries,15.72,3,0.0,47.16,47.16,31.24,15.92,Cash,New,23.0,Female,3.9,0.0
ORD103458,2024-09-06,Central,Store_05,Sports,185.47,2,25.0,370.94,278.21,143.89,134.32,Cash,Returning,41.0,Male,5.0,7.0
ORD100155,2024-04-28,East,Store_16,Clothing,108.67,1,0.0,108.67,108.67,71.08,37.59,Mobile Wallet,New,40.0,Female,5.0,4.0
ORD105916,2023-08-26,North,Store_18,Groceries,7.96,3,15.0,23.88,20.3,13.73,6.57,Credit Card,Returning,41.0,Male,3.7,0.0
ORD100248,2024-07-28,North,Store_12,Beauty,87.93,1,0.0,105.52,105.52,73.31,32.21,Cash,New,53.0,Male,5.0,1.0
ORD104857,2024-04-06,South,Store_14,Sports,291.68,1,10.0,291.68,262.51,122.77,139.74,Debit Card,New,48.0,Male,4.1,1.0
ORD103927,2023-04-23,West,Store_09,Electronics,485.36,1,0.0,485.36,485.36,333.16,152.2,Bank Transfer,New,21.0,Female,3.7,2.0
ORD104014,2023-07-26,Central,Store_10,Clothing,99.62,1,0.0,119.54,119.54,87.07,32.47,Mobile Wallet,New,16.0,Male,4.2,5.0
ORD102636,2023-09-02,North,Store_03,Groceries,44.03,1,0.0,44.03,44.03,21.03,23.0,Credit Card,VIP,25.0,Female,2.1,7.0
ORD105226,2023-08-16,Central,Store_03,Home & Living,365.2,2,5.0,730.4,693.88,498.36,195.52,Debit Card,New,,Male,3.6,7.0
ORD104638,2024-03-25,South,Store_15,Beauty,72.4,1,15.0,72.4,61.54,28.47,33.07,Cash,Returning,30.0,Male,3.1,4.0
ORD100793,2024-08-25,West,Store_17,Clothing,72.56,1,0.0,72.56,72.56,43.63,28.93,Debit Card,Returning,42.0,Female,4.1,8.0
ORD101725,2024-07-25,East,Store_11,Beauty,20.84,1,0.0,25.01,25.01,11.53,13.48,Debit Card,Returning,50.0,Male,4.5,3.0
ORD103189,2024-08-31,West,Store_01,Electronics,905.4,4,0.0,3621.6,3621.6,1991.53,1630.07,Mobile Wallet,Returning,41.0,Female,,8.0
ORD102649,2023-08-30,South,Store_09,Groceries,49.19,4,,196.76,196.76,141.03,55.73,Bank Transfer,Returning,20.0,Female,5.0,4.0
ORD100628,2024-01-04,Central,Store_08,Beauty,70.98,1,0.0,70.98,70.98,33.45,37.53,Mobile Wallet,Returning,,Male,2.0,3.0
ORD105748,2024-11-04,South,Store_05,Electronics,621.32,1,10.0,994.11,894.7,597.8,296.9,Credit Card,Returning,52.0,Male,3.2,4.0
ORD102339,2023-03-09,South,Store_12,Groceries,14.5,5,0.0,72.5,72.5,40.45,32.05,Debit Card,Returning,41.0,Female,4.3,8.0
ORD105890,2024-06-27,South,Store_18,Groceries,37.68,1,0.0,45.22,45.22,31.14,14.08,Debit Card,New,41.0,Male,4.2,5.0
ORD105463,2023-08-07,East,Store_12,Electronics,760.85,1,10.0,760.85,684.76,388.07,296.69,Credit Card,New,23.0,Female,2.5,5.0
ORD101620,2023-07-13,North,Store_09,Electronics,455.47,2,5.0,1093.13,1038.47,603.58,434.89,Bank Transfer,VIP,51.0,Female,4.0,1.0
ORD101451,2023-01-30,East,Store_06,Clothing,66.28,1,0.0,66.28,66.28,38.73,27.55,Credit Card,New,48.0,Male,4.0,6.0
ORD102902,2024-09-22,Central,Store_06,Clothing,95.36,2,5.0,190.72,181.18,107.22,73.96,Credit Card,New,37.0,Other,5.0,3.0
ORD105167,2023-05-23,East,Store_14,Groceries,53.12,1,0.0,53.12,53.12,25.01,28.11,Credit Card,New,46.0,Female,3.1,4.0
ORD104650,2023-10-18,West,Store_20,Home & Living,195.16,1,5.0,195.16,185.4,124.02,61.38,Bank Transfer,New,43.0,Male,5.0,3.0
ORD101828,2024-03-24,East,Store_09,Clothing,158.68,2,10.0,317.36,285.62,141.81,143.81,Credit Card,Returning,59.0,Male,2.5,3.0
ORD100826,2024-05-11,North,Store_04,Home & Living,457.02,1,5.0,457.02,434.17,223.79,210.38,Bank Transfer,Returning,17.0,Female,4.7,3.0
ORD101639,2023-07-19,West,Store_15,Beauty,35.1,1,20.0,42.12,33.7,24.11,9.59,Mobile Wallet,Returning,33.0,Female,3.4,4.0
ORD103864,2024-04-06,North,Store_11,Groceries,34.67,1,0.0,34.67,34.67,23.97,10.7,Mobile Wallet,New,16.0,Female,4.1,0.0
ORD102913,2023-06-14,East,Store_03,Home & Living,289.52,1,0.0,347.42,347.42,177.53,169.89,Bank Transfer,Returning,22.0,Male,3.3,2.0
ORD103791,2023-05-10,North,,Groceries,15.84,1,0.0,15.84,15.84,11.35,4.49,Cash,Returning,34.0,Other,3.9,2.0
ORD102939,2023-05-04,North,Store_08,Electronics,292.99,4,25.0,1171.96,878.97,593.7,285.27,Mobile Wallet,New,55.0,Other,5.0,2.0
ORD103420,2024-01-13,South,Store_03,Groceries,2.05,1,0.0,2.05,2.05,0.99,1.06,Cash,VIP,33.0,Other,5.0,6.0
ORD103996,2023-01-19,North,Store_02,Groceries,37.51,3,0.0,112.53,112.53,62.55,49.98,Bank Transfer,New,39.0,Female,4.7,
ORD103767,2024-06-30,Central,Store_15,Sports,159.07,1,5.0,190.88,181.34,127.05,54.29,Mobile Wallet,New,16.0,Female,4.8,5.0
ORD100535,2023-04-23,South,Store_20,Home & Living,62.05,1,0.0,62.05,62.05,34.71,27.34,Mobile Wallet,VIP,28.0,Male,4.5,4.0
ORD102663,2023-12-29,West,Store_10,Groceries,3.18,2,0.0,10.18,10.18,5.54,4.64,Bank Transfer,New,41.0,Female,2.9,4.0
ORD100154,2023-11-14,East,Store_07,Beauty,44.36,2,5.0,141.95,134.85,65.35,69.5,Cash,New,24.0,Female,2.4,5.0
ORD103241,2023-06-01,South,Store_02,Home & Living,361.1,1,10.0,433.32,389.99,223.19,166.8,Mobile Wallet,Returning,36.0,Female,5.0,5.0
ORD103149,2023-03-21,West,Store_19,Electronics,1047.81,4,0.0,4191.24,4191.24,2921.95,1269.29,Debit Card,Returning,48.0,Male,4.0,2.0
ORD102952,2024-11-14,West,Store_11,Electronics,885.52,2,10.0,2833.66,2550.29,1196.13,1354.16,Credit Card,New,16.0,Female,3.3,2.0
ORD101311,2023-09-12,Central,Store_05,Clothing,140.33,1,0.0,140.33,140.33,68.32,72.01,Bank Transfer,New,30.0,Male,4.6,5.0
ORD100322,2024-03-24,South,Store_02,Electronics,1115.23,1,5.0,1115.23,1059.47,777.91,281.56,Cash,VIP,49.0,Female,3.9,3.0
ORD104110,2023-01-03,Central,Store_12,Electronics,409.99,1,0.0,409.99,409.99,289.2,120.79,Debit Card,VIP,41.0,Male,5.0,3.0
ORD103330,2024-03-24,West,Store_14,Clothing,150.85,1,0.0,150.85,150.85,99.81,51.04,Mobile Wallet,New,16.0,Female,4.1,5.0
ORD103985,2023-09-06,South,Store_17,Electronics,797.12,1,10.0,797.12,717.41,365.94,351.47,Credit Card,VIP,51.0,Male,1.7,6.0
ORD101798,2023-12-16,South,Store_09,Electronics,329.64,1,0.0,527.42,527.42,275.25,252.17,Bank Transfer,VIP,28.0,Male,5.0,2.0
ORD100082,2023-04-28,South,Store_15,Sports,294.09,1,0.0,294.09,294.09,160.89,133.2,Debit Card,New,18.0,Female,3.8,0.0
ORD102560,2024-02-26,West,Store_02,Clothing,40.56,1,5.0,40.56,38.53,27.58,10.95,Mobile Wallet,Returning,27.0,Male,5.0,4.0
ORD101943,2023-01-22,West,Store_09,Electronics,816.67,1,20.0,816.67,653.34,342.86,310.48,Mobile Wallet,Returning,69.0,Female,3.4,4.0
ORD101988,2023-06-03,West,Store_12,Electronics,546.28,2,5.0,1311.07,1245.52,681.74,563.78,Cash,VIP,16.0,Female,3.6,6.0
ORD103536,2023-01-22,North,Store_04,Groceries,29.73,1,0.0,29.73,29.73,20.43,9.3,Cash,Returning,26.0,Male,3.8,6.0
ORD105479,2024-02-24,North,Store_15,Sports,175.46,1,0.0,175.46,175.46,92.41,83.05,Bank Transfer,Returning,36.0,Male,4.6,1.0
ORD101574,2023-04-19,West,Store_15,Electronics,322.16,2,0.0,644.32,644.32,295.09,349.23,Credit Card,Returning,52.0,Male,3.6,5.0
ORD102977,2024-10-16,East,Store_07,Groceries,7.69,3,20.0,23.07,18.46,9.73,8.73,Debit Card,New,27.0,Female,,0.0
ORD102723,2023-10-03,Central,Store_03,Groceries,2.52,1,20.0,2.52,2.02,1.36,0.66,Mobile Wallet,New,34.0,Female,4.9,1.0
ORD103405,2023-09-14,West,Store_02,Groceries,43.46,1,0.0,43.46,43.46,29.9,13.56,Credit Card,Returning,35.0,Female,4.6,3.0
ORD102058,2023-10-15,South,Store_13,Electronics,824.89,1,0.0,824.89,824.89,473.04,351.85,Mobile Wallet,Returning,26.0,Male,4.5,4.0
ORD101762,2023-01-08,West,Store_08,Electronics,678.77,1,0.0,678.77,678.77,368.39,310.38,Credit Card,Returning,42.0,Female,4.5,3.0
ORD101494,2023-10-27,Central,Store_19,Beauty,94.35,1,0.0,94.35,94.35,66.76,27.59,Cash,Returning,32.0,Female,3.2,1.0
ORD104927,2024-03-08,South,Store_08,Electronics,812.5,2,0.0,1625.0,1625.0,1032.87,592.13,Cash,Returning,,Male,4.6,1.0
ORD102080,2024-08-26,West,Store_09,Home & Living,134.96,2,10.0,269.92,242.93,145.76,97.17,Mobile Wallet,Returning,37.0,Male,5.0,6.0
ORD101174,2023-01-07,East,Store_17,Home & Living,432.95,1,5.0,432.95,411.3,223.85,187.45,Debit Card,VIP,17.0,Male,5.0,4.0
ORD104509,2024-12-06,Central,Store_17,Sports,28.46,2,0.0,91.07,91.07,62.04,29.03,Bank Transfer,Returning,32.0,Male,4.3,3.0
ORD102628,2024-03-26,East,Store_19,Electronics,299.06,1,0.0,299.06,299.06,173.62,125.44,Mobile Wallet,Returning,23.0,Male,4.0,1.0
ORD104261,2023-05-28,Central,Store_10,Home & Living,88.81,1,25.0,88.81,66.61,36.2,30.41,Credit Card,Returning,34.0,Female,,5.0
ORD105615,2024-06-17,North,Store_06,Beauty,146.18,1,0.0,175.42,175.42,111.9,63.52,Bank Transfer,Returning,34.0,Female,5.0,4.0
ORD100614,2024-05-15,South,Store_11,Electronics,952.45,1,5.0,952.45,904.83,408.24,496.59,Bank Transfer,New,37.0,Female,3.7,9.0
ORD103093,2023-06-25,East,Store_20,Home & Living,454.75,2,10.0,1091.4,982.26,465.66,516.6,Debit Card,New,22.0,Female,3.9,6.0
ORD103450,2023-12-13,West,Store_04,Groceries,36.34,2,0.0,116.29,116.29,83.57,32.72,Credit Card,Returning,39.0,Female,,5.0
ORD101014,2024-01-15,West,Store_04,Clothing,32.83,2,0.0,65.66,65.66,46.62,19.04,Credit Card,New,65.0,Male,4.7,5.0
ORD103057,2023-04-18,West,Store_20,Electronics,854.92,1,15.0,854.92,726.68,443.27,283.41,Debit Card,Returning,34.0,Female,3.7,6.0
ORD105792,2023-10-14,East,Store_17,Home & Living,332.94,2,0.0,665.88,665.88,492.63,173.25,Credit Card,VIP,29.0,Female,4.1,4.0
ORD105333,2024-10-15,North,Store_05,Clothing,47.57,1,5.0,47.57,45.19,28.98,16.21,Debit Card,New,44.0,Female,4.2,7.0
ORD103905,2024-07-11,West,Store_14,Sports,283.69,1,5.0,340.43,323.41,186.95,136.46,Cash,Returning,46.0,Male,5.0,0.0
ORD102181,2023-06-25,East,Store_07,Electronics,188.93,1,15.0,226.72,192.71,108.7,84.01,Debit Card,New,44.0,Male,4.5,2.0
ORD103418,2023-03-13,North,Store_02,Clothing,41.81,1,0.0,41.81,41.81,24.81,17.0,Mobile Wallet,Returning,27.0,,3.8,4.0
ORD104651,2024-12-20,West,Store_19,Beauty,43.39,1,25.0,69.42,52.06,35.93,16.13,Debit Card,Returning,62.0,Female,2.7,3.0
ORD103100,2023-09-24,Central,Store_07,Electronics,385.21,2,0.0,770.42,770.42,365.45,404.97,Cash,Returning,16.0,Female,3.2,0.0
ORD101211,2024-07-24,North,Store_08,Sports,239.58,1,10.0,287.5,258.75,130.34,128.41,Bank Transfer,VIP,43.0,Female,5.0,5.0
ORD105829,2023-11-30,East,Store_10,Groceries,35.14,2,15.0,112.45,95.58,52.63,42.95,Bank Transfer,Returning,20.0,Male,4.9,5.0
ORD100634,2023-05-14,Central,Store_04,Groceries,3.75,1,0.0,3.75,3.75,1.91,1.84,Cash,Returning,24.0,Female,3.3,4.0
ORD101055,2024-12-27,West,Store_03,Home & Living,310.66,1,0.0,497.06,497.06,303.04,194.02,Cash,Returning,45.0,Male,,3.0
ORD102340,2023-11-06,South,Store_13,Groceries,38.04,2,0.0,121.73,121.73,72.58,49.15,Cash,Returning,16.0,Male,5.0,2.0
ORD100796,2024-12-07,South,Store_03,Home & Living,392.36,2,0.0,1255.55,1255.55,918.95,336.6,Mobile Wallet,New,20.0,Female,4.2,3.0
ORD105187,2023-04-01,East,Store_04,Beauty,34.92,2,5.0,69.84,66.35,45.8,20.55,Mobile Wallet,VIP,49.0,Female,4.1,0.0
ORD104270,2024-08-06,North,Store_14,Home & Living,435.72,2,0.0,871.44,871.44,614.9,256.54,Cash,New,30.0,Female,4.2,5.0
ORD102814,2023-05-26,North,Store_12,Groceries,42.68,1,,42.68,36.28,24.42,11.86,Debit Card,New,66.0,Female,2.6,4.0
ORD104341,2023-11-01,West,Store_11,Groceries,13.14,1,0.0,21.02,21.02,13.53,7.49,Bank Transfer,Returning,31.0,Female,3.7,5.0
ORD101080,2024-11-02,West,Store_12,Clothing,98.28,1,15.0,157.25,133.66,91.13,42.53,Cash,VIP,49.0,Female,3.4,5.0
ORD101654,2023-04-25,West,Store_14,Beauty,134.91,1,0.0,134.91,134.91,76.73,58.18,Credit Card,Returning,18.0,Male,3.8,4.0
ORD101607,2024-03-09,East,Store_02,Home & Living,437.14,1,0.0,437.14,437.14,210.55,226.59,Mobile Wallet,VIP,49.0,Female,3.3,3.0
ORD100144,2024-12-25,North,Store_19,Groceries,47.19,1,0.0,75.5,75.5,34.8,40.7,Credit Card,Returning,24.0,Male,2.4,0.0
ORD104241,2023-07-19,South,Store_04,Electronics,108.8,2,0.0,261.12,261.12,153.29,107.83,Credit Card,New,34.0,Male,2.6,3.0
ORD100090,2023-11-14,North,Store_04,Sports,166.39,1,0.0,266.22,266.22,134.03,132.19,Debit Card,New,51.0,Female,3.8,2.0
ORD100682,2024-12-01,North,Store_14,Groceries,15.74,1,0.0,25.18,25.18,15.32,9.86,Cash,New,25.0,Male,4.6,7.0
ORD104406,2023-07-08,East,Store_16,Clothing,116.98,1,15.0,140.38,119.32,61.49,57.83,Cash,Returning,34.0,Female,4.3,4.0
ORD103431,2024-07-16,Central,Store_20,Electronics,413.45,1,0.0,496.14,496.14,348.29,147.85,Mobile Wallet,New,16.0,Male,4.3,3.0
ORD100093,2023-10-10,Central,Store_13,Home & Living,445.21,1,25.0,445.21,333.91,165.54,168.37,Mobile Wallet,Returning,45.0,Male,4.5,2.0
ORD100834,2024-09-15,West,Store_12,Groceries,18.34,1,0.0,18.34,18.34,12.26,6.08,Debit Card,Returning,49.0,Female,,8.0
ORD105020,2024-10-04,East,Store_01,Beauty,80.86,2,5.0,161.72,153.63,90.35,63.28,Credit Card,Returning,27.0,Male,3.6,6.0
ORD105789,2024-12-21,South,Store_18,Clothing,147.44,2,0.0,471.81,471.81,276.96,194.85,Cash,New,29.0,Female,2.4,3.0
ORD105131,2023-10-17,Central,Store_09,Groceries,41.8,2,5.0,83.6,79.42,45.08,34.34,Cash,VIP,53.0,Female,4.7,7.0
ORD101400,2024-09-15,North,Store_05,Electronics,1118.53,1,20.0,1118.53,894.82,422.45,472.37,Mobile Wallet,Returning,20.0,Female,5.0,5.0
ORD103979,2023-04-20,North,Store_17,Beauty,8.76,1,0.0,8.76,8.76,4.51,4.25,Cash,VIP,16.0,Female,3.2,5.0
ORD102291,2023-08-23,North,Store_16,Home & Living,115.58,1,,115.58,115.58,72.22,43.36,Debit Card,Returning,40.0,Female,3.3,4.0
ORD101500,2024-01-22,South,Store_10,Sports,254.66,2,0.0,509.32,509.32,294.73,214.59,Mobile Wallet,Returning,32.0,Female,3.4,5.0
ORD102262,2023-01-24,Central,Store_17,Clothing,11.18,3,0.0,33.54,33.54,18.3,15.24,Credit Card,New,50.0,Male,2.9,4.0
ORD101468,2024-07-21,North,Store_08,Home & Living,229.67,2,0.0,551.21,551.21,328.13,223.08,Bank Transfer,New,61.0,Male,4.5,4.0
ORD103928,2024-04-28,North,Store_20,Home & Living,444.89,2,15.0,889.78,756.31,357.41,398.9,Mobile Wallet,New,42.0,Male,2.8,6.0
ORD103245,2024-08-14,North,Store_20,Electronics,880.13,1,0.0,880.13,880.13,505.25,374.88,Bank Transfer,New,35.0,Male,3.9,4.0
ORD100998,2024-12-03,East,Store_17,Beauty,131.1,2,10.0,419.52,377.57,269.54,108.03,Credit Card,Returning,51.0,Female,4.7,1.0
ORD100853,2023-06-24,North,Store_02,Home & Living,21.45,2,0.0,51.48,51.48,27.74,23.74,Credit Card,New,51.0,Female,4.6,4.0
ORD103875,2024-03-16,Central,Store_18,Beauty,30.71,1,0.0,30.71,30.71,15.0,15.71,Mobile Wallet,Returning,39.0,Female,3.7,4.0
ORD101142,2024-11-10,East,Store_20,Clothing,91.86,1,5.0,146.98,139.63,86.8,52.83,Cash,Returning,16.0,Male,5.0,5.0
ORD105239,2024-10-20,North,Store_03,Home & Living,369.03,3,20.0,1107.09,885.67,453.89,431.78,Cash,VIP,,Female,5.0,3.0
ORD102274,2023-05-10,West,Store_15,Groceries,45.83,2,0.0,91.66,91.66,52.52,39.14,Debit Card,New,16.0,Male,2.1,4.0
ORD104497,2023-10-11,Central,Store_18,Groceries,33.03,2,0.0,66.06,66.06,32.43,33.63,Mobile Wallet,Returning,32.0,Male,3.9,1.0
ORD101103,2023-04-20,East,Store_06,Clothing,36.82,1,0.0,36.82,36.82,23.59,13.23,Bank Transfer,Returning,35.0,Female,5.0,3.0
ORD100084,2024-04-04,North,Store_09,Electronics,699.92,1,0.0,699.92,699.92,410.04,289.88,Debit Card,VIP,48.0,Female,2.7,1.0
ORD102210,2024-05-25,East,Store_07,Beauty,83.63,2,0.0,167.26,167.26,89.6,77.66,Credit Card,Returning,40.0,Female,4.1,2.0
ORD104210,2023-04-21,South,Store_13,Sports,294.17,1,0.0,294.17,294.17,181.93,112.24,Cash,Returning,34.0,Female,4.2,7.0
ORD105649,2024-12-16,South,Store_03,Clothing,53.12,1,15.0,84.99,72.24,47.98,24.26,Bank Transfer,Returning,16.0,Female,2.9,7.0
ORD103440,2024-11-23,North,Store_10,Electronics,543.3,1,10.0,869.28,782.35,567.17,215.18,Credit Card,Returning,42.0,Other,2.2,3.0
ORD101567,2024-03-16,East,Store_10,Home & Living,134.38,1,10.0,134.38,120.94,55.77,65.17,Cash,Returning,35.0,Female,4.2,3.0
ORD105597,2024-05-11,North,Store_12,Beauty,13.32,2,0.0,26.64,26.64,14.26,12.38,Mobile Wallet,VIP,38.0,Male,3.9,0.0
ORD101660,2024-03-28,East,Store_01,Groceries,9.41,2,0.0,18.82,18.82,11.75,7.07,Cash,New,52.0,Male,3.8,0.0
ORD101556,2024-10-16,East,Store_20,Groceries,34.09,2,,68.18,61.36,30.48,30.88,Cash,New,16.0,Female,4.7,8.0
ORD104721,2024-08-29,Central,Store_16,Groceries,20.58,1,0.0,20.58,20.58,10.02,10.56,Cash,Returning,42.0,Male,3.1,5.0
ORD103764,2023-10-29,North,Store_09,Sports,77.42,2,0.0,154.84,154.84,99.58,55.26,Debit Card,New,22.0,Male,3.7,4.0
ORD103584,2024-07-03,North,Store_06,Beauty,146.95,1,0.0,176.34,176.34,123.67,52.67,Debit Card,Returning,42.0,Female,4.1,5.0
ORD101885,2023-05-12,West,Store_15,Groceries,59.37,1,5.0,59.37,56.4,38.92,17.48,Bank Transfer,New,63.0,Female,2.7,
ORD103144,2024-07-11,South,Store_16,Groceries,55.01,1,20.0,66.01,52.81,29.58,23.23,Mobile Wallet,Returning,62.0,Male,2.5,7.0
ORD101866,2023-03-23,South,Store_05,Groceries,52.17,1,10.0,52.17,46.95,24.85,22.1,Mobile Wallet,New,50.0,Female,2.6,3.0
ORD105048,2023-08-02,Central,Store_16,Groceries,23.39,1,20.0,23.39,18.71,12.97,5.74,Debit Card,New,41.0,Female,3.3,
ORD104720,2024-02-22,North,Store_20,Beauty,9.61,1,10.0,9.61,8.65,3.96,4.69,Debit Card,Returning,27.0,Male,5.0,4.0
ORD102874,2023-10-07,West,Store_13,Groceries,28.8,4,5.0,115.2,109.44,49.45,59.99,Bank Transfer,New,41.0,Male,1.9,4.0
ORD104330,2023-05-16,West,Store_02,Sports,165.11,2,5.0,330.22,313.71,180.69,133.02,Credit Card,Returning,16.0,Female,2.6,0.0
ORD103588,2024-04-19,Central,Store_02,Groceries,31.92,1,0.0,31.92,31.92,17.73,14.19,Mobile Wallet,New,42.0,Female,3.2,2.0
ORD103267,2024-05-18,East,Store_09,Clothing,17.3,1,15.0,17.3,14.7,9.25,5.45,Bank Transfer,VIP,36.0,Male,2.7,6.0
ORD102884,2023-09-17,Central,Store_02,Groceries,9.97,1,0.0,9.97,9.97,5.63,4.34,Mobile Wallet,Returning,40.0,Female,,2.0
ORD102890,2023-04-19,North,Store_20,Electronics,1170.06,2,0.0,2340.12,2340.12,1310.17,1029.95,Bank Transfer,Returning,47.0,Male,3.2,5.0
ORD103007,2023-11-07,South,Store_19,Sports,287.71,1,15.0,460.34,391.29,279.85,111.44,Credit Card,New,21.0,Male,3.9,3.0
ORD101826,2023-03-18,South,,Electronics,218.95,2,25.0,437.9,328.43,152.91,175.52,Credit Card,VIP,41.0,Male,5.0,4.0
ORD103923,2023-11-01,South,Store_18,Clothing,137.26,1,0.0,219.62,219.62,112.44,107.18,Credit Card,VIP,20.0,Female,2.8,2.0
ORD102640,2023-06-24,West,Store_06,Clothing,84.56,1,0.0,101.47,101.47,59.35,42.12,Mobile Wallet,Returning,42.0,Male,3.7,3.0
ORD105410,2023-01-16,North,Store_15,Beauty,103.29,1,15.0,103.29,87.8,55.21,32.59,Credit Card,New,35.0,Female,3.8,6.0
ORD101525,2023-02-04,South,Store_06,Electronics,978.5,4,0.0,3914.0,3914.0,2620.34,1293.66,Bank Transfer,Returning,16.0,Male,3.0,0.0
ORD101562,2023-07-01,West,Store_20,Groceries,47.82,1,15.0,57.38,48.77,31.99,16.78,Debit Card,Returning,33.0,Female,,5.0
ORD100343,2024-01-11,East,Store_08,Sports,177.78,2,5.0,355.56,337.78,238.72,99.06,Cash,Returning,58.0,Female,3.5,3.0
ORD102542,2024-11-29,Central,Store_04,Home & Living,112.0,1,0.0,179.2,179.2,122.51,56.69,Cash,VIP,51.0,Female,3.1,0.0
ORD103385,2023-06-30,Central,Store_14,Electronics,959.77,4,15.0,4606.9,3915.87,2309.05,1606.82,Mobile Wallet,New,30.0,Female,5.0,6.0
ORD102412,2024-11-10,North,Store_14,Beauty,147.61,2,20.0,472.35,377.88,242.81,135.07,Debit Card,New,16.0,Male,4.2,5.0
ORD102707,2023-08-10,East,Store_01,Groceries,37.01,1,0.0,37.01,37.01,24.22,12.79,Debit Card,Returning,31.0,Male,4.2,2.0
ORD105092,2023-02-04,North,Store_19,Clothing,26.1,1,0.0,26.1,26.1,16.34,9.76,Bank Transfer,VIP,24.0,Male,4.6,4.0
ORD101110,2024-04-06,West,Store_10,Groceries,46.28,1,0.0,46.28,46.28,31.38,14.9,Cash,Returning,31.0,Male,4.9,4.0
ORD103442,2023-11-29,South,Store_13,Beauty,115.17,1,0.0,184.27,184.27,103.0,81.27,Mobile Wallet,New,28.0,Female,3.9,3.0
ORD102213,2023-03-26,South,Store_12,Groceries,25.12,1,0.0,25.12,25.12,15.01,10.11,Debit Card,VIP,41.0,Male,,4.0
ORD101359,2023-09-24,South,Store_14,Beauty,122.79,3,20.0,368.37,294.7,176.1,118.6,Bank Transfer,New,33.0,Female,4.5,4.0
ORD102107,2023-04-12,East,Store_18,Groceries,50.78,3,0.0,152.34,152.34,102.7,49.64,Debit Card,New,43.0,Male,4.3,5.0
ORD104805,2024-07-03,East,Store_16,Electronics,843.24,1,5.0,1011.89,961.3,519.72,441.58,Debit Card,VIP,32.0,Male,,5.0
ORD101378,2024-01-03,South,Store_08,Groceries,18.32,1,15.0,18.32,15.57,9.37,6.2,Credit Card,Returning,26.0,Female,3.0,
ORD102828,2024-04-02,Central,Store_03,Electronics,76.36,1,0.0,76.36,76.36,55.63,20.73,Cash,VIP,16.0,Female,3.2,5.0
ORD100424,2023-11-01,North,Store_09,Groceries,39.69,3,10.0,190.51,171.46,119.56,51.9,Mobile Wallet,New,36.0,Male,4.5,5.0
ORD100292,2024-11-27,Central,Store_15,Groceries,11.95,1,0.0,19.12,19.12,11.5,7.62,Cash,New,29.0,Female,4.1,0.0
ORD101065,2023-10-11,North,Store_14,Clothing,28.34,1,0.0,28.34,28.34,16.11,12.23,Mobile Wallet,VIP,47.0,Female,5.0,0.0
ORD102377,2023-04-11,South,Store_03,Clothing,65.59,1,0.0,65.59,65.59,34.13,31.46,Debit Card,Returning,36.0,Female,,1.0
ORD105108,2023-08-26,West,Store_09,Groceries,45.1,5,0.0,225.5,225.5,168.66,56.84,Mobile Wallet,Returning,16.0,Male,5.0,5.0
ORD102127,2024-04-01,West,Store_07,Clothing,24.84,1,5.0,24.84,23.6,11.18,12.42,Debit Card,New,38.0,Male,,5.0
ORD101717,2023-10-04,Central,Store_20,Electronics,420.23,2,25.0,840.46,630.34,319.6,310.74,Cash,New,43.0,Male,3.1,6.0
ORD100937,2023-04-19,North,Store_09,Home & Living,433.68,1,0.0,433.68,433.68,277.89,155.79,Debit Card,Returning,16.0,Male,3.6,
ORD103779,2023-11-22,North,Store_08,Groceries,44.08,2,10.0,141.06,126.95,82.67,44.28,Bank Transfer,VIP,61.0,Female,5.0,5.0
ORD103964,2023-05-26,North,Store_09,Beauty,78.02,1,0.0,78.02,78.02,44.24,33.78,Debit Card,New,47.0,Male,3.7,3.0
ORD103990,2024-07-04,South,Store_18,Groceries,27.88,1,,33.46,33.46,20.46,13.0,Bank Transfer,Returning,42.0,Female,2.5,4.0
ORD104930,2023-01-11,East,Store_09,Groceries,51.43,1,5.0,51.43,48.86,25.66,23.2,Credit Card,New,27.0,Male,2.5,3.0
ORD100254,2024-04-27,North,,Beauty,75.57,1,0.0,75.57,75.57,37.1,38.47,Bank Transfer,Returning,49.0,Female,4.5,
ORD105825,2024-01-25,Central,Store_17,Home & Living,50.48,1,0.0,50.48,50.48,37.18,13.3,Mobile Wallet,Returning,,Male,3.6,2.0
ORD101482,2023-07-31,South,Store_14,Beauty,39.9,2,0.0,95.76,95.76,63.81,31.95,Bank Transfer,New,,Male,4.4,3.0
ORD100944,2023-04-05,West,Store_20,Beauty,50.32,1,0.0,50.32,50.32,33.17,17.15,Credit Card,Returning,26.0,Female,4.0,6.0
ORD105503,2024-06-12,East,Store_06,Clothing,103.31,2,10.0,247.94,223.15,113.54,109.61,Debit Card,New,37.0,Female,3.1,7.0
ORD103183,2023-02-12,South,Store_06,Clothing,49.92,3,10.0,149.76,134.78,92.46,42.32,Cash,VIP,44.0,Female,3.7,6.0
ORD103266,2024-06-23,South,Store_11,Beauty,119.61,1,5.0,143.53,136.35,92.28,44.07,Credit Card,New,30.0,Male,3.0,1.0
ORD104819,2024-11-11,South,Store_16,Sports,210.01,2,10.0,672.03,604.83,350.02,254.81,Credit Card,New,51.0,Female,5.0,2.0
ORD102907,2024-11-23,East,Store_16,Groceries,15.4,5,0.0,123.2,123.2,67.06,56.14,Debit Card,Returning,46.0,Female,4.1,4.0
ORD100969,2023-01-27,North,Store_04,Electronics,433.31,1,0.0,433.31,433.31,284.65,148.66,Mobile Wallet,New,47.0,Female,5.0,6.0
ORD100496,2023-03-28,West,Store_14,Beauty,40.68,1,0.0,40.68,40.68,18.41,22.27,Credit Card,Returning,55.0,Female,5.0,6.0
ORD105046,2024-07-17,West,Store_07,Beauty,63.82,1,0.0,76.58,76.58,42.9,33.68,Credit Card,New,30.0,Female,5.0,
ORD104901,2024-04-24,North,Store_06,Home & Living,218.05,1,5.0,218.05,207.15,132.51,74.64,Bank Transfer,Returning,26.0,Male,4.5,3.0
ORD101829,2024-12-18,North,Store_11,Home & Living,382.51,1,0.0,612.02,612.02,332.37,279.65,Debit Card,Returning,45.0,Female,4.1,6.0
ORD102177,2023-12-17,Central,Store_19,Groceries,6.29,3,0.0,30.19,30.19,22.43,7.76,Bank Transfer,New,44.0,Male,4.8,3.0
ORD100337,2023-08-20,North,Store_20,Beauty,126.64,2,0.0,253.28,253.28,162.04,91.24,Debit Card,Returning,38.0,Female,5.0,5.0
ORD104826,2023-05-24,East,Store_01,Groceries,58.73,2,10.0,117.46,105.71,63.86,41.85,Debit Card,Returning,23.0,Other,3.1,3.0
ORD104704,2024-06-20,Central,Store_01,Home & Living,390.51,4,0.0,1874.45,1874.45,1143.06,731.39,Cash,VIP,40.0,Female,5.0,4.0
ORD101148,2024-05-18,Central,Store_10,Groceries,24.76,1,0.0,24.76,24.76,15.92,8.84,Mobile Wallet,New,,Female,4.5,6.0
ORD102243,2023-03-23,South,Store_05,Electronics,244.05,1,0.0,244.05,244.05,149.1,94.95,Cash,VIP,,Male,4.5,4.0
ORD102003,2023-12-01,East,Store_11,Home & Living,107.89,1,15.0,172.62,146.73,86.79,59.94,Mobile Wallet,New,48.0,Male,3.4,1.0
ORD105005,2024-11-24,East,Store_08,Groceries,39.31,1,0.0,62.9,62.9,30.38,32.52,Cash,New,34.0,Female,5.0,2.0
ORD103968,2024-03-06,South,Store_11,Home & Living,133.52,1,0.0,133.52,133.52,87.07,46.45,Credit Card,Returning,52.0,Female,5.0,3.0
ORD102151,2023-08-24,West,Store_20,Groceries,15.55,1,10.0,15.55,13.99,8.41,5.58,Credit Card,New,31.0,Female,5.0,4.0
ORD102010,2023-12-29,South,Store_14,Electronics,299.42,1,5.0,479.07,455.12,233.43,221.69,Cash,Returning,47.0,Female,3.4,5.0
ORD102491,2023-07-13,North,Store_05,Clothing,53.43,2,0.0,128.23,128.23,89.72,38.51,Bank Transfer,VIP,36.0,Female,3.8,6.0
ORD105932,2023-09-05,North,Store_10,Home & Living,259.75,3,5.0,779.25,740.29,533.22,207.07,Bank Transfer,VIP,23.0,Male,3.4,2.0
ORD101810,2023-06-28,Central,Store_15,Groceries,11.03,1,,13.24,13.24,6.86,6.38,Bank Transfer,New,26.0,Male,,5.0
ORD101994,2024-07-04,Central,Store_14,Groceries,39.55,3,0.0,142.38,142.38,64.78,77.6,Debit Card,Returning,16.0,Female,4.8,0.0
ORD104815,2023-08-06,East,Store_14,Groceries,17.72,1,0.0,17.72,17.72,12.97,4.75,Debit Card,VIP,25.0,Female,4.6,1.0
ORD102932,2023-04-29,East,Store_08,Groceries,6.89,1,5.0,6.89,6.55,4.18,2.37,Credit Card,New,45.0,Male,5.0,3.0
ORD102824,2024-03-27,East,Store_06,Electronics,814.41,1,0.0,814.41,814.41,405.53,408.88,Cash,VIP,44.0,Female,4.6,3.0
ORD105665,2023-12-04,North,Store_13,Home & Living,277.98,2,15.0,889.54,756.11,380.71,375.4,Cash,New,41.0,Female,4.9,
ORD102897,2024-04-01,East,Store_11,Groceries,13.37,1,0.0,13.37,13.37,9.93,3.44,Cash,Returning,,Male,3.8,7.0
ORD102275,2023-11-07,West,Store_01,Sports,168.54,1,10.0,269.66,242.69,151.95,90.74,Debit Card,New,46.0,Male,4.1,3.0
ORD100434,2023-11-13,South,Store_01,Groceries,10.03,2,10.0,32.1,28.89,18.96,9.93,Credit Card,VIP,55.0,Female,3.6,
ORD105395,2023-01-24,North,Store_20,Beauty,144.71,2,10.0,289.42,260.48,119.73,140.75,Cash,VIP,29.0,Male,4.2,2.0
ORD104501,2024-01-25,South,Store_20,Groceries,35.72,1,0.0,35.72,35.72,24.89,10.83,Bank Transfer,Returning,29.0,Female,4.5,2.0
ORD102823,2024-12-13,West,Store_07,Beauty,8.06,1,20.0,12.9,10.32,7.61,2.71,Debit Card,New,28.0,,4.1,3.0
ORD104917,2023-07-19,East,Store_08,Beauty,108.7,1,0.0,130.44,130.44,86.24,44.2,Cash,New,50.0,Female,3.0,3.0
ORD103755,2023-08-23,East,Store_15,Home & Living,197.98,1,0.0,197.98,197.98,147.89,50.09,Cash,New,49.0,Female,4.0,2.0
ORD102504,2023-02-07,South,Store_02,Groceries,37.4,1,0.0,37.4,37.4,27.7,9.7,Cash,Returning,33.0,Female,5.0,4.0
ORD103211,2023-07-21,South,Store_11,Sports,204.44,1,5.0,245.33,233.06,138.71,94.35,Bank Transfer,Returning,32.0,Female,,0.0
ORD105653,2023-12-06,North,Store_15,Electronics,371.4,2,10.0,1188.48,1069.63,520.76,548.87,Mobile Wallet,Returning,43.0,Female,3.1,4.0
ORD104641,2023-01-24,East,Store_16,Home & Living,258.25,1,5.0,258.25,245.34,116.42,128.92,Debit Card,VIP,45.0,Female,3.6,2.0
ORD104308,2024-08-09,East,,Home & Living,430.67,1,0.0,430.67,430.67,211.4,219.27,Mobile Wallet,VIP,54.0,Male,3.5,3.0
ORD104992,2024-12-24,North,Store_17,Sports,87.27,1,0.0,139.63,139.63,84.76,54.87,Debit Card,VIP,37.0,Other,5.0,3.0
ORD103540,2024-06-20,North,Store_19,Clothing,50.87,1,0.0,61.04,61.04,42.25,18.79,Mobile Wallet,VIP,16.0,Male,3.6,2.0
ORD103270,2023-05-01,West,Store_11,Beauty,83.62,2,0.0,167.24,167.24,122.27,44.97,Mobile Wallet,New,33.0,Male,3.2,5.0
ORD101941,2023-07-04,South,Store_05,Groceries,15.85,4,5.0,76.08,72.28,42.84,29.44,Credit Card,Returning,21.0,Male,3.4,5.0
ORD101891,2023-06-29,Central,Store_02,HOME & LIVING,409.5,1,15.0,491.4,417.69,225.9,191.79,Credit Card,New,23.0,Female,4.6,7.0
ORD105012,2024-03-13,North,Store_10,Beauty,109.79,2,0.0,219.58,219.58,127.68,91.9,Bank Transfer,New,,Female,3.0,3.0
ORD103599,2024-03-29,North,Store_18,Home & Living,323.96,1,0.0,323.96,323.96,171.99,151.97,Cash,Returning,40.0,Other,5.0,3.0
ORD105385,2024-10-01,South,Store_14,Electronics,753.86,2,0.0,1507.72,1507.72,1058.17,449.55,Debit Card,New,27.0,Male,4.0,1.0
ORD104910,2024-11-22,West,Store_10,Clothing,146.44,1,0.0,234.3,234.3,153.71,80.59,Credit Card,Returning,19.0,Male,,4.0
ORD101265,2023-01-27,South,Store_10,Groceries,28.08,2,0.0,56.16,56.16,39.84,16.32,Bank Transfer,VIP,16.0,Male,2.4,3.0
ORD104438,2023-09-09,South,Store_15,Clothing,82.96,1,0.0,82.96,82.96,58.06,24.9,Credit Card,New,28.0,Male,3.7,5.0
ORD102597,2024-06-11,East,Store_11,Groceries,10.71,4,10.0,51.41,46.27,24.11,22.16,Cash,VIP,24.0,Female,,0.0
ORD101410,2023-02-14,South,Store_17,Groceries,22.85,1,0.0,22.85,22.85,16.31,6.54,Mobile Wallet,VIP,20.0,Male,3.3,7.0
ORD101214,2023-02-24,South,Store_17,Groceries,21.75,1,0.0,21.75,21.75,14.12,7.63,Mobile Wallet,New,30.0,Female,5.0,4.0
ORD100966,2024-03-15,West,Store_20,Groceries,28.68,1,0.0,28.68,28.68,16.87,11.81,Credit Card,Returning,48.0,Female,4.8,2.0
ORD101230,2024-08-22,central,Store_13,Clothing,183.53,1,0.0,183.53,183.53,93.3,90.23,Debit Card,Returning,49.0,Male,3.9,3.0
ORD104791,2024-12-24,North,Store_20,Electronics,554.04,4,20.0,3545.86,2836.69,1391.76,1444.93,Cash,Returning,43.0,Female,,3.0
ORD100605,2024-01-27,North,Store_11,Groceries,31.52,4,0.0,126.08,126.08,87.27,38.81,Credit Card,New,39.0,Male,3.5,0.0
ORD100104,2024-08-04,West,Store_15,Electronics,584.94,4,0.0,2339.76,2339.76,1726.16,613.6,Cash,Returning,35.0,Female,4.3,1.0
ORD100645,2023-08-28,South,Store_07,Sports,261.8,1,0.0,261.8,261.8,164.5,97.3,Debit Card,New,45.0,,4.2,5.0
ORD105500,2024-11-21,North,Store_16,Groceries,52.9,1,5.0,84.64,80.41,58.2,22.21,Mobile Wallet,New,28.0,Male,3.7,4.0
ORD104590,2024-05-21,North,Store_16,Groceries,48.79,1,0.0,48.79,48.79,22.47,26.32,Cash,Returning,,Female,,1.0
ORD103088,2023-06-18,South,Store_16,Beauty,149.1,2,0.0,357.84,357.84,229.2,128.64,Credit Card,Returning,44.0,Female,4.0,5.0
ORD101019,2023-03-26,West,Store_06,Clothing,64.76,1,15.0,64.76,55.05,30.79,24.26,Credit Card,Returning,17.0,Male,3.1,2.0
ORD100091,2024-08-10,North,Store_20,Clothing,140.48,3,0.0,421.44,421.44,272.94,148.5,Mobile Wallet,Returning,27.0,Female,5.0,
ORD105208,2023-12-25,North,Store_13,Home & Living,351.47,1,0.0,562.35,562.35,280.84,281.51,Bank Transfer,Returning,51.0,Female,5.0,2.0
ORD102870,2023-07-26,South,Store_19,Beauty,78.37,1,0.0,94.04,94.04,59.26,34.78,Cash,New,16.0,Female,3.4,3.0
ORD100908,2023-09-28,South,Store_03,Groceries,11.86,2,0.0,23.72,23.72,17.39,6.33,Bank Transfer,Returning,18.0,Other,4.3,6.0
ORD105570,2024-07-10,South,Store_20,Home & Living,228.4,1,0.0,274.08,274.08,190.65,83.43,Cash,Returning,49.0,Male,3.3,3.0
ORD102150,2023-08-28,South,Store_03,Home & Living,449.7,1,5.0,449.7,427.22,306.3,120.92,Mobile Wallet,VIP,28.0,Male,4.2,5.0
ORD100238,2023-08-14,South,Store_10,Electronics,240.46,1,5.0,240.46,228.44,114.89,113.55,Mobile Wallet,VIP,52.0,Female,4.5,5.0
ORD103140,2023-12-26,East,Store_01,Beauty,9.88,1,0.0,15.81,15.81,11.44,4.37,Bank Transfer,New,,Male,3.4,4.0
ORD100942,2024-10-29,North,Store_14,Groceries,43.04,1,0.0,43.04,43.04,27.65,15.39,Mobile Wallet,Returning,28.0,Male,3.6,1.0
ORD101270,2023-09-27,South,Store_19,Groceries,40.03,2,0.0,80.06,80.06,43.81,36.25,Debit Card,New,,Male,3.4,5.0
ORD100938,2023-12-04,South,Store_12,Electronics,123.62,1,0.0,197.79,197.79,138.21,59.58,Cash,Returning,54.0,Male,3.7,1.0
ORD105520,2023-11-15,West,Store_16,Electronics,81.32,3,0.0,390.34,390.34,270.54,119.8,Credit Card,Returning,49.0,Female,2.8,5.0
ORD103229,2024-09-01,South,Store_14,Electronics,322.02,1,5.0,322.02,305.92,209.27,96.65,Bank Transfer,Returning,33.0,Male,3.5,5.0
ORD103551,2024-01-17,Central,Store_11,Clothing,124.05,3,0.0,372.15,372.15,240.87,131.28,Mobile Wallet,New,55.0,Male,2.9,4.0
ORD101862,2024-09-10,East,Store_14,Home & Living,343.78,5,0.0,1718.9,1718.9,773.58,945.32,Mobile Wallet,VIP,43.0,Female,4.5,3.0
ORD101669,2024-06-13,East,Store_01,Groceries,22.92,2,0.0,55.01,55.01,37.08,17.93,Mobile Wallet,VIP,55.0,Male,3.1,
ORD100005,2024-09-18,Central,Store_02,Beauty,59.22,1,0.0,59.22,59.22,29.88,29.34,Bank Transfer,Returning,68.0,Female,4.7,3.0
ORD104343,2023-07-07,North,Store_08,Beauty,128.78,2,0.0,309.07,309.07,227.6,81.47,Credit Card,Returning,37.0,Female,3.5,4.0
ORD103943,2024-12-08,North,Store_04,Clothing,43.37,1,0.0,69.39,69.39,32.93,36.46,Bank Transfer,New,16.0,Female,5.0,3.0
ORD103013,2024-06-21,Central,Store_14,Clothing,90.41,1,0.0,108.49,108.49,65.42,43.07,Mobile Wallet,New,39.0,Female,3.4,3.0
ORD100018,2024-09-05,North,Store_06,Groceries,17.91,2,10.0,35.82,32.24,21.24,11.0,Mobile Wallet,Returning,41.0,Male,4.2,2.0
ORD101970,2024-08-27,South,Store_18,Groceries,17.34,4,0.0,69.36,69.36,32.09,37.27,Credit Card,Returning,37.0,Male,2.0,3.0
ORD102709,2024-09-30,North,Store_20,Electronics,73.79,-1,15.0,73.79,62.72,28.92,33.8,Bank Transfer,Returning,40.0,Male,4.3,8.0
ORD102232,2024-11-16,North,Store_18,Beauty,136.22,1,0.0,217.95,217.95,144.0,73.95,Debit Card,New,34.0,Male,3.8,4.0
ORD100811,2024-10-03,Central,Store_17,Sports,199.99,1,0.0,199.99,199.99,128.14,71.85,Debit Card,Returning,60.0,Female,4.5,2.0
ORD101300,2024-07-08,Central,Store_10,Groceries,53.65,2,0.0,128.76,128.76,75.33,53.43,Cash,New,35.0,Male,,6.0
ORD105431,2023-06-15,South,Store_15,Electronics,1136.63,1,0.0,1363.96,1363.96,773.83,590.13,Mobile Wallet,VIP,22.0,Female,4.7,2.0
ORD105933,2023-08-22,East,Store_17,Beauty,136.89,1,15.0,136.89,116.36,75.74,40.62,Mobile Wallet,Returning,27.0,Female,3.0,3.0
ORD100260,2024-08-02,West,Store_15,Electronics,561.79,1,0.0,561.79,561.79,268.96,292.83,Debit Card,VIP,40.0,Female,2.8,4.0
ORD101804,2023-04-04,West,Store_17,Sports,191.77,1,5.0,191.77,182.18,92.79,89.39,Debit Card,New,22.0,Female,3.8,6.0
ORD101570,2023-02-27,North,Store_16,Groceries,12.41,1,0.0,12.41,12.41,6.84,5.57,Credit Card,New,29.0,Male,3.6,2.0
ORD104280,2023-12-16,Central,Store_19,Groceries,40.37,1,0.0,64.59,64.59,32.72,31.87,Mobile Wallet,New,53.0,Male,5.0,2.0
ORD102454,2024-08-28,Central,Store_14,Home & Living,17.35,1,15.0,17.35,14.75,9.21,5.54,Mobile Wallet,New,40.0,Male,4.3,3.0
ORD101743,2023-01-17,West,Store_13,Home & Living,141.3,1,5.0,141.3,134.23,90.52,43.71,Cash,Returning,53.0,Male,4.5,3.0
ORD101630,2024-02-23,South,Store_05,Electronics,903.44,1,0.0,903.44,903.44,420.34,483.1,Credit Card,Returning,48.0,Female,3.8,2.0
ORD101716,2024-04-16,North,Store_03,Home & Living,474.39,1,0.0,474.39,474.39,229.1,245.29,Cash,Returning,55.0,Male,5.0,0.0
ORD100520,2023-09-19,Central,Store_03,Electronics,516.03,2,5.0,1032.06,980.46,465.46,515.0,Mobile Wallet,New,34.0,Female,3.7,7.0
ORD103937,2023-12-11,North,Store_12,Groceries,31.69,1,10.0,50.7,45.63,22.71,22.92,Bank Transfer,Returning,44.0,Female,3.1,2.0
ORD103482,2024-08-03,West,Store_02,Electronics,574.63,5,0.0,2873.15,2873.15,1721.38,1151.77,Cash,Returning,,Male,4.3,8.0
ORD101658,2024-09-04,South,Store_09,Electronics,236.95,1,0.0,236.95,236.95,175.18,61.77,Cash,New,36.0,Female,5.0,2.0
ORD103472,2024-06-20,East,Store_07,Groceries,23.06,3,5.0,83.02,78.87,50.1,28.77,Bank Transfer,New,24.0,Male,2.3,6.0
ORD105708,2024-01-27,South,Store_05,Sports,138.44,1,5.0,138.44,131.52,92.5,39.02,Mobile Wallet,New,43.0,Female,2.8,4.0
ORD102475,2023-11-05,East,Store_07,Groceries,29.41,1,25.0,47.06,35.29,16.28,19.01,Credit Card,New,29.0,Male,4.3,2.0
ORD103948,2024-12-09,North,Store_03,Home & Living,478.64,1,20.0,765.82,612.66,294.86,317.8,Cash,New,51.0,Male,2.8,5.0
ORD103934,2023-05-14,Central,Store_19,Clothing,135.34,1,0.0,135.34,135.34,65.85,69.49,Bank Transfer,VIP,16.0,Female,4.8,5.0
ORD103645,2024-01-21,Central,Store_05,Beauty,79.72,1,10.0,79.72,71.75,37.17,34.58,Credit Card,New,44.0,Female,3.5,4.0
ORD100763,2024-11-14,East,Store_03,Clothing,144.79,2,0.0,463.33,463.33,239.44,223.89,Cash,VIP,36.0,Male,4.1,3.0
ORD104703,2024-09-15,North,Store_05,Home & Living,87.2,1,0.0,87.2,87.2,49.87,37.33,Mobile Wallet,New,46.0,Female,3.9,3.0
ORD104326,2024-09-12,Central,Store_14,Clothing,48.99,2,0.0,97.98,97.98,63.74,34.24,Mobile Wallet,Returning,49.0,Female,2.9,2.0
ORD104427,2023-12-19,South,Store_03,Beauty,95.21,1,0.0,152.34,152.34,108.83,43.51,Cash,Returning,32.0,Female,2.4,1.0
ORD105536,2023-02-10,East,Store_14,Clothing,166.51,2,0.0,333.02,333.02,228.06,104.96,Mobile Wallet,Returning,46.0,Female,2.6,2.0
ORD101091,2023-11-24,North,Store_11,Home & Living,153.31,3,15.0,735.89,625.51,420.25,205.26,Cash,Returning,23.0,Other,3.4,4.0
ORD103608,2024-03-26,South,Store_07,Sports,274.32,1,5.0,274.32,260.6,126.36,134.24,Cash,New,36.0,Female,3.0,1.0
ORD101101,2023-12-09,East,Store_12,Groceries,25.55,1,5.0,40.88,38.84,22.56,16.28,Cash,VIP,46.0,Other,4.0,3.0
ORD105225,2023-12-26,South,Store_10,Beauty,95.78,1,0.0,153.25,153.25,89.94,63.31,Debit Card,Returning,33.0,Male,5.0,0.0
ORD104557,2024-09-20,Central,Store_10,Electronics,354.03,1,0.0,354.03,354.03,262.42,91.61,Debit Card,New,47.0,Female,3.8,4.0
ORD100958,2024-12-10,South,Store_07,Groceries,30.12,1,5.0,48.19,45.78,21.63,24.15,Cash,Returning,52.0,Female,3.6,3.0
ORD105758,2024-01-28,East,Store_07,Groceries,37.39,2,0.0,74.78,74.78,33.94,40.84,Credit Card,Returning,21.0,Female,2.8,1.0
ORD100559,2024-09-13,West,Store_08,Groceries,53.19,1,5.0,53.19,50.53,27.16,23.37,Mobile Wallet,New,28.0,Male,3.4,
ORD101519,2023-12-03,West,Store_08,Clothing,17.06,1,15.0,27.3,23.21,15.29,7.92,Mobile Wallet,Returning,25.0,Female,3.0,3.0
ORD105931,2024-02-01,West,Store_19,Electronics,115.0,1,0.0,115.0,115.0,71.6,43.4,Bank Transfer,Returning,17.0,Female,4.5,3.0
ORD102484,2023-09-08,West,Store_02,Groceries,30.56,1,0.0,30.56,30.56,14.63,15.93,Cash,VIP,64.0,Male,4.5,0.0
ORD100366,2023-12-09,South,Store_09,Beauty,98.94,2,0.0,316.61,316.61,143.39,173.22,Bank Transfer,VIP,34.0,Female,5.0,2.0
ORD103901,2024-11-25,Central,Store_08,Home & Living,337.43,1,0.0,539.89,539.89,331.53,208.36,Debit Card,Returning,37.0,Male,3.1,8.0
ORD101948,2023-01-02,Central,Store_20,Home & Living,159.06,2,0.0,318.12,318.12,175.88,142.24,Mobile Wallet,Returning,34.0,Male,2.7,4.0
ORD104165,2024-05-11,West,Store_13,Groceries,45.31,2,0.0,90.62,90.62,59.5,31.12,Credit Card,New,53.0,Female,3.3,3.0
ORD101572,2024-06-19,East,Store_02,Home & Living,24.39,4,0.0,117.07,117.07,64.5,52.57,Debit Card,New,75.0,Male,3.9,2.0
ORD100808,2023-10-13,West,Store_05,Groceries,9.44,1,0.0,9.44,9.44,5.96,3.48,Credit Card,Returning,35.0,Male,3.1,3.0
ORD103232,2024-05-08,Central,,Electronics,599.46,1,20.0,599.46,479.57,297.24,182.33,Debit Card,New,24.0,Male,3.6,3.0
ORD103946,2023-01-18,West,Store_19,Electronics,322.49,1,0.0,322.49,322.49,164.71,157.78,Credit Card,New,53.0,Male,4.0,3.0
ORD100011,2024-12-13,North,Store_06,Home & Living,423.88,1,10.0,678.21,610.39,343.63,266.76,Bank Transfer,Returning,41.0,Female,4.4,8.0
ORD102025,2023-12-12,Central,Store_02,Groceries,50.79,1,0.0,81.26,81.26,51.45,29.81,Cash,New,65.0,Male,4.0,0.0
ORD105013,2024-11-17,Central,Store_18,Groceries,57.8,1,5.0,92.48,87.86,47.73,40.13,Mobile Wallet,VIP,36.0,Female,4.4,6.0
ORD105547,2023-02-05,South,Store_15,Clothing,39.46,2,0.0,78.92,78.92,38.87,40.05,Cash,Returning,44.0,Female,4.0,0.0
ORD100176,2024-06-07,Central,Store_20,Groceries,14.4,3,25.0,51.84,38.88,20.99,17.89,Cash,New,48.0,Male,2.9,1.0
ORD105090,2024-10-09,South,Store_01,Clothing,136.03,1,10.0,136.03,122.43,59.34,63.09,Mobile Wallet,VIP,31.0,Female,2.5,3.0
ORD102488,2024-01-19,North,Store_08,Electronics,946.07,1,10.0,946.07,851.46,387.52,463.94,Cash,New,42.0,Male,2.6,3.0
ORD103886,2023-03-02,Central,Store_11,Clothing,126.2,1,0.0,126.2,126.2,59.73,66.47,Mobile Wallet,Returning,64.0,Other,5.0,3.0
ORD102569,2024-11-07,South,Store_07,Electronics,771.53,1,0.0,1234.45,1234.45,871.8,362.65,Debit Card,Returning,44.0,Female,5.0,2.0
ORD103520,2024-08-25,West,Store_19,Groceries,14.33,1,0.0,14.33,14.33,9.37,4.96,Bank Transfer,Returning,42.0,Other,5.0,4.0
ORD103760,2023-05-08,East,Store_06,Sports,38.47,1,15.0,38.47,32.7,19.74,12.96,Bank Transfer,Returning,18.0,Male,3.4,5.0
ORD105351,2024-01-01,North,Store_06,Groceries,41.8,1,0.0,41.8,41.8,24.96,16.84,Cash,New,17.0,Female,4.1,5.0
ORD103282,2024-12-08,South,Store_08,Groceries,57.94,1,0.0,92.7,92.7,42.5,50.2,Credit Card,New,26.0,Other,3.1,5.0
ORD101664,2024-01-19,South,Store_09,Clothing,14.54,1,0.0,14.54,14.54,6.79,7.75,Credit Card,VIP,32.0,Female,2.8,6.0
ORD102191,2023-10-27,West,Store_07,Electronics,999.78,5,10.0,4998.9,4499.01,2211.34,2287.67,Bank Transfer,New,34.0,Other,3.5,4.0
ORD101868,2023-01-23,West,Store_04,Groceries,21.86,1,0.0,21.86,21.86,9.9,11.96,Debit Card,New,29.0,Female,3.8,6.0
ORD103370,2024-12-21,East,Store_16,Electronics,1192.42,1,0.0,1907.87,1907.87,1030.84,877.03,Debit Card,New,25.0,Male,4.5,3.0
ORD102660,2023-11-14,West,Store_07,Electronics,1195.23,1,0.0,1912.37,1912.37,1312.27,600.1,Debit Card,New,64.0,Female,3.4,5.0
ORD104252,2024-12-16,West,Store_16,Clothing,176.11,3,15.0,845.33,718.53,407.92,310.61,Mobile Wallet,VIP,23.0,Male,4.4,4.0
ORD103578,2024-10-05,South,Store_10,Clothing,28.84,1,0.0,28.84,28.84,17.21,11.63,Credit Card,Returning,38.0,Female,4.4,3.0
ORD105556,2023-03-16,South,Store_03,Electronics,557.68,1,10.0,557.68,501.91,299.33,202.58,Mobile Wallet,New,16.0,Female,3.7,2.0
ORD102046,2023-11-27,Central,Store_16,Groceries,48.83,4,0.0,312.51,312.51,220.25,92.26,Mobile Wallet,New,49.0,Female,3.9,2.0
ORD102624,2024-11-03,South,Store_04,Clothing,37.58,1,,60.13,60.13,35.05,25.08,Mobile Wallet,Returning,,Female,2.8,3.0
ORD103410,2023-02-21,South,Store_08,Electronics,1139.48,4,25.0,4557.92,3418.44,1828.54,1589.9,Cash,Returning,40.0,Male,3.9,2.0
ORD101185,2023-08-13,North,Store_05,Electronics,1094.95,1,,1094.95,930.71,620.01,310.7,Mobile Wallet,VIP,52.0,Male,3.9,8.0
ORD101006,2024-09-12,North,Store_18,Beauty,36.08,1,10.0,36.08,32.47,17.72,14.75,Debit Card,Returning,54.0,Male,3.9,3.0
ORD103569,2023-06-29,South,Store_04,Home & Living,485.93,2,,1166.23,1166.23,756.59,409.64,Cash,Returning,16.0,Male,2.8,3.0
ORD103737,2024-01-21,West,Store_03,Groceries,21.85,1,0.0,21.85,21.85,16.33,5.52,Bank Transfer,Returning,25.0,Female,4.9,2.0
ORD104656,2023-04-08,Central,Store_05,Clothing,171.99,2,10.0,343.98,309.58,184.2,125.38,Debit Card,VIP,27.0,Female,3.7,1.0
ORD105006,2023-12-30,Central,Store_07,Home & Living,433.73,3,10.0,2081.9,1873.71,1216.57,657.14,Mobile Wallet,Returning,43.0,Female,3.9,5.0
ORD105407,2024-08-15,Central,Store_14,Groceries,30.15,1,0.0,30.15,30.15,16.97,13.18,Credit Card,New,38.0,Male,4.0,2.0
ORD102049,2024-04-26,North,Store_08,Beauty,56.57,1,0.0,56.57,56.57,28.4,28.17,Credit Card,Returning,23.0,Male,4.0,4.0
ORD104011,2024-10-08,Central,Store_07,Clothing,101.56,2,15.0,203.12,172.65,90.93,81.72,Credit Card,New,35.0,Male,3.5,2.0
ORD100269,2024-03-07,Central,Store_20,Sports,188.71,1,10.0,188.71,169.84,86.86,82.98,Mobile Wallet,New,30.0,Female,5.0,4.0
ORD101993,2024-04-11,South,Store_15,Home & Living,390.73,3,0.0,1172.19,1172.19,868.03,304.16,Debit Card,New,35.0,Male,5.0,5.0
ORD100265,2024-02-29,South,Store_19,Sports,156.72,1,0.0,156.72,156.72,79.27,77.45,Credit Card,VIP,31.0,Male,3.1,3.0
ORD100914,2024-03-08,west,Store_03,Groceries,59.59,3,0.0,178.77,178.77,82.98,95.79,Debit Card,New,46.0,Female,,2.0
ORD102278,2023-09-27,West,Store_17,Electronics,895.6,2,0.0,1791.2,1791.2,1014.03,777.17,Mobile Wallet,Returning,34.0,Male,4.1,2.0
ORD102231,2023-02-20,Central,Store_04,Groceries,55.08,1,5.0,55.08,52.33,35.95,16.38,Cash,New,48.0,Male,4.1,4.0
ORD100290,2024-08-12,North,Store_07,Home & Living,86.99,1,10.0,86.99,78.29,38.74,39.55,Debit Card,VIP,,Male,5.0,2.0
ORD102912,2023-12-11,West,Store_08,Home & Living,424.12,2,0.0,1357.18,1357.18,878.65,478.53,Bank Transfer,New,35.0,Female,4.1,7.0
ORD104969,2024-08-18,South,Store_15,Home & Living,57.21,1,0.0,57.21,57.21,37.48,19.73,Debit Card,New,22.0,Female,5.0,2.0
ORD102093,2023-05-25,North,Store_07,Home & Living,345.55,1,5.0,345.55,328.27,233.12,95.15,Debit Card,New,23.0,Male,5.0,5.0
ORD104571,2023-03-10,North,Store_07,Groceries,2.45,1,5.0,2.45,2.33,1.72,0.61,Debit Card,New,26.0,Female,5.0,2.0
ORD101652,2023-02-07,North,Store_15,Clothing,19.84,1,0.0,19.84,19.84,11.05,8.79,Cash,New,29.0,Male,4.0,
ORD104141,2024-09-19,West,Store_02,Groceries,6.13,1,0.0,6.13,6.13,3.0,3.13,Bank Transfer,Returning,45.0,Female,3.9,6.0
ORD104257,2023-03-07,West,Store_16,Clothing,86.3,1,0.0,86.3,86.3,43.0,43.3,Mobile Wallet,VIP,18.0,Male,3.7,3.0
ORD103039,2023-05-25,Central,Store_10,Home & Living,332.07,5,0.0,1660.35,1660.35,1142.04,518.31,Debit Card,New,47.0,Other,1.9,4.0
ORD102677,2024-10-03,South,Store_15,Groceries,24.97,3,15.0,74.91,63.67,37.9,25.77,Credit Card,Returning,52.0,Male,3.7,1.0
ORD100288,2024-01-31,Central,Store_02,Groceries,40.23,1,25.0,40.23,30.17,15.94,14.23,Credit Card,Returning,32.0,Female,4.9,4.0
ORD103107,2023-09-27,South,Store_04,Clothing,77.83,2,0.0,155.66,155.66,79.6,76.06,Credit Card,New,26.0,Female,,3.0
ORD103101,2023-04-06,North,Store_06,Clothing,42.42,1,,42.42,42.42,31.63,10.79,Bank Transfer,New,,Female,4.7,3.0
ORD100575,2023-09-30,South,Store_16,Beauty,75.54,2,0.0,151.08,151.08,101.73,49.35,Cash,New,35.0,Other,5.0,1.0
ORD100850,2024-12-16,South,Store_06,Sports,163.64,4,0.0,1047.3,1047.3,648.58,398.72,Bank Transfer,Returning,22.0,,4.0,0.0
ORD103883,2023-11-29,Central,Store_04,Clothing,14.04,1,25.0,22.46,16.84,11.31,5.53,Bank Transfer,Returning,52.0,Male,,5.0
ORD105007,2024-08-28,East,Store_11,Home & Living,347.49,1,0.0,347.49,347.49,258.05,89.44,Bank Transfer,VIP,36.0,Male,3.3,5.0
ORD105350,2023-06-15,South,Store_12,Groceries,11.66,1,0.0,13.99,13.99,7.46,6.53,Cash,Returning,45.0,Male,2.8,5.0
ORD101722,2024-04-21,North,Store_03,Groceries,6.63,4,0.0,26.52,253.98235548913908,18.28,95.53307519254253,Mobile Wallet,New,41.0,Female,5.0,3.0
ORD105831,2023-04-24,Central,Store_17,Groceries,3.98,1,0.0,3.98,3.98,2.33,1.65,Credit Card,Returning,26.0,Female,2.8,3.0
ORD105028,2024-05-27,East,Store_13,Groceries,52.93,1,10.0,52.93,47.64,30.19,17.45,Debit Card,New,47.0,Female,3.7,9.0
ORD103949,2023-05-08,West,Store_03,Home & Living,176.89,1,25.0,176.89,132.67,94.54,38.13,Bank Transfer,New,68.0,Other,3.7,5.0
ORD101100,2023-12-17,South,Store_16,Home & Living,239.59,1,0.0,383.34,383.34,230.08,153.26,Cash,New,40.0,Other,,3.0
ORD101207,2024-06-10,East,Store_03,Electronics,1176.51,1,0.0,1411.81,1411.81,706.9,704.91,Credit Card,Returning,16.0,Female,5.0,3.0
ORD101843,2024-09-09,Central,Store_15,Home & Living,470.26,1,10.0,470.26,423.23,314.07,109.16,Debit Card,Returning,57.0,Male,2.2,5.0
ORD101848,2024-01-16,Central,Store_10,Home & Living,44.75,2,5.0,89.5,85.02,45.33,39.69,Cash,VIP,37.0,Male,3.9,3.0
ORD102524,2023-02-15,South,Store_05,Electronics,395.09,1,0.0,395.09,395.09,226.84,168.25,Bank Transfer,New,,Male,4.3,6.0
ORD103947,2023-09-27,North,Store_18,Groceries,4.92,1,0.0,4.92,4.92,3.47,1.45,Cash,Returning,54.0,Male,5.0,6.0
ORD101694,2023-04-27,North,,Beauty,72.05,2,10.0,144.1,129.69,81.16,48.53,Credit Card,New,29.0,Male,3.6,3.0
ORD104181,2023-09-21,South,Store_18,Groceries,24.8,1,0.0,24.8,24.8,15.32,9.48,Bank Transfer,New,37.0,Male,5.0,8.0
ORD104565,2023-09-05,East,Store_06,Clothing,167.37,3,0.0,502.11,4318.514730896215,333.62,1689.649118560855,Cash,VIP,40.0,Female,5.0,2.0
ORD103960,2024-11-22,North,Store_11,Home & Living,220.1,2,0.0,704.32,704.32,421.57,282.75,Mobile Wallet,New,,Male,3.8,8.0
ORD100233,2024-07-07,Central,Store_10,Home & Living,268.96,2,0.0,645.5,645.5,329.57,315.93,Mobile Wallet,New,62.0,Male,3.7,2.0
ORD103332,2023-07-01,South,Store_15,Home & Living,451.52,2,5.0,1083.65,1029.47,637.18,392.29,Bank Transfer,Returning,49.0,Male,4.1,1.0
ORD105781,2023-04-17,Central,Store_18,Electronics,168.43,1,0.0,168.43,168.43,96.04,72.39,Cash,VIP,39.0,Female,2.9,4.0
ORD102647,2024-07-28,West,Store_03,Groceries,12.46,1,0.0,14.95,14.95,8.24,6.71,Cash,VIP,20.0,Female,,3.0
ORD104041,2024-04-20,South,Store_12,Electronics,922.38,5,0.0,4611.9,4611.9,2770.93,1840.97,Credit Card,Returning,40.0,Male,5.0,5.0
ORD101711,2023-12-09,South,Store_09,Clothing,137.9,2,0.0,441.28,441.28,223.97,217.31,Mobile Wallet,New,54.0,Other,4.7,4.0
ORD100182,2023-12-30,Central,Store_04,Clothing,58.89,1,0.0,94.22,94.22,55.38,38.84,Credit Card,New,29.0,Male,4.1,3.0
ORD105084,2024-01-15,West,Store_12,Groceries,22.04,1,5.0,22.04,20.94,11.67,9.27,Debit Card,Returning,46.0,Female,5.0,5.0
ORD105096,2024-03-25,East,Store_11,Beauty,39.25,1,0.0,39.25,39.25,26.19,13.06,Cash,Returning,38.0,Other,3.6,0.0
ORD105737,2024-11-10,South,Store_03,Sports,124.95,3,0.0,599.76,599.76,372.47,227.29,Credit Card,New,53.0,Male,3.9,3.0
ORD105452,2024-09-07,West,Store_02,Beauty,97.49,1,0.0,97.49,97.49,59.66,37.83,Cash,Returning,32.0,Female,3.8,2.0
ORD101462,2023-02-04,West,Store_05,Groceries,16.08,3,10.0,48.24,43.42,32.45,10.97,Credit Card,VIP,48.0,Male,3.0,4.0
ORD100049,2024-07-22,North,Store_01,Electronics,101.06,5,15.0,606.36,515.41,368.44,146.97,Cash,New,42.0,Female,,4.0
ORD105940,2023-07-06,North,Store_03,Groceries,4.96,1,0.0,5.95,5.95,3.69,2.26,Debit Card,Returning,44.0,Other,5.0,4.0
ORD105354,2024-07-26,North,,Electronics,1159.2,1,0.0,1391.04,1391.04,679.06,711.98,Debit Card,Returning,16.0,Male,4.5,5.0
ORD104582,2023-05-01,West,Store_18,Home & Living,422.9,1,15.0,422.9,359.47,182.22,177.25,Credit Card,Returning,45.0,Female,5.0,2.0
ORD102239,2024-10-07,Central,Store_09,Clothing,79.76,2,5.0,159.52,151.54,96.75,54.79,Credit Card,VIP,63.0,Male,3.4,6.0
ORD100106,2024-07-23,Central,Store_19,Electronics,458.67,1,0.0,550.4,550.4,395.73,154.67,Mobile Wallet,New,43.0,Male,3.7,2.0
ORD100443,2023-12-23,South,Store_07,Electronics,1086.16,1,0.0,1737.86,1737.86,1070.69,667.17,Credit Card,Returning,66.0,Female,5.0,3.0
ORD101954,2024-12-09,East,Store_11,Clothing,140.62,5,0.0,1124.96,1124.96,513.94,611.02,Debit Card,New,34.0,Female,2.7,2.0
ORD104742,2023-11-09,South,Store_20,Electronics,371.49,1,5.0,594.38,564.66,376.36,188.3,Debit Card,Returning,63.0,Female,4.2,4.0
ORD105858,2023-09-07,West,Store_07,Groceries,24.29,1,5.0,24.29,23.08,13.48,9.6,Bank Transfer,Returning,37.0,Female,,0.0
ORD100726,2024-06-10,East,Store_01,Groceries,3.48,1,0.0,4.18,4.18,2.33,1.85,Mobile Wallet,Returning,30.0,Male,4.7,4.0
ORD102238,2023-12-14,East,Store_05,Sports,218.79,1,0.0,350.06,350.06,248.66,101.4,Credit Card,VIP,30.0,Male,2.6,1.0
ORD102330,2023-02-17,North,Store_20,Groceries,2.97,4,0.0,11.88,11.88,7.39,4.49,Cash,Returning,38.0,Female,2.6,5.0
ORD104125,2024-01-03,Central,Store_14,Home & Living,348.84,2,0.0,697.68,697.68,334.62,363.06,Credit Card,VIP,40.0,Female,5.0,6.0
ORD100169,2023-01-17,South,Store_18,Groceries,25.08,1,25.0,25.08,18.81,9.76,9.05,Cash,Returning,53.0,Male,4.3,6.0
ORD101001,2024-06-21,East,Store_05,Groceries,48.13,1,20.0,57.76,46.21,30.66,15.55,Debit Card,Returning,59.0,Male,3.3,8.0
ORD103252,2023-04-25,South,Store_04,Clothing,48.9,1,20.0,48.9,39.12,27.64,11.48,Credit Card,VIP,37.0,Male,4.0,3.0
ORD102148,2024-09-10,West,Store_04,Groceries,3.64,1,0.0,3.64,3.64,2.29,1.35,Mobile Wallet,Returning,28.0,Male,2.9,4.0
ORD100197,2023-03-28,North,Store_09,Beauty,36.77,2,10.0,73.54,66.19,33.54,32.65,Cash,VIP,18.0,Female,4.2,5.0
ORD104591,2023-01-29,North,Store_18,Clothing,79.78,3,0.0,239.34,239.34,127.87,111.47,Debit Card,New,27.0,Male,5.0,4.0
ORD103793,2024-04-23,South,Store_14,Sports,89.71,1,0.0,89.71,89.71,54.08,35.63,Credit Card,New,18.0,Female,4.9,
ORD100647,2024-01-26,West,Store_10,Electronics,544.54,1,5.0,544.54,4834.545737104437,339.97,1973.670735522966,Credit Card,New,32.0,Female,5.0,5.0
ORD103035,2024-11-28,South,Store_13,Clothing,72.23,1,0.0,115.57,115.57,66.08,49.49,Bank Transfer,New,39.0,Other,4.1,5.0
ORD104140,2024-06-14,East,Store_06,Groceries,6.82,1,0.0,8.18,8.18,5.71,2.47,Cash,Returning,25.0,Male,3.3,5.0
ORD103733,2024-11-12,South,Store_01,Clothing,81.99,1,0.0,131.18,131.18,75.42,55.76,Cash,New,20.0,Male,4.0,2.0
ORD102758,2023-09-20,North,Store_01,Groceries,29.77,1,5.0,29.77,28.28,14.48,13.8,Credit Card,VIP,45.0,Female,4.1,3.0
ORD100373,2023-09-30,North,Store_03,Beauty,102.5,1,0.0,102.5,102.5,47.94,54.56,Debit Card,Returning,,Female,3.1,3.0
ORD104774,2023-07-16,South,Store_02,Groceries,43.2,3,5.0,155.52,147.74,93.55,54.19,Bank Transfer,New,51.0,Female,3.8,1.0
ORD100566,2023-06-16,West,Store_13,Clothing,49.91,1,10.0,59.89,53.9,30.56,23.34,Debit Card,New,38.0,Male,4.4,3.0
ORD103720,2024-04-11,East,Store_14,Groceries,18.6,2,0.0,37.2,37.2,21.08,16.12,Mobile Wallet,Returning,25.0,Male,3.8,2.0
ORD102895,2024-01-28,East,Store_16,Groceries,12.72,3,10.0,38.16,34.34,21.09,13.25,Bank Transfer,VIP,49.0,Male,1.9,6.0
ORD104556,2023-04-24,Central,Store_10,Groceries,3.7,1,0.0,3.7,3.7,2.72,0.98,Mobile Wallet,Returning,45.0,Female,2.8,9.0
ORD103485,2023-01-20,North,Store_05,Home & Living,39.27,1,0.0,39.27,39.27,24.7,14.57,Cash,New,41.0,Female,3.7,2.0
ORD101155,2024-03-04,East,Store_06,Electronics,1054.82,2,25.0,2109.64,1582.23,1114.64,467.59,Mobile Wallet,New,38.0,Female,,4.0
ORD104135,2024-12-09,West,Store_07,Beauty,137.32,1,10.0,219.71,197.74,134.18,63.56,Mobile Wallet,New,36.0,Male,2.7,3.0
ORD100973,2023-12-13,East,Store_03,Beauty,139.48,2,0.0,446.34,446.34,319.63,126.71,Cash,New,44.0,Male,4.6,4.0
ORD103287,2023-05-27,South,Store_01,Clothing,64.02,3,0.0,192.06,192.06,92.58,99.48,Mobile Wallet,Returning,40.0,Male,3.7,2.0
ORD103627,2023-06-23,South,Store_13,Groceries,4.4,1,0.0,5.28,5.28,2.58,2.7,Credit Card,Returning,47.0,Male,4.2,7.0
ORD103638,2023-03-02,Central,Store_17,Groceries,31.62,1,0.0,31.62,31.62,22.73,8.89,Debit Card,New,16.0,Male,3.8,4.0
ORD105882,2024-08-31,Central,Store_07,Sports,259.02,1,0.0,259.02,259.02,137.02,122.0,Cash,Returning,20.0,Female,5.0,3.0
ORD105594,2024-09-12,East,Store_18,Electronics,684.41,1,5.0,684.41,650.19,447.9,202.29,Debit Card,Returning,31.0,Female,4.2,4.0
ORD101835,2023-04-11,North,Store_10,Home & Living,313.64,1,0.0,313.64,313.64,152.25,161.39,Cash,Returning,40.0,Male,5.0,1.0
ORD102308,2023-08-13,North,Store_11,Groceries,34.34,1,5.0,34.34,32.62,21.1,11.52,Cash,VIP,39.0,Male,4.2,0.0
ORD101840,2023-11-07,South,Store_13,Groceries,42.49,2,0.0,135.97,135.97,98.23,37.74,Mobile Wallet,Returning,61.0,Male,3.1,
ORD104923,2024-05-10,North,Store_08,Groceries,38.32,2,5.0,76.64,72.81,41.99,30.82,Cash,VIP,47.0,Female,3.5,
ORD102044,2023-07-22,North,Store_19,Groceries,46.99,2,0.0,112.78,112.78,81.25,31.53,Bank Transfer,Returning,18.0,Female,4.1,4.0
ORD104405,2024-10-15,North,Store_10,Electronics,1163.39,4,10.0,4653.56,4188.2,2104.03,2084.17,Debit Card,Returning,42.0,Female,2.5,0.0
ORD104372,2023-06-15,West,Store_15,Groceries,51.25,1,0.0,61.5,61.5,38.18,23.32,Bank Transfer,Returning,36.0,Female,5.0,3.0
ORD104732,2024-07-11,North,Store_11,Groceries,51.79,1,0.0,62.15,62.15,40.17,21.98,Bank Transfer,New,52.0,Male,2.1,7.0
ORD104750,2023-01-30,Central,Store_14,Groceries,32.33,1,5.0,32.33,30.71,20.84,9.87,Bank Transfer,New,34.0,Male,4.8,1.0
ORD104718,2023-10-20,South,Store_14,Groceries,56.13,2,0.0,112.26,112.26,64.87,47.39,Bank Transfer,New,16.0,Female,5.0,4.0
ORD105955,2024-06-02,North,Store_05,Sports,54.8,1,0.0,65.76,65.76,40.13,25.63,Credit Card,VIP,35.0,Female,2.9,4.0
ORD100844,2023-01-04,South,Store_15,Groceries,25.94,1,0.0,25.94,25.94,18.61,7.33,Cash,Returning,33.0,Female,3.6,5.0
ORD104489,2023-10-09,South,Store_02,Groceries,55.43,2,0.0,110.86,110.86,59.33,51.53,Debit Card,Returning,38.0,Male,4.2,5.0
ORD102155,2023-12-24,East,Store_18,Beauty,57.44,1,0.0,91.9,91.9,51.36,40.54,Cash,VIP,36.0,Male,4.3,5.0
ORD100349,2023-05-01,North,Store_13,Clothing,29.96,1,0.0,29.96,29.96,15.21,14.75,Debit Card,Returning,60.0,Female,4.5,7.0
ORD100784,2023-12-16,East,Store_18,Clothing,118.03,4,0.0,755.39,755.39,534.85,220.54,Mobile Wallet,New,43.0,Male,3.3,5.0
ORD100047,2024-10-13,South,Store_15,Groceries,46.19,1,0.0,46.19,46.19,26.96,19.23,Mobile Wallet,New,34.0,Female,4.2,6.0
ORD103651,2023-02-22,South,Store_04,Electronics,658.3,3,5.0,1974.9,1876.15,1050.84,825.31,Mobile Wallet,VIP,43.0,Male,5.0,4.0
ORD105751,2023-06-08,North,Store_18,Home & Living,148.1,1,0.0,177.72,177.72,106.8,70.92,Cash,VIP,31.0,Female,3.3,3.0
ORD104498,2023-06-28,North,Store_02,Groceries,20.54,4,0.0,98.59,98.59,59.33,39.26,Mobile Wallet,Returning,40.0,Female,4.2,0.0
ORD104018,2023-05-17,East,Store_05,Electronics,620.1,1,0.0,620.1,620.1,442.63,177.47,Mobile Wallet,Returning,38.0,Male,3.8,1.0
ORD105203,2024-05-02,South,Store_15,Sports,143.16,2,0.0,286.32,286.32,196.69,89.63,Bank Transfer,Returning,,Male,5.0,5.0
ORD105250,2023-04-19,North,Store_14,Home & Living,406.49,1,5.0,406.49,386.17,267.3,118.87,Credit Card,VIP,21.0,Female,4.4,6.0
ORD101439,2024-11-28,Central,Store_13,Sports,18.91,1,0.0,30.26,30.26,18.52,11.74,Bank Transfer,New,43.0,Other,4.3,9.0
ORD105085,2023-09-05,South,Store_18,Home & Living,204.19,1,10.0,204.19,183.77,85.75,98.02,Debit Card,New,40.0,Female,3.4,1.0
ORD101865,2023-10-23,South,Store_03,Beauty,88.63,1,0.0,88.63,88.63,46.29,42.34,Debit Card,Returning,23.0,Male,3.5,3.0
ORD105406,2024-06-17,North,Store_10,Groceries,26.09,1,0.0,31.31,31.31,21.35,9.96,Debit Card,New,29.0,Male,4.8,3.0
ORD103195,2023-05-09,South,Store_16,Home & Living,168.53,1,20.0,168.53,134.82,70.36,64.46,Cash,Returning,23.0,Female,3.5,5.0
ORD100033,2024-02-09,South,Store_18,Clothing,23.08,2,0.0,46.16,46.16,33.33,12.83,Cash,New,38.0,Female,3.4,3.0
ORD100787,2024-05-15,South,Store_18,Groceries,42.73,1,5.0,42.73,40.59,24.51,16.08,Cash,VIP,32.0,Male,3.2,2.0
ORD105139,2024-12-27,East,Store_11,Sports,190.71,5,0.0,1525.68,1525.68,974.51,551.17,Mobile Wallet,VIP,49.0,Male,3.9,5.0
ORD104577,2023-05-26,Central,Store_08,Home & Living,306.57,2,15.0,613.14,521.17,338.35,182.82,Credit Card,Returning,39.0,Male,4.3,1.0
ORD105339,2023-12-08,North,Store_12,Clothing,37.65,2,0.0,120.48,120.48,72.12,48.36,Debit Card,New,27.0,Female,3.9,0.0
ORD102627,2023-01-04,Central,Store_11,Beauty,126.63,2,0.0,253.26,253.26,127.8,125.46,Credit Card,Returning,50.0,Male,,2.0
ORD100931,2024-05-25,South,Store_14,Groceries,44.86,1,5.0,44.86,42.62,19.37,23.25,Cash,VIP,45.0,Female,4.9,4.0
ORD102404,2023-10-08,East,Store_14,Groceries,27.78,1,0.0,27.78,27.78,12.99,14.79,Debit Card,Returning,29.0,Male,4.6,3.0
ORD101685,2024-01-15,West,Store_11,Clothing,107.14,1,0.0,107.14,107.14,78.97,28.17,Bank Transfer,Returning,29.0,Female,4.4,6.0
ORD101248,2023-08-26,South,Store_18,Clothing,192.51,2,20.0,385.02,308.02,153.54,154.48,Mobile Wallet,Returning,54.0,Male,4.3,4.0
ORD104855,2024-05-20,East,Store_03,Groceries,6.53,1,0.0,6.53,6.53,3.44,3.09,Cash,New,,Male,3.7,3.0
ORD100092,2024-09-06,Central,Store_20,Clothing,71.11,2,10.0,142.22,128.0,76.81,51.19,Debit Card,Returning,40.0,Other,4.3,1.0
ORD105271,2023-11-09,South,Store_08,Electronics,56.43,3,0.0,270.86,270.86,177.65,93.21,Credit Card,New,18.0,Other,3.5,0.0
ORD105511,2024-08-05,Central,Store_15,Clothing,91.87,1,10.0,91.87,82.68,41.85,40.83,Bank Transfer,Returning,66.0,Other,5.0,5.0
ORD105437,2023-01-09,South,Store_09,Beauty,12.91,2,0.0,25.82,25.82,11.83,13.99,Credit Card,New,42.0,Female,4.3,5.0
ORD105568,2023-08-18,South,Store_15,Groceries,39.55,2,0.0,79.1,79.1,56.51,22.59,Bank Transfer,Returning,52.0,Male,4.2,6.0
ORD102851,2023-10-13,North,Store_07,Home & Living,376.64,1,10.0,376.64,338.98,181.72,157.26,Bank Transfer,Returning,25.0,Male,3.3,2.0
ORD102793,2024-01-26,West,Store_20,Groceries,9.15,1,20.0,9.15,7.32,4.85,2.47,Bank Transfer,New,40.0,Female,3.7,
ORD105703,2023-11-11,West,Store_09,Beauty,43.76,1,0.0,70.02,70.02,51.63,18.39,Bank Transfer,New,36.0,Male,,5.0
ORD100764,2023-09-21,South,Store_02,Electronics,1104.9,3,5.0,3314.7,3148.96,1649.41,1499.55,Cash,VIP,18.0,Female,4.1,3.0
ORD102988,2024-10-21,West,Store_06,Electronics,134.98,1,5.0,134.98,128.23,67.2,61.03,Bank Transfer,New,30.0,Male,,1.0
ORD105469,2023-07-18,East,Store_20,Home & Living,279.34,2,5.0,670.42,636.9,476.45,160.45,Cash,Returning,,Female,4.7,2.0
ORD102448,2024-07-22,West,Store_15,Electronics,1052.94,1,20.0,1263.53,1010.82,469.17,541.65,Debit Card,Returning,34.0,,4.4,3.0
ORD101728,2023-11-21,South,Store_03,Sports,113.79,1,0.0,182.06,182.06,105.72,76.34,Mobile Wallet,New,55.0,Female,4.9,0.0
ORD100257,2023-03-17,North,Store_11,Beauty,126.1,1,20.0,126.1,100.88,75.05,25.83,Debit Card,New,37.0,Other,5.0,6.0
ORD105040,2023-09-14,West,Store_02,Clothing,77.46,2,0.0,154.92,154.92,71.02,83.9,Bank Transfer,New,50.0,Female,4.5,3.0
ORD101219,2023-11-18,Central,Store_04,Sports,297.3,1,0.0,475.68,475.68,225.33,250.35,Credit Card,Returning,41.0,Male,4.4,5.0
ORD101161,2023-12-31,West,,Electronics,102.43,2,0.0,327.78,327.78,148.88,178.9,Mobile Wallet,New,44.0,Female,3.8,6.0
ORD100772,2023-01-04,West,Store_03,Groceries,39.1,2,0.0,78.2,78.2,37.24,40.96,Mobile Wallet,Returning,16.0,Other,,4.0
ORD105582,2024-06-01,Central,Store_04,Electronics,111.11,1,0.0,133.33,133.33,61.9,71.43,Credit Card,New,25.0,Female,4.6,1.0
ORD100312,2023-03-28,North,Store_12,Groceries,24.91,1,0.0,24.91,24.91,16.61,8.3,Mobile Wallet,Returning,37.0,Male,4.1,7.0
ORD104386,2023-07-09,Central,Store_19,Beauty,103.9,2,15.0,249.36,211.96,150.72,61.24,Cash,Returning,18.0,Female,4.0,5.0
ORD104032,2023-07-16,North,Store_18,Sports,226.76,1,20.0,272.11,217.69,135.27,82.42,Bank Transfer,Returning,41.0,Male,3.1,4.0
ORD104859,2024-07-06,Central,Store_10,Groceries,56.02,1,5.0,67.22,63.86,33.49,30.37,Credit Card,New,40.0,Male,4.5,2.0
ORD102997,2023-09-11,West,Store_20,Clothing,145.29,1,0.0,145.29,145.29,99.95,45.34,Debit Card,New,28.0,Male,3.1,4.0
ORD104279,2024-09-08,Central,Store_17,Groceries,31.34,1,15.0,31.34,26.64,16.69,9.95,Mobile Wallet,Returning,60.0,Other,3.2,6.0
ORD101176,2023-08-20,West,Store_12,Electronics,802.22,1,0.0,802.22,802.22,568.98,233.24,Cash,VIP,34.0,Male,4.6,4.0
ORD103896,2024-01-24,West,Store_09,Groceries,31.36,2,0.0,62.72,62.72,42.19,20.53,Cash,Returning,37.0,Male,4.2,5.0
ORD101349,2024-03-10,North,Store_12,Groceries,53.17,2,,106.34,90.39,64.07,26.32,Credit Card,Returning,30.0,Female,,
ORD103775,2023-05-18,West,Store_16,Groceries,37.6,1,10.0,37.6,33.84,23.18,10.66,Debit Card,New,58.0,Female,3.7,3.0
ORD103116,2024-04-03,North,Store_13,Beauty,100.04,1,25.0,100.04,75.03,52.17,22.86,Cash,Returning,19.0,Male,3.9,2.0
ORD103516,2023-05-04,East,,Groceries,6.15,2,0.0,12.3,12.3,7.16,5.14,Mobile Wallet,New,30.0,Male,4.5,1.0
ORD102298,2023-06-12,South,Store_17,Groceries,13.67,1,0.0,16.4,16.4,9.67,6.73,Cash,VIP,36.0,Male,4.0,4.0
ORD102871,2024-12-13,South,Store_07,Clothing,10.36,1,0.0,16.58,16.58,11.08,5.5,Mobile Wallet,Returning,44.0,Male,4.0,2.0
ORD105195,2023-10-25,Central,Store_19,Home & Living,289.63,5,0.0,1448.15,1448.15,821.75,626.4,Bank Transfer,VIP,37.0,Male,3.2,
ORD100391,2023-05-11,South,Store_12,Groceries,49.75,1,5.0,49.75,47.26,27.51,19.75,Bank Transfer,VIP,41.0,Female,4.6,4.0
ORD102621,2023-10-14,South,Store_16,Home & Living,478.82,2,0.0,957.64,957.64,530.43,427.21,Credit Card,New,42.0,Female,3.4,4.0
ORD101456,2024-12-19,West,Store_15,Groceries,23.18,1,25.0,37.09,27.82,16.15,11.67,Cash,Returning,28.0,Female,,8.0
ORD101092,2024-09-07,South,Store_20,Electronics,366.86,1,25.0,366.86,275.14,188.27,86.87,Credit Card,New,58.0,Male,3.1,6.0
ORD103239,2023-01-29,West,Store_08,Groceries,50.8,1,0.0,50.8,50.8,37.87,12.93,Bank Transfer,Returning,39.0,Male,3.7,6.0
ORD105000,2023-05-25,West,Store_05,Clothing,69.41,1,0.0,69.41,69.41,33.6,35.81,Cash,VIP,44.0,Female,4.6,5.0
ORD102778,2023-10-11,East,Store_16,Groceries,23.3,1,5.0,23.3,22.13,16.58,5.55,Cash,Returning,34.0,Female,4.3,6.0
ORD104462,2024-03-05,West,Store_16,Groceries,11.11,2,0.0,22.22,22.22,10.86,11.36,Mobile Wallet,Returning,44.0,Male,3.2,0.0
ORD104441,2023-09-17,East,Store_06,Home & Living,340.68,1,0.0,340.68,340.68,233.75,106.93,Debit Card,VIP,51.0,Male,2.7,1.0
ORD103656,2024-01-11,East,Store_03,Sports,0.0,3,5.0,663.09,629.94,377.59,252.35,Credit Card,VIP,41.0,Female,4.4,3.0
ORD102583,2024-04-25,Central,Store_17,Clothing,93.54,1,5.0,93.54,88.86,57.82,31.04,Debit Card,VIP,27.0,Male,,2.0
ORD103257,2023-05-23,South,Store_07,Groceries,14.43,1,5.0,14.43,13.71,9.59,4.12,Bank Transfer,VIP,45.0,Male,3.7,5.0
ORD101372,2023-11-25,South,Store_07,Home & Living,319.93,1,0.0,511.89,511.89,263.54,248.35,Cash,New,32.0,Male,4.6,3.0
ORD105735,2024-02-11,East,Store_13,Groceries,54.94,1,5.0,54.94,52.19,28.3,23.89,Mobile Wallet,Returning,16.0,Male,5.0,
ORD100919,2024-04-09,South,Store_03,Groceries,46.59,1,0.0,46.59,46.59,30.71,15.88,Cash,New,52.0,Female,3.4,8.0
ORD104307,2024-08-06,South,Store_03,Clothing,149.23,1,15.0,149.23,126.85,89.51,37.34,Cash,Returning,33.0,Female,3.1,1.0
ORD105699,2023-10-02,North,Store_03,Electronics,655.65,1,0.0,655.65,655.65,455.05,200.6,Bank Transfer,Returning,38.0,Female,2.8,1.0
ORD102550,2024-04-22,Central,Store_02,Home & Living,153.74,1,25.0,153.74,115.3,55.97,59.33,Credit Card,VIP,41.0,Female,3.5,2.0
ORD100537,2023-03-26,East,Store_05,Electronics,234.91,1,0.0,234.91,234.91,174.56,60.35,Debit Card,Returning,16.0,Female,5.0,4.0
ORD101220,2024-04-19,West,Store_11,Clothing,44.12,2,0.0,88.24,88.24,63.14,25.1,Cash,Returning,43.0,Male,3.9,4.0
ORD104271,2024-01-24,East,Store_11,Groceries,43.78,1,5.0,43.78,41.59,20.12,21.47,Mobile Wallet,New,,Female,3.7,5.0
